:020000040800F2
:1000000000500020552A00084D29000855290008F5
:100010005D290008652900086D290008000000001E
:10002000000000000000000000000000752900082A
:1000300081290008000000008D2900089929000886
:100040009D2A00089D2A00089D2A00089D2A000874
:100050009D2A00089D2A00089D2A00089D2A000864
:100060009D2A00089D2A00089D2A00089D2A000854
:100070009D2A00089D2A00089D2A0008A52900083D
:100080009D2A00089D2A00089D2A00089D2A000834
:100090009D2A00089D2A00089D2A00089D2A000824
:1000A0009D2A00089D2A00089D2A00089D2A000814
:1000B000B92900089D2A00089D2A00089D2A0008E9
:1000C0009D2A00089D2A00089D2A00089D2A0008F4
:1000D0009D2A00089D2A00089D2A00089D2A0008E4
:1000E000CD2900089D2A00089D2A00080000000074
:1000F0000000000000000000000000000000000000
:0C01000000000000000000005FF808F1A3
:10010C0010B5054C237833B9044B13B10448AFF345
:10011C0000800123237010BD64000020000000004B
:10012C00187C000808B5034B1BB103490348AFF317
:10013C00008008BD0000000068000020187C00084A
:10014C0081F0004102E000BF83F0004330B54FEA7C
:10015C0041044FEA430594EA050F08BF90EA020FE9
:10016C001FBF54EA000C55EA020C7FEA645C7FEA7C
:10017C00655C00F0E2804FEA5454D4EB5555B8BF9F
:10018C006D420CDD2C4480EA020281EA030382EA10
:10019C00000083EA010180EA020281EA0303362DA2
:1001AC0088BF30BD11F0004F4FEA01314FF4801C75
:1001BC004CEA113102D0404261EB410113F0004F87
:1001CC004FEA03334CEA133302D0524263EB43033E
:1001DC0094EA050F00F0A780A4F10104D5F1200EDC
:1001EC000DDB02FA0EFC22FA05F2801841F1000137
:1001FC0003FA0EF2801843FA05F359410EE0A5F10B
:10020C0020050EF1200E012A03FA0EFC28BF4CF03B
:10021C00020C43FA05F3C01851EBE37101F00045F1
:10022C0007D54FF0000EDCF1000C7EEB00006EEBFE
:10023C000101B1F5801F1BD3B1F5001F0CD3490888
:10024C005FEA30004FEA3C0C04F101044FEA4452DF
:10025C0012F5800F80F09A80BCF1004F08BF5FEA66
:10026C00500C50F1000041EB045141EA050130BD46
:10027C005FEA4C0C404141EB0101013C28BFB1F558
:10028C00801FE9D291F0000F04BF01460020B1FAA3
:10029C0081F308BF2033A3F10B03B3F120020CDA76
:1002AC000C3208DD02F1140CC2F10C0201FA0CF054
:1002BC0021FA02F10CE002F11402D8BFC2F1200CB9
:1002CC0001FA02F120FA0CFCDCBF41EA0C0190406F
:1002DC00E41AA2BF01EB0451294330BD6FEA0404B8
:1002EC001F3C1CDA0C340EDC04F11404C4F12002A3
:1002FC0020FA04F001FA02F340EA030021FA04F3B5
:10030C0045EA030130BDC4F10C04C4F1200220FA0B
:10031C0002F001FA04F340EA0300294630BD21FA49
:10032C0004F0294630BD94F0000F83F4801306BF0F
:10033C0081F480110134013D4EE77FEA645C18BF03
:10034C007FEA655C29D094EA050F08BF90EA020F9A
:10035C0005D054EA000C04BF1946104630BD91EA92
:10036C00030F1EBF0021002030BD5FEA545C05D195
:10037C004000494128BF41F0004130BD14F58004D4
:10038C003CBF01F5801130BD01F0004545F0FE4148
:10039C0041F470014FF0000030BD7FEA645C1ABF7D
:1003AC00194610467FEA655C1CBF0B46024650EAB4
:1003BC00013406BF52EA033591EA030F41F40021E0
:1003CC0030BD00BF90F0000F04BF0021704730B566
:1003DC004FF4806404F132044FF000054FF000013B
:1003EC0050E700BF90F0000F04BF0021704730B5FC
:1003FC004FF4806404F1320410F0004548BF4042D1
:10040C004FF000013EE700BF42004FEAE2014FEA25
:10041C0031014FEA02701FBF12F07F4393F07F4F00
:10042C0081F06051704732F07F4208BF704793F003
:10043C007F4F04BF41F40021704730B54FF4607416
:10044C0001F0004521F000411CE700BF50EA010219
:10045C0008BF704730B54FF000050AE050EA0102C2
:10046C0008BF704730B511F0004502D5404261EB32
:10047C0041014FF4806404F132045FEA915C3FF473
:10048C00D8AE4FF003025FEADC0C18BF03325FEA10
:10049C00DC0C18BF033202EBDC02C2F1200300FAC1
:1004AC0003FC20FA02F001FA03FE40EA0E0021FAE6
:1004BC0002F11444BDE600BF4FEA4102B2F1E04341
:1004CC0024BFB3F5001CDCF1FE5C0DD901F0004C2F
:1004DC004FEAC0024CEA5070B2F1004F40EB83007F
:1004EC0008BF20F00100704711F0804F21D113F1AB
:1004FC003872BCBF01F00040704741F480114FEAE4
:10050C005252C2F11802C2F1200C10FA0CF320FA6C
:10051C0002F018BF40F001004FEAC1234FEAD32389
:10052C0003FA0CFC40EA0C0023FA02F34FEA4303F3
:10053C00CCE77FEA625307D150EA01331EBF4FF07C
:10054C00FE4040F44000704701F0004040F0FE4097
:10055C0040F40000704700BF42000ED2B2F1FE4FD3
:10056C000BD34FF09E03B3EB126209D44FEA002376
:10057C0043F0004323FA02F070474FF0000070473D
:10058C0012F1610F01D1420202D14FF0FF307047DE
:10059C004FF00000704700BF90B585B000AF044627
:1005AC00084611461A462346FB800346BB800B4681
:1005BC007B8013463B800023FB600CE0FB689AB207
:1005CC00BB88134499B23B887A88F88806F0DEFD24
:1005DC00FB680133FB6097F82030FA689A42EDDB38
:1005EC0000BF00BF1437BD4690BD90B585B000AFBD
:1005FC000446084611461A462346FB800346BB8038
:10060C000B467B8013463B800023FB600CE0FB68B1
:10061C009AB2FB88134498B23B887A88B98806F062
:10062C00F9FDFB680133FB6097F82030FA689A42B9
:10063C00EDDB00BF00BF1437BD4690BDF0B5A1B0D7
:10064C0004AF0446084611461A462346FB7103467E
:10065C00BB710B467B7113467B80FB792A4AA2FB4C
:10066C000323DB08DBB29C46FA79274BA3FB02136E
:10067C00D9080B469B000B445B00D31ADBB29E4699
:10068C00BB79214AA2FB0323DB08DBB21C46BA79F7
:10069C001D4BA3FB0213D9080B469B000B445B00BC
:1006AC00D31ADBB21D467B79174AA2FB0323DB0866
:1006BC00DBB21E467A79144BA3FB0213D9080B4606
:1006CC009B000B445B00D31ADBB207F10C000393C5
:1006DC00029601950094734662460C4906F0DEFDC5
:1006EC00B7F888107A8807F10C00B7F890300193AE
:1006FC00B7F88C3000930B46054906F00DF900BF96
:10070C007437BD46F0BD00BFCDCCCCCC307C0008DE
:10071C00AC980008F0B5A1B004AF044608461146E9
:10072C001A462346FB710346BB710B467B7113467D
:10073C007B80FB792A4AA2FB0323DB08DBB29C46B5
:10074C00FA79274BA3FB0213D9080B469B000B44E9
:10075C005B00D31ADBB29E46BB79214AA2FB032372
:10076C00DB08DBB21C46BA791D4BA3FB0213D9087C
:10077C000B469B000B445B00D31ADBB21D467B7906
:10078C00174AA2FB0323DB08DBB21E467A79144B13
:10079C00A3FB0213D9080B469B000B445B00D31A36
:1007AC00DBB207F10C00039302960195009473469B
:1007BC0062460C4906F072FDB7F888107A8807F18A
:1007CC000C00B7F890300193B7F88C3000930B46BF
:1007DC00054906F0A1F800BF7437BD46F0BD00BF57
:1007EC00CDCCCCCC407C0008AC98000880B588B04F
:1007FC0002AF0346FB710B46BB8013467B8007F1AF
:10080C000802FB791146184605F038FFFB79012BDD
:10081C000BD107F108007B880193BB880093C3239D
:10082C004422304906F078F858E0FB79022B0BD1C2
:10083C0007F108007B880193BB880093C3234122F6
:10084C00284906F069F849E0FB79032B0BD107F135
:10085C0008007B880193BB880093C3233A2221496B
:10086C0006F05AF83AE0FB79042B0BD107F108009B
:10087C007B880193BB880093C3231B22194906F084
:10088C004BF82BE0FB79052B0BD107F108007B888B
:10089C000193BB880093C3232D22124906F03CF828
:1008AC001CE0FB79062B0BD107F108007B88019328
:1008BC00BB880093C32348220A4906F02DF80DE0AB
:1008CC00FB79072B0AD107F108007B880193BB88C1
:1008DC000093C3232B22034906F01EF800BF1837E0
:1008EC00BD4680BDAC98000890B587B000AF0446FB
:1008FC00084611461A462346FB800346BB800B462E
:10090C007B8013463B80FB88502B21D1BB88DA2B94
:10091C001ED10023FB8217E00023BB820EE0FA8875
:10092C00FB8A134498B2BA88BB8A13449BB23A8DA3
:10093C00194606F069FBBB8A0133BB82BB8A042BC8
:10094C00EDD9FB8A0133FB82FB8A5B2BE4D947E0B0
:10095C00FB88692B23D1BB8840F2251293421ED110
:10096C0000237B8217E000233B820EE0FA887B8A0F
:10097C00134498B2BA883B8A13449BB23A8D1946F9
:10098C0006F042FB3B8A01333B823B8A042BEDD9B8
:10099C007B8A01337B827B8A2C2BE4D920E00023D9
:1009AC00FB8118E00023BB810EE0FA88FB8913441D
:1009BC0098B2BA88BB8913449BB23A8D194606F09B
:1009CC0023FBBB890133BB81BA893B889A42ECD3A8
:1009DC00FB890133FB81FA897B889A42E2D300BF01
:1009EC0000BF1C37BD4690BD80B483B000AF7860AB
:1009FC0039603B681B88782B2CD17B681B88442B77
:100A0C0007D07B681B886D2B03D07B681B88962BCB
:100A1C0006D17B681B8812339AB27B681A8049E036
:100A2C007B681B88562B03D07B681B887F2B06D1D9
:100A3C007B681B8817339AB27B681A803AE07B6814
:100A4C001B88A82B36D17B681B8801339AB27B6834
:100A5C001A802FE03B681B88F02B2BD17B681B88FE
:100A6C00442B07D07B681B88702B03D07B681B88BA
:100A7C009C2B06D17B681B8812339AB27B681A8038
:100A8C0018E07B681B88562B03D07B681B88822B55
:100A9C0006D17B681B881A339AB27B681A8009E0EE
:100AAC007B681B88AE2B05D17B681B8802339AB2FE
:100ABC007B681A807B681B88A82B0AD93B681B882B
:100ACC00782B06D17B6850221A803B68DA221A8078
:100ADC002FE07B681B88502B0AD13B681B88DA2BD4
:100AEC0006D17B6844221A803B68F0221A8020E0F1
:100AFC007B681B88AF2B0BD93B681B88F02B07D16D
:100B0C007B6869221A803B6840F225121A8010E03B
:100B1C007B681B88692B0CD13B681B8840F2251223
:100B2C00934206D17B6844221A803B6878221A8053
:100B3C00FFE700BF0C37BD4680BC704790B585B051
:100B4C0000AF0446084611461A462346FB8003466E
:100B5C00BB800B467B8013463B800023FB8118E057
:100B6C000023BB810EE0FA88FB89134498B2BA8843
:100B7C00BB8913449BB23A8C194606F045FABB89E3
:100B8C000133BB813A88BB899A42ECD2FB89013391
:100B9C00FB817A88FB899A42E2D200BF00BF1437EE
:100BAC00BD4690BD80B584B002AF786039607B687B
:100BBC0018883B6819884FF6FF73009303235C2257
:100BCC00FFF7BCFF3B681B8840F20D12934203D128
:100BDC003B6877221A8005E03B681B8819339AB270
:100BEC003B681A8000BF0837BD4680BD80B584B015
:100BFC0002AF786039607B6818883B6819884FF6BB
:100C0C00FF73009303235C22FFF798FF3B681B885C
:100C1C00772B04D13B6840F20D121A8005E03B683B
:100C2C001B88193B9AB23B681A8000BF0837BD4637
:100C3C0080BD000080B485B000AFF860B9607A6008
:100C4C003B6097F82430442B20D197F82830782B30
:100C5C001CD1FB681B78092B05D9FB681B780A3B58
:100C6C00DBB2092B06D8FB681B780A33DAB2FB68B7
:100C7C001A700BE0FB681B78143BDBB2092B05D810
:100C8C00FB681B78143BDAB2FB681A7097F82430B7
:100C9C00562B14D197F82830782B10D1FB681B7881
:100CAC005A1C8F4B83FB02139910D317C91A0B468E
:100CBC005B000B44DB00D11ACAB2FB681A7097F8C0
:100CCC0024306D2B32D197F82830782B2ED1BB687D
:100CDC001B78092B17D9BB681B780A3BDBB2092B95
:100CEC0011D9BB681B78143BDBB2092B0BD9BB6841
:100CFC001B781E3BDBB2092B05D9BB681B78283B44
:100D0C00DBB2092B06D8BB681B780A33DAB2BB6896
:100D1C001A700BE0BB681B78323BDBB2092B05D891
:100D2C00BB681B78323BDAB2BB681A7097F8243078
:100D3C007F2B15D197F82830782B11D1BB681B78F5
:100D4C005A1C684B83FB021313445911D317C91A4D
:100D5C000B461B015B1A9B00D11ACAB2BB681A70F6
:100D6C0097F82430962B32D197F82830782B2ED147
:100D7C007B681B78092B17D97B681B780A3BDBB285
:100D8C00092B11D97B681B78143BDBB2092B0BD9CF
:100D9C007B681B781E3BDBB2092B05D97B681B7863
:100DAC00283BDBB2092B06D87B681B780A33DAB2F6
:100DBC007B681A700BE07B681B78323BDBB2092B2B
:100DCC0005D87B681B78323BDAB27B681A7097F8CF
:100DDC002430A82B15D197F82830782B11D17B68AB
:100DEC001B785A1C3F4B83FB021313445911D31726
:100DFC00C91A0B461B015B1A9B00D11ACAB27B683D
:100E0C001A7097F82830DA2B11D13B681A78364BC8
:100E1C00A3FB0213D11A49080B4499080B46DB00BB
:100E2C005B1AD31ADBB20133DAB23B681A7097F84B
:100E3C002430442B26D197F82830F02B22D1BB69D3
:100E4C001B78092B0BD9BB691B780A3BDBB2092B2E
:100E5C0005D9BB691B78143BDBB2092B06D8BB69DF
:100E6C001B780A33DAB2BB691A700BE0BB691B78CA
:100E7C001E3BDBB2092B05D8BB691B781E3BDAB2D3
:100E8C00BB691A7097F82430562B15D197F8283077
:100E9C00F02B11D1BB691A78144BA3FB0213D11A96
:100EAC0049080B4419090B465B015B1AD31ADBB2D8
:100EBC000133DAB2BB691A7097F82430702B23D146
:100ECC0097F82830F02B1FD1FB691B78092B0FD812
:100EDC00FB691B780A33DAB2FB691A7014E000BFA5
:100EEC00ABAAAA2A898888882549922485104208A9
:100EFC00FB691B780A3BDBB2092B05D8FB691B7815
:100F0C000A3BDAB2FB691A7097F82430822B13D1A2
:100F1C0097F82830F02B0FD1FB691A783C4BA3FBC8
:100F2C000213D9080B465B000B449B00D31ADBB2AF
:100F3C000133DAB2FB691A7097F824309C2B4AD132
:100F4C0097F82830F02B46D13B6A1B78092B2FD908
:100F5C003B6A1B780A3BDBB2092B29D93B6A1B780D
:100F6C00143BDBB2092B23D93B6A1B781E3BDBB24B
:100F7C00092B1DD93B6A1B78283BDBB2092B17D9EF
:100F8C003B6A1B78323BDBB2092B11D93B6A1B78CD
:100F9C003C3BDBB2092B0BD93B6A1B78463BDBB2E3
:100FAC00092B05D93B6A1B78503BDBB2092B06D8C1
:100FBC003B6A1B780A33DAB23B6A1A700BE03B6A65
:100FCC001B785A3BDBB2092B05D83B6A1B785A3B82
:100FDC00DAB23B6A1A7097F82430AE2B13D197F81B
:100FEC002830F02B0FD13B6A1B780133094A82FB66
:100FFC0003125111DA178A1A642101FB02F29A1AB0
:10100C00D2B23B6A1A7000BF1437BD4680BC704721
:10101C00ABAAAAAA1F85EB5180B485B000AFF860CB
:10102C00B9607A603B6097F82430442B20D197F854
:10103C002830782B1CD1FB681B78092B05D9FB6851
:10104C001B780A3BDBB2092B06D8FB681B780A3BE2
:10105C00DAB2FB681A700BE0FB681B78143BDBB24E
:10106C00092B05D8FB681B781433DAB2FB681A70AD
:10107C0097F82430562B14D197F82830782B10D1B0
:10108C00FB681B785A1E8F4B83FB02139910D317E6
:10109C00C91A0B465B000B44DB00D11ACAB2FB68C1
:1010AC001A7097F824306D2B32D197F82830782BA2
:1010BC002ED1BB681B78092B17D9BB681B780A3B50
:1010CC00DBB2092B11D9BB681B78143BDBB2092BA3
:1010DC000BD9BB681B781E3BDBB2092B05D9BB684F
:1010EC001B78283BDBB2092B06D8BB681B780A3B64
:1010FC00DAB2BB681A700BE0BB681B78323BDBB210
:10110C00092B05D8BB681B783233DAB2BB681A706E
:10111C0097F824307F2B15D197F82830782B11D1E4
:10112C00BB681B785A1E684B83FB0213134459117E
:10113C00D317C91A0B461B015B1A9B00D11ACAB2F2
:10114C00BB681A7097F82430962B32D197F8283058
:10115C00782B2ED17B681B78092B17D97B681B78D1
:10116C000A3BDBB2092B11D97B681B78143BDBB231
:10117C00092B0BD97B681B781E3BDBB2092B05D9DD
:10118C007B681B78283BDBB2092B06D87B681B7865
:10119C000A3BDAB27B681A700BE07B681B78323B37
:1011AC00DBB2092B05D87B681B783233DAB27B684B
:1011BC001A7097F82430A82B15D197F82830782B73
:1011CC0011D17B681B785A1E3F4B83FB02131344CF
:1011DC005911D317C91A0B461B015B1A9B00D11A64
:1011EC00CAB27B681A7097F82830DA2B11D13B6899
:1011FC001A78364BA3FB0213D11A49080B449908F1
:10120C000B46DB005B1AD31ADBB2013BDAB23B684C
:10121C001A7097F82430442B26D197F82830F02BED
:10122C0022D1BB691B78092B0BD9BB691B780A3BF4
:10123C00DBB2092B05D9BB691B78143BDBB2092B3C
:10124C0006D8BB691B780A3BDAB2BB691A700BE093
:10125C00BB691B781E3BDBB2092B05D8BB691B781D
:10126C001E33DAB2BB691A7097F82430562B15D19D
:10127C0097F82830F02B11D1BB691A78144BA3FBCB
:10128C000213D11A49080B4419090B465B015B1A6E
:10129C00D31ADBB2013BDAB2BB691A7097F824306F
:1012AC00702B23D197F82830F02B1FD1FB691B78BA
:1012BC00092B0FD8FB691B780A3BDAB2FB691A7051
:1012CC0014E000BFABAAAA2A8988888825499224F1
:1012DC0085104208FB691B780A3BDBB2092B05D849
:1012EC00FB691B780A33DAB2FB691A7097F8243061
:1012FC00822B13D197F82830F02B0FD1FB691A7879
:10130C003C4BA3FB0213D9080B465B000B449B0020
:10131C00D31ADBB2013BDAB2FB691A7097F82430AE
:10132C009C2B4AD197F82830F02B46D13B6A1B787E
:10133C00092B2FD93B6A1B780A3BDBB2092B29D925
:10134C003B6A1B78143BDBB2092B23D93B6A1B7815
:10135C001E3BDBB2092B1DD93B6A1B78283BDBB249
:10136C00092B17D93B6A1B78323BDBB2092B11D9FD
:10137C003B6A1B783C3BDBB2092B0BD93B6A1B78D5
:10138C00463BDBB2092B05D93B6A1B78503BDBB2E1
:10139C00092B06D83B6A1B780A3BDAB23B6A1A70F7
:1013AC000BE03B6A1B785A3BDBB2092B05D83B6A36
:1013BC001B785A33DAB23B6A1A7097F82430AE2B8A
:1013CC0013D197F82830F02B0FD13B6A1B78013BD7
:1013DC00094A82FB03125111DA178A1A642101FBA4
:1013EC0002F29A1AD2B23B6A1A7000BF1437BD4689
:1013FC0080BC7047ABAAAAAA1F85EB5180B584B0FC
:10140C0002AF3A601A460346FB710B46BB7113469A
:10141C00BB80BB79772B28D13B6802331B78002B20
:10142C000FD14FF6FF730193002300936423B42272
:10143C007C497D4805F070FA3B68023301221A7032
:10144C00EBE03B6802331B78012B40F0E6803B8AD3
:10145C00BA884FF6FF7100916421B42005F03AFE72
:10146C003B68023300221A70D7E0BB79902B28D14D
:10147C003B6803331B78002B0FD14FF6FF7301939E
:10148C00002300937D23BA226649674805F044FA8D
:10149C003B68033301221A70BFE03B6803331B78AF
:1014AC00012B40F0BA803B8ABA884FF6FF7100914D
:1014BC007D21BA2005F00EFE3B68033300221A7022
:1014CC00ABE0BB79A92B28D13B6804331B78002BEC
:1014DC000FD14FF6FF730193002300939623C7227D
:1014EC005049514805F018FA3B68043301221A7030
:1014FC0093E03B6804331B78012B40F08E803B8AD1
:10150C00BA884FF6FF7100919621C72005F0E2FDD5
:10151C003B68043300221A707FE0BB79C22B27D1C1
:10152C003B6805331B78002B0FD14FF6FF730193EB
:10153C0000230093AF23C5223A493B4805F0ECF950
:10154C003B68053301221A7067E03B6805331B7852
:10155C00012B62D13B8ABA884FF6FF710091AF2103
:10156C00C52005F0B7FD3B68053300221A7054E026
:10157C00BB79DB2B27D13B6806331B78002B0FD1B3
:10158C004FF6FF73019300230093C823AF22254924
:10159C00254805F0C1F93B68063301221A703CE07E
:1015AC003B6806331B78012B37D13B8ABA884FF640
:1015BC00FF710091C821AF2005F08CFD3B6806330C
:1015CC0000221A7029E0BB79F42B26D13B68073333
:1015DC001B78002B0FD14FF6FF7301930023009360
:1015EC00E123C3220F49104805F096F93B680733F5
:1015FC0001221A7011E03B6807331B78012B0CD1C8
:10160C003B8ABA884FF6FF710091E121C32005F0A7
:10161C0061FD3B68073300221A7000BF0837BD46D6
:10162C0080BD00BF487D0008507C000880B483B0AA
:10163C0000AF78607B681B685B6A0D4A13600C4BCB
:10164C001B6859080B4BA3FB0123CA1A52081344FD
:10165C001A0913465B001344DA00D21A8A1A92B2A2
:10166C00054B1A8000BF0C37BD4680BC704700BFCD
:10167C002C030020876118863003002080B584B0CD
:10168C0002AF0346FB80FB88082B68D10821364843
:10169C0001F006FF0346002B61D1344B1B78002B65
:1016AC0005D1324B05221A70314B01221A702F4B87
:1016BC001B78052B23D12F4B1B88772B05D12B4B5C
:1016CC0000221A702A4B01221A702A4B1B88902B6D
:1016DC000BD1264B01221A70254B01221A70264B76
:1016EC0044221A80234B78221A80224B1B88A92B68
:1016FC0005D11E4B02221A701D4B01221A701B4B76
:10170C001B78012B17D11C4B1B88692B0FD1194B44
:10171C001B8840F22512934209D1144B04221A70F3
:10172C00134B01221A70C82001F016FA03E011497C
:10173C001148FFF759F90D4B1B78042B0FD10E4BA9
:10174C001B88D8B20B4B1B88D9B20C4B1B781A4692
:10175C000B4B1B78009313460A4AFFF74FFE00BF52
:10176C000837BD4680BD00BF00080140340300208F
:10177C00000000201E0300201C030020010000209C
:10178C000200002024030020F0B587B006AF01F062
:10179C0081F900F015FC00F02BFE00F00BFE00F0C0
:1017AC00EFFC00F053FC00F07FFC00F0B3FC00F009
:1017BC00D7FD00F039FD00F085FD6822A749A84847
:1017CC0004F00EFF4FF40071A64805F019F8A64876
:1017DC0004F02CFD4FF48053A24A0021A34804F0DE
:1017EC0082FE3C21A24804F041F805F0F1F94FF6D5
:1017FC00FF7005F0E3FB9F4B0A229A709D4B1E2253
:10180C005A709C4B1E221A709A4B0122DA70994B1B
:10181C0014221A71974B02225A71964B19229A7103
:10182C00954B00229A70944B00225A70924B0022D6
:10183C001A70914B0122DA708F4B00221A718E4B69
:10184C0000225A718C4B00229A718C4B00229A7098
:10185C008A4B00225A70894B00221A70874B012246
:10186C00DA70864B00221A71844B00225A71834B1A
:10187C0000229A717F4B9C787E4B5D787D4B1E7855
:10188C007C4BDB787B4A12797A49497979488079A3
:10189C00039002910192009333462A4621467048E8
:1018AC0004F060FF012201216E4801F010FE704827
:1018BC00FFF7BCFE0820FFF7E1FE714B1B78052BF0
:1018CC0000F2448301A252F823F000BFC11A0008B1
:1018DC00D11B0008451F00084F1F0008C51D00083C
:1018EC00F1180008674B1B78012B40F08E80664B7B
:1018FC004B221A80654B77221A804FF6FF7005F049
:10190C005DFB052300930F23D4222F210D20FEF71E
:10191C0043FE052300930F23D4224FF48C710D202A
:10192C00FEF73AFE052300930F23E9222F210D2009
:10193C00FEF75BFE052300930F23EE222F21DF2001
:10194C00FEF753FE4FF6FF7301934FF47843009369
:10195C0041234E224E494F4804F0DEFF4FF6FF73F1
:10196C0001934FF478430093642352224A494B4825
:10197C0004F0D2FF4FF6FF7301934FF478430093BA
:10198C007D2322224449464804F0C6FF4FF6FF73DC
:10199C0001934FF47843009396232A223E49414801
:1019AC0004F0BAFF4FF6FF7301934FF478430093A2
:1019BC00AF232D2238493C4804F0AEFF4FF6FF739D
:1019CC0001934FF478430093C8234322324936489D
:1019DC0004F0A2FF4FF6FF7301934FF4784300938A
:1019EC00E12331222C49304804F096FF4FF6FF7367
:1019FC0001934FF478430093FA23422226492A4854
:101A0C0004F08AFF1F4B00221A70284B1B881A46C1
:101A1C00274B1B8801339A4204D11C491A48FFF703
:101A2C00C1F80BE0214B1B881A46214B1B88013B4C
:101A3C009A4203D115491448FFF7D8F81B4B1A8862
:101A4C001B4B1A80104B1888104B19884FF4FC63F1
:101A5C00009303235C22FFF771F877E280000020EB
:101A6C00E8020020000C014010020020F0020020CF
:101A7C00C8010020040300200C03002014030020E4
:101A8C0034030020000000201C0300201E03002053
:101A9C00AC980008547C0008487D00085C7C000869
:101AAC00647C0008707C00087C7C000830030020FB
:101ABC0032030020A84B0393A84B0293A84B01932D
:101ACC00A84B0093A84BA94AA949AA4804F0F6FDD3
:101ADC00A94B1B78012B3CD14FF6FF7005F06EFA29
:101AEC00052300930F23D4222F210F20FEF754FD42
:101AFC00052300930F23D4224FF48C710F20FEF793
:101B0C004BFD052300934FF47843E9222F210F203E
:101B1C00FEF76BFD052300930F23EE222F21DF2010
:101B2C00FEF763FD052300930F23D422A5210F207C
:101B3C00FEF732FD4FF6FF7301934FF47843009399
:101B4C004D2359228D498E4804F0E6FE8A4B002223
:101B5C001A70854B9878844B5978834B1A784FF6CA
:101B6C00FF7302934FF4784301937823009344233B
:101B7C00FEF764FD7C4B18797B4B59797A4B9A793B
:101B8C004FF6FF7302934FF478430193F0230093C5
:101B9C004423FEF7BFFD4FF6FF7300931723C322B8
:101BAC00C321172005F096FA6F4BDB784FF6FF72C6
:101BBC004FF478411846FEF719FE4FF47A7000F096
:101BCC00CBFFC3E16C4B1B78012B3CD14FF6FF7064
:101BDC0005F0F4F9052300930F23D4222F210F20B5
:101BEC00FEF7DAFC052300930F23D4224FF49771F0
:101BFC000F20FEF7D1FC052300930F23FF222F218A
:101C0C000F20FEF7F2FC052300930F234FF4827292
:101C1C002F21DF20FEF7E9FC052300930F23D422AC
:101C2C00A5210F20FEF7B8FC4FF6FF7301934FF47C
:101C3C00784300934D2320225049524804F06CFE07
:101C4C004D4B00221A70504B98784F4B59784E4B95
:101C5C001A784FF6FF7302934FF47843019378236D
:101C6C0000934423FEF7EAFC474B1879464B59790D
:101C7C00454B9A794FF6FF7302934FF478430193D7
:101C8C00F02300934423FEF745FD4FF6FF730093BA
:101C9C001723C322C321172005F01CFA3A4BDB781B
:101CAC004FF6FF724FF478411846FEF79FFD4FF642
:101CBC00FF7301934FF4784300934FF487736922B9
:101CCC002E49324804F028FE314B1B881A46314B02
:101CDC001B8801339A4213D12F4B1B88DBB22F4A3E
:101CEC001288D2B2049203932D4B02932D4B019385
:101CFC002D4B00932D4B244A2D492E48FEF79AFF6D
:101D0C00234B1B881A46234B1B88013B9A4213D149
:101D1C00214B1B88DBB2214A1288D2B20492039366
:101D2C001F4B02931F4B01931F4B00931F4B164AE3
:101D3C001F492048FFF770F9174B1888174B198863
:101D4C004FF4FC63009317230F22FEF7CDFD4FF4E5
:101D5C007A7000F001FFF9E00A030020090300206B
:101D6C0008030020070300200403002005030020C3
:101D7C0006030020E802002000000020AC980008B8
:101D8C005C7C0008807C00080C0300208C7C000824
:101D9C0030030020320300201C0300201E0300200F
:101DAC001203002011030020100300200F03002059
:101DBC000D0300200E0300206F4B1B78012B40F00D
:101DCC008E806E4B4E221A806D4B77221A804FF606
:101DDC00FF7005F0F3F8052300930F23D4222F2175
:101DEC000D20FEF7D9FB052300930F23D4224FF4CB
:101DFC008C710D20FEF7D0FB052300930F23E922F5
:101E0C002F210D20FEF7F1FB052300930F23EE226B
:101E1C002F21DF20FEF7E9FB4FF6FF7301934FF400
:101E2C0078430093412340225649574804F074FDEF
:101E3C004FF6FF7301934FF47843009364233C22D5
:101E4C005249534804F068FD4FF6FF7301934FF469
:101E5C00784300937D2337224C494E4804F05CFDB7
:101E6C004FF6FF7301934FF478430093962313229C
:101E7C004649494804F050FD4FF6FF7301934FF467
:101E8C0078430093AF232D224049444804F044FD8D
:101E9C004FF6FF7301934FF478430093C82343220A
:101EAC003A493F4804F038FD4FF6FF7301934FF465
:101EBC0078430093E123312234493A4804F02CFD55
:101ECC004FF6FF7301934FF478430093FA234222A9
:101EDC002E49354804F020FD274B00221A70334B55
:101EEC001B881A46324B1B8801339A4204D1244971
:101EFC002248FEF757FE0BE02C4B1B881A462C4B46
:101F0C001B88013B9A4203D11D491C48FEF76EFE0B
:101F1C00264B1A88264B1A80184B1888184B198890
:101F2C004FF4FC63009303235C22FEF707FE4FF48F
:101F3C007A7000F011FE09E04FF6FF7005F03EF8E4
:101F4C0004E04FF6FF7005F039F800BF194804F0B3
:101F5C00EAFA184B1B691846FEF7FEFA0346DAB28A
:101F6C00154B1A70134BDB681846FEF7F5FA03464F
:101F7C00DAB2124B1A709AE4000000201C03002005
:101F8C001E030020AC980008907C0008487D0008D7
:101F9C00987C0008A07C0008A87C0008B47C000891
:101FAC00C07C0008C87C0008D47C000830030020EA
:101FBC0032030020F0020020200300202103002027
:101FCC0080B590B000AF07F1180328220021184605
:101FDC0005F086F93B1D00221A605A609A60DA609F
:101FEC001A610123BB614FF48033FB6100233B6218
:101FFC000123BB6202237B634FF48033BB634FF43A
:10200C00E013FB6307F11803184602F0F7FA0346D6
:10201C00002B01D000F0ACFA0F237B600223BB60D5
:10202C000023FB604FF480633B6100237B613B1D0D
:10203C000221184602F064FD0346002B01D000F08B
:10204C0097FA00BF4037BD4680BD000080B500AF99
:10205C00124B134A1A60114B124A5A600F4B002252
:10206C009A600E4B0022DA600C4B4FF480421A61DE
:10207C000A4B00225A61094B00229A61074B00223D
:10208C00DA61064B00221A62044801F051FA034649
:10209C00002B01D000F06CFA00BF80BD8000002046
:1020AC0000540040A086010080B500AF174B184AC1
:1020BC001A60164B4FF482725A60144B00229A60CD
:1020CC00124B0022DA60114B00221A610F4B0022D6
:1020DC005A610E4B4FF400729A610C4B2022DA615C
:1020EC000A4B00221A62094B00225A62074B00224B
:1020FC009A62064B0A22DA62044802F08FFE03460B
:10210C00002B01D000F034FA00BF80BDD4000020B9
:10211C000030014080B500AF174B184A1A60164BBF
:10212C004FF482725A60144B00229A60124B0022B8
:10213C00DA60114B00221A610F4B00225A610E4BD0
:10214C004FF400729A610C4B0022DA610A4B0022A8
:10215C001A62094B00225A62074B00229A62064B04
:10216C000A22DA62044802F059FE0346002B01D021
:10217C0000F0FEF900BF80BD2C01002000380040AB
:10218C0080B58CB000AF07F10C0324220021184657
:10219C0005F0A6F83B1D00221A605A60214B4FF047
:1021AC0080421A601F4B00225A601E4B00229A601C
:1021BC001C4B4FF6FF72DA601A4B00221A61194B56
:1021CC0000229A610323FB6002233B6101237B61A4
:1021DC000023BB610023FB6102233B6201237B6272
:1021EC000023BB620023FB6207F10C0319460D4868
:1021FC0003F09AFA0346002B01D000F0B9F9002342
:10220C007B600023BB603B1D1946064803F0C0FEF3
:10221C000346002B01D000F0ABF900BF3037BD46B0
:10222C0080BD00BFC801002080B586B000AF07F1AB
:10223C00080300221A605A609A60DA603B4600225A
:10224C001A605A601D4B1E4A1A601C4B47225A607A
:10225C001A4B00229A60194B4FF6FF72DA60174B3B
:10226C0000221A61154B00229A61144803F09DF963
:10227C000346002B01D000F07BF94FF48053BB6078
:10228C0007F1080319460D4803F06EFC0346002BBA
:10229C0001D000F06DF900233B6000237B603B46CE
:1022AC001946064803F074FE0346002B01D000F0DB
:1022BC005FF900BF1837BD4680BD00BF100200207B
:1022CC000004004080B586B000AF07F1080300227F
:1022DC001A605A609A60DA603B4600221A605A60B3
:1022EC001D4B1E4A1A601C4B47225A601A4B002287
:1022FC009A60194B40F2E732DA60174B00221A61F0
:10230C00154B00229A61144803F04FF90346002B39
:10231C0001D000F02DF94FF48053BB6007F1080396
:10232C0019460D4803F020FC0346002B01D000F0A9
:10233C001FF900233B6000237B603B46194606488F
:10234C0003F026FE0346002B01D000F011F900BF6C
:10235C001837BD4680BD00BF580200200008004061
:10236C0080B500AF114B124A1A60104B4FF4E1329A
:10237C005A600E4B00229A600C4B0022DA600B4B19
:10238C0000221A61094B0C225A61084B00229A61F7
:10239C00064B0022DA61054803F06AFE0346002B67
:1023AC0001D000F0E5F800BF80BD00BFA002002006
:1023BC000038014080B582B000AF0C4B5B690B4A12
:1023CC0043F001035361094B5B6903F001037B602C
:1023DC007B68002200210F2000F0B9FC0F2000F0D8
:1023EC00D2FC00BF0837BD4680BD00BF00100240C4
:1023FC0080B588B000AF07F1100300221A605A6054
:10240C009A60DA60554B9B69544A43F01003936110
:10241C00524B9B6903F01003FB60FB684F4B9B69AD
:10242C004E4A43F0200393614C4B9B6903F020030D
:10243C00BB60BB68494B9B69484A43F004039361FA
:10244C00464B9B6903F004037B607B68434B9B69A1
:10245C00424A43F008039361404B9B6903F0080325
:10246C003B603B6800224FF400513D4801F02FF8CF
:10247C00002210213B4801F02AF8002241F60241CB
:10248C00394801F024F84FF400533B6101237B6180
:10249C000023BB610223FB6107F11003194630488E
:1024AC0000F07AFE4FF400433B61304B7B6100231C
:1024BC00BB6107F110031946294800F06DFE082393
:1024CC003B612A4B7B610023BB6107F1100319466A
:1024DC00244800F061FE10233B6101237B61012342
:1024EC00BB610223FB6107F1100319461D4800F084
:1024FC0053FE41F602433B6101237B610023BB6128
:10250C000223FB6107F110031946174800F044FE43
:10251C004FF480733B6100237B610023BB6107F1A7
:10252C00100319460F4800F037FE4FF444733B611B
:10253C0000237B610023BB6107F1100319460A4895
:10254C0000F02AFE00220021282000F000FC2820A8
:10255C0000F019FC00BF2037BD4680BD00100240C2
:10256C000010014000080140000C01400000111057
:10257C0080B400AF72B600BF00BFFDE780B485B079
:10258C0000AF154B9B69144A43F001039361124B46
:10259C009B6903F00103BB60BB680F4BDB690E4A00
:1025AC0043F08053D3610C4BDB6903F080537B60A9
:1025BC007B680A4B5B68FB60FB6823F0E063FB60A5
:1025CC00FB6843F00073FB60044AFB68536000BF78
:1025DC001437BD4680BC704700100240000001401B
:1025EC0080B588B000AF786007F1100300221A6044
:1025FC005A609A60DA607B681B68154A934223D153
:10260C00144B9B69134A43F008039361114B9B696C
:10261C0003F00803FB60FB68C0233B6112237B6162
:10262C000323FB6107F1100319460B4800F0B4FDBE
:10263C00084BDB69074A43F40013D361054BDB6994
:10264C0003F40013BB60BB6800BF2037BD4680BDE0
:10265C000054004000100240000C014080B58AB0CC
:10266C0000AF786007F1180300221A605A609A6074
:10267C00DA607B681B684A4A934230D1494B9B69AC
:10268C00484A43F480539361464B9B6903F480534F
:10269C007B617B69434B9B69424A43F00403936122
:1026AC00404B9B6903F004033B613B69A023BB6176
:1026BC000223FB6103237B6207F1180319463A4896
:1026CC0000F06AFD4023BB610023FB6100233B62E9
:1026DC0007F118031946344800F05EFD5CE07B6896
:1026EC001B68324A934257D12E4BDB692D4A43F477
:1026FC008043D3612B4BDB6903F48043FB60FB68A5
:10270C00284B9B69274A43F008039361254B9B692F
:10271C0003F00803BB60BB684FF42043BB6102238A
:10272C00FB6103237B6207F118031946204800F074
:10273C0033FD4FF48043BB610023FB6100233B62FC
:10274C0007F1180319461A4800F026FD194B1A4ACE
:10275C001A60184B10225A60164B00229A60154BC7
:10276C008022DA60134B00221A61124B00225A614C
:10277C00104B00229A610F4B0022DA610D4800F0D9
:10278C001DFB0346002B01D0FFF7F2FE7B68094AC4
:10279C009A64084A7B68536200BF2837BD4680BDE7
:1027AC000030014000100240000801400038004099
:1027BC00000C0140840100205800024080B588B014
:1027CC0000AF786007F1100300221A605A609A601B
:1027DC00DA607B681B68B3F1804F2BD1174BDB6938
:1027EC00164A43F00103D361144BDB6903F0010378
:1027FC00FB60FB68114B9B69104A43F00403936127
:10280C000E4B9B6903F00403BB60BB6803233B6165
:10281C0000237B610023BB6107F1100319460848B4
:10282C0000F0BAFC002200211C2000F090FA1C20C1
:10283C0000F0A9FA00BF2037BD4680BD0010024051
:10284C000008014080B485B000AF78607B681B68DD
:10285C00124A93420CD1124BDB69114A43F002032A
:10286C00D3610F4BDB6903F00203FB60FB6810E0E4
:10287C007B681B680B4A93420BD1094BDB69084AF6
:10288C0043F00403D361064BDB6903F00403BB6024
:10289C00BB6800BF1437BD4680BC704700040040C5
:1028AC00001002400008004080B588B000AF78608E
:1028BC0007F1100300221A605A609A60DA607B6894
:1028CC001B681C4A934231D11B4B9B691A4A43F437
:1028DC0080439361184B9B6903F48043FB60FB6856
:1028EC00154B9B69144A43F004039361124B9B698B
:1028FC0003F00403BB60BB684FF400733B6102231D
:10290C007B610323FB6107F1100319460B4800F0B0
:10291C0043FC4FF480633B6100237B610023BB616C
:10292C0007F110031946054800F036FC00BF2037AC
:10293C00BD4680BD00380140001002400008014037
:10294C0080B400AF00BFFDE780B400AF00BFFDE76F
:10295C0080B400AF00BFFDE780B400AF00BFFDE75F
:10296C0080B400AF00BFFDE780B400AF00BFBD4630
:10297C0080BC704780B400AF00BFBD4680BC7047C0
:10298C0080B400AF00BFBD4680BC704780B500AFBF
:10299C0000F0C6F800BF80BD80B500AF024800F063
:1029AC00C7FA00BF80BD00BF8401002080B500AF16
:1029BC00024802F0E9FF00BF80BD00BFC801002043
:1029CC0080B500AF4FF4004000F09AFD00BF80BD11
:1029DC0080B586B000AF7860144A154BD31A7B6172
:1029EC007B693B61134B1B68002B02D1114B124AC4
:1029FC001A60104B1A687B6813443A699A4207D2E2
:102A0C0004F076FC03460C221A604FF0FF3309E009
:102A1C00084B1B68FB60074B1A687B681344054A1C
:102A2C001360FB6818461837BD4680BD0050002067
:102A3C0000040000380300209804002080B400AF8C
:102A4C0000BFBD4680BC7047FFF7F8FF0B480C4930
:102A5C000C4A002302E0D458C4500433C4188C42EE
:102A6C00F9D3094A094C002301E013600432A24255
:102A7C00FBD304F043FCFEF787FE704700000020F8
:102A8C00640000204CC30008640000209404002063
:102A9C00FEE7000080B500AF084B1B68074A43F007
:102AAC0010031360032000F047F90F2000F008F822
:102ABC00FFF764FD0023184680BD00BF00200240D4
:102ACC0080B582B000AF7860124B1A68124B1B783D
:102ADC0019464FF47A73B3FBF1F3B2FBF3F31846D8
:102AEC0000F05FF90346002B01D001230EE07B6858
:102AFC000F2B0AD8002279684FF0FF3000F027F92D
:102B0C00064A7B681360002300E00123184608374F
:102B1C00BD4680BD040000200C00002008000020F1
:102B2C0080B400AF054B1B781A46054B1B68134449
:102B3C00034A136000BFBD4680BC70470C000020E8
:102B4C003C03002080B400AF024B1B681846BD4606
:102B5C0080BC70473C03002080B584B000AF786027
:102B6C00FFF7F0FFB8607B68FB60FB68B3F1FF3FD9
:102B7C0005D00A4B1B781A46FB681344FB6000BF58
:102B8C00FFF7E0FF0246BB68D31AFA689A42F7D8FF
:102B9C0000BF00BF1037BD4680BD00BF0C00002039
:102BAC0080B485B000AF78607B6803F00703FB60EE
:102BBC000C4BDB68BB60BA684FF6FF031340BB607D
:102BCC00FB681A02BB68134343F0BF6343F4003342
:102BDC00BB60044ABB68D36000BF1437BD4680BCE1
:102BEC00704700BF00ED00E080B400AF044BDB6821
:102BFC001B0A03F007031846BD4680BC704700BF94
:102C0C0000ED00E080B483B000AF0346FB7197F990
:102C1C000730002B0BDBFB7903F01F02064997F9F9
:102C2C0007305B09012000FA02F241F8232000BFB3
:102C3C000C37BD4680BC704700E100E080B483B027
:102C4C0000AF03463960FB7197F90730002B0ADBA4
:102C5C003B68DAB20C4997F907301201D2B20B4437
:102C6C0083F800230AE03B68DAB20849FB7903F0E9
:102C7C000F03043B1201D2B20B441A7600BF0C377F
:102C8C00BD4680BC704700BF00E100E000ED00E0F5
:102C9C0080B489B000AFF860B9607A60FB6803F06B
:102CAC000703FB61FB69C3F10703042B28BF042353
:102CBC00BB61FB690433062B02D9FB69033B00E0C3
:102CCC0000237B614FF0FF32BB6902FA03F3DA4356
:102CDC00BB681A407B699A404FF0FF317B6901FA5F
:102CEC0003F3D9437B680B40134318462437BD4686
:102CFC0080BC704780B582B000AF78607B68013BC8
:102D0C00B3F1807F01D301230FE00A4A7B68013BBA
:102D1C0053600F214FF0FF30FFF790FF054B00225F
:102D2C009A60044B07221A60002318460837BD46E8
:102D3C0080BD00BF10E000E080B582B000AF7860CD
:102D4C007868FFF72DFF00BF0837BD4680BD80B502
:102D5C0086B000AF0346B9607A60FB7300237B61D9
:102D6C00FFF742FF78617A68B9687869FFF790FFDE
:102D7C00024697F90F3011461846FFF75FFF00BF68
:102D8C001837BD4680BD80B582B000AF0346FB71DD
:102D9C0097F907301846FFF735FF00BF0837BD46D7
:102DAC0080BD80B582B000AF78607868FFF7A2FF75
:102DBC00034618460837BD4680BD000080B485B078
:102DCC0000AF78600023FB607B68002B01D10123EE
:102DDC0043E07B681B681A46224B1344224AA2FB31
:102DEC0003231B099A007B681A647B681F4ADA6309
:102DFC007B68022283F821207B681B681B68FB60C0
:102E0C00FB6823F47F5323F03003FB607B685A6824
:102E1C007B689B681A437B68DB681A437B681B6979
:102E2C001A437B685B691A437B689B691A437B680E
:102E3C00DB691343FA681343FB607B681B68FA6811
:102E4C001A607B6800229A637B68012283F8212038
:102E5C007B68002283F82020002318461437BD46D7
:102E6C0080BC7047F8FFFDBFCDCCCCCC000002403D
:102E7C0080B586B000AFF860B9607A603B60002323
:102E8C00FB75FB6893F82030012B01D102234BE03A
:102E9C00FB68012283F82020FB6893F82130DBB219
:102EAC00012B3AD1FB68022283F82120FB68002217
:102EBC009A63FB681B681A68FB681B6822F00102A6
:102ECC001A603B687A68B968F86800F037F9FB68F3
:102EDC00DB6A002B08D0FB681B681A68FB681B6850
:102EEC0042F00E021A600FE0FB681B681A68FB6860
:102EFC001B6822F004021A60FB681B681A68FB68E6
:102F0C001B6842F00A021A60FB681B681A68FB68AF
:102F1C001B6842F001021A6005E0FB68002283F88E
:102F2C0020200223FB75FB7D18461837BD4680BD5B
:102F3C0080B584B000AF78607B68DB6B1B68FB608E
:102F4C007B681B681B68BB607B681B6C04229A4007
:102F5C00FB681340002B4FD0BB6803F00403002B1D
:102F6C004AD07B681B681B6803F02003002B07D139
:102F7C007B681B681A687B681B6822F004021A6065
:102F8C007B681B68664A934229D07B681B68654A3C
:102F9C00934222D07B681B68634A93421AD07B68A9
:102FAC001B68624A934212D07B681B68604A93424A
:102FBC000AD07B681B685F4A934202D14FF48003AE
:102FCC000EE04FF080630BE04FF4802308E04FF4E9
:102FDC00804305E04FF4806302E0402300E00423CB
:102FEC00554A53607B68DB6A002B00F094807B6849
:102FFC00DB6A786898478EE07B681B6C02229A40EB
:10300C00FB681340002B56D0BB6803F00203002B67
:10301C0051D07B681B681B6803F02003002B0BD17D
:10302C007B681B681A687B681B6822F00A021A60AE
:10303C007B68012283F821207B681B68384A934205
:10304C0029D07B681B68374A934222D07B681B6867
:10305C00354A93421AD07B681B68344A934212D08B
:10306C007B681B68324A93420AD07B681B68314AE2
:10307C00934202D14FF400130EE04FF000730BE0BB
:10308C004FF4003308E04FF4005305E04FF40073A5
:10309C0002E0202300E00223274A53607B680022D1
:1030AC0083F820207B689B6A002B34D07B689B6A5A
:1030BC00786898472FE07B681B6C08229A40FB6865
:1030CC001340002B28D0BB6803F00803002B23D03F
:1030DC007B681B681A687B681B6822F00E021A60FA
:1030EC007B681A6C7B68DB6B012101FA02F25A6077
:1030FC007B6801229A637B68012283F821207B681C
:10310C00002283F820207B681B6B002B04D07B688B
:10311C001B6B7868984700BF00BF1037BD4680BD59
:10312C00080002401C0002403000024044000240F3
:10313C00580002406C0002400000024080B485B090
:10314C0000AFF860B9607A603B60FB681A6CFB6892
:10315C00DB6B012101FA02F25A60FB681B683A68CA
:10316C005A60FB685B68102B08D1FB681B687A6897
:10317C009A60FB681B68BA68DA6007E0FB681B683A
:10318C00BA689A60FB681B687A68DA6000BF14370B
:10319C00BD4680BC7047000080B48BB000AF786037
:1031AC00396000237B6200233B6269E101227B6A68
:1031BC0002FA03F3FB613B681B68FA691340BB61BD
:1031CC00BA69FB699A4240F058813B685B689A4A3D
:1031DC0093425ED0984A934275D8984A934258D0FD
:1031EC00964A93426FD8964A934252D0944A93424D
:1031FC0069D8944A93424CD0924A934263D8924AEB
:10320C00934246D0904A93425DD8122B2AD8122B67
:10321C0059D801A252F823F09F32000879320008E5
:10322C008B320008CD320008D3320008D3320008AC
:10323C00D3320008D3320008D3320008D33200084E
:10324C00D3320008D3320008D3320008D33200083E
:10325C00D3320008D3320008D33200088132000880
:10326C0095320008794A934213D02CE03B68DB6816
:10327C003B6229E03B68DB6804333B6224E03B683B
:10328C00DB6808333B621FE03B68DB680C333B6256
:10329C001AE03B689B68002B02D104233B6213E0CD
:1032AC003B689B68012B05D108233B627B68FA695C
:1032BC001A6109E008233B627B68FA695A6103E0F2
:1032CC0000233B6200E000BFBB69FF2B01D87B6889
:1032DC0001E07B6804337B61BB69FF2B02D87B6AFE
:1032EC009B0002E07B6A083B9B003B617B691A6890
:1032FC000F213B6901FA03F3DB431A40396A3B693E
:10330C0001FA03F31A437B691A603B685B6803F0AC
:10331C008053002B00F0B1804D4B9B694C4A43F01D
:10332C00010393614A4B9B6903F00103BB60BB68CB
:10333C00484A7B6A9B08023352F82330FB607B6A55
:10334C0003F003039B000F2202FA03F3DB43FA683A
:10335C001340FB607B68404A934213D07B683F4A22
:10336C0093420DD07B683E4A934207D07B683D4A1E
:10337C00934201D1032306E0042304E0022302E07C
:10338C00012300E000237A6A02F0030292009340CA
:10339C00FA681343FB602F497B6A9B080233FA6877
:1033AC0041F823203B685B6803F48013002B06D0A4
:1033BC002D4B9A682C49BB6913438B6006E02A4B52
:1033CC009A68BB69DB43284913408B603B685B6898
:1033DC0003F40013002B06D0234BDA682249BB6997
:1033EC001343CB6006E0204BDA68BB69DB431E4914
:1033FC001340CB603B685B6803F40033002B06D0B2
:10340C00194B5A681849BB6913434B6006E0164BBD
:10341C005A68BB69DB43144913404B603B685B68DB
:10342C0003F48033002B21D00F4B1A680E49BB6973
:10343C0013430B6021E000BF00003210000031107C
:10344C0000002210000021100000121000001110CA
:10345C00001002400000014000080140000C014037
:10346C000010014000140140000401400B4B1A688D
:10347C00BB69DB43094913400B607B6A01337B62F8
:10348C003B681A687B6A22FA03F3002B7FF48EAE3A
:10349C0000BF00BF2C37BD4680BC70470004014004
:1034AC0080B485B000AF78600B467B807B689A68EF
:1034BC007B881340002B02D00123FB7301E0002317
:1034CC00FB73FB7B18461437BD4680BC704780B439
:1034DC0083B000AF78600B467B8013467B707B78A3
:1034EC00002B03D07A887B681A6103E07B881A046E
:1034FC007B681A6100BF0C37BD4680BC704700006A
:10350C0080B582B000AF0346FB80084B5A69FB883C
:10351C001340002B06D0054AFB885361FB881846E4
:10352C00FEF7ACF800BF0837BD4680BD0004014073
:10353C0080B584B000AF78607B68002B01D101238B
:10354C002BE17B6893F83D30DBB2002B06D17B6816
:10355C00002283F83C207868FFF742F87B6824222D
:10356C0083F83D207B681B681A687B681B6822F017
:10357C0001021A607B681B681A687B681B6842F43E
:10358C0000421A607B681B681A687B681B6822F40F
:10359C0000421A6001F0FCFBF8607B685B68814AB2
:1035AC00934207D8FB68804A934294BF01230023BF
:1035BC00DBB206E0FB687D4A934294BF01230023F3
:1035CC00DBB2002B01D00123E7E0FB68784AA2FBB9
:1035DC0003239B0CBB607B681B685B6823F03F017B
:1035EC007B681B68BA680A435A607B681B681B6A55
:1035FC0023F03F017B685B686A4A934202D8BB6840
:10360C00013309E0BB684FF4967202FB03F3694A7D
:10361C00A2FB03239B0901337A6812680B431362E4
:10362C007B681B68DB6923F44F4222F0FF027B6846
:10363C005B685C498B4219D8FB68591E7B685B68D8
:10364C005B00B1FBF3F3591C40F6FC730B40002BF1
:10365C000AD0FB68591E7B685B685B00B1FBF3F317
:10366C000133C3F30B0351E004234FE07B689B68E9
:10367C00002B11D1FB68581E7B6859680B465B0008
:10368C000B44B0FBF3F30133C3F30B03002B0CBF60
:10369C0001230023DBB212E0FB68581E7B685968DB
:1036AC000B469B000B4499000B44B0FBF3F3013326
:1036BC00C3F30B03002B0CBF01230023DBB2002B45
:1036CC0001D0012322E07B689B68002B0ED1FB68A4
:1036DC00581E7B6859680B465B000B44B0FBF3F338
:1036EC000133C3F30B0343F400430FE0FB68581E94
:1036FC007B6859680B469B000B4499000B44B0FB4C
:10370C00F3F30133C3F30B0343F4404379680968C3
:10371C001343CB617B681B681B6823F0C0017B687B
:10372C00DA697B681B6A1A437B681B680A431A6058
:10373C007B681B689B6823F4034323F0FF037A68C0
:10374C0011697A68D26811437A6812680B439360E6
:10375C007B681B68DB6823F0FF017B685A697B6818
:10376C009B691A437B681B680A43DA607B681B6899
:10377C001A687B681B6842F001021A607B680022A1
:10378C001A647B68202283F83D207B6800221A6330
:10379C007B68002283F83E20002318461037BD4674
:1037AC0080BD00BFA08601007F841E00FF083D0085
:1037BC0083DE1B43D34D621080B588B002AFF86036
:1037CC00084611461A4603467B810B463B8113463D
:1037DC00FB80FFF7B7F97861FB6893F83D30DBB2FB
:1037EC00202B40F0D9807B690093192301226D496D
:1037FC00F86800F0CDFC0346002B01D00223CCE08E
:10380C00FB6893F83C30012B01D10223C5E0FB6827
:10381C00012283F83C20FB681B681B6803F0010342
:10382C00012B07D0FB681B681A68FB681B6842F009
:10383C0001021A60FB681B681A68FB681B6822F49B
:10384C0000621A60FB68212283F83D20FB6840224D
:10385C0083F83E20FB6800221A64FB683A6A5A62BD
:10386C00FB68BA8C5A85FB685B8D9AB2FB681A852B
:10387C00FB684D4ADA62F8883A8979897B69019349
:10388C00BB6A00930346F86800F004FB0346002B68
:10389C0052D0012381E07A69B96AF86800F092FD90
:1038AC000346002B0DD0FB681B6C042B07D1FB6867
:1038BC001B681A68FB681B6842F400721A600123CB
:1038CC006BE0FB685B6A1A78FB681B681A61FB6823
:1038DC005B6A5A1CFB685A62FB681B8D013B9AB2EF
:1038EC00FB681A85FB685B8D9BB2013B9AB2FB6847
:1038FC005A85FB681B685B6903F00403042B1BD11E
:10390C00FB681B8D002B17D0FB685B6A1A78FB6871
:10391C001B681A61FB685B6A5A1CFB685A62FB687D
:10392C001B8D013B9AB2FB681A85FB685B8D9BB2C1
:10393C00013B9AB2FB685A85FB681B8D002BAAD100
:10394C007A69B96AF86800F085FD0346002B0DD042
:10395C00FB681B6C042B07D1FB681B681A68FB689F
:10396C001B6842F400721A60012316E0FB681B68A6
:10397C001A68FB681B6842F400721A60FB6820220C
:10398C0083F83D20FB68002283F83E20FB68002270
:10399C0083F83C20002300E0022318461837BD466C
:1039AC0080BD00BF020010000000FFFF80B58CB08E
:1039BC0002AFF860084611461A4603467B810B4657
:1039CC003B811346FB8000233B62FFF7BBF8786218
:1039DC00FB6893F83D30DBB2202B40F050827B6AC1
:1039EC000093192301228249F86800F0D1FB0346A9
:1039FC00002B01D0022343E2FB6893F83C30012BEF
:103A0C0001D102233CE2FB68012283F83C20FB68D5
:103A1C001B681B6803F00103012B07D0FB681B68B4
:103A2C001A68FB681B6842F001021A60FB681B688D
:103A3C001A68FB681B6822F400621A60FB68222279
:103A4C0083F83D20FB68402283F83E20FB6800226F
:103A5C001A64FB683A6B5A62FB68BA8E5A85FB682B
:103A6C005B8D9AB2FB681A85FB68624ADA62F88849
:103A7C003A8979897B6A0193BB6B00930346F8689A
:103A8C0000F09EFA0346002B01D00123F8E1FB68FD
:103A9C001B8D002B13D10023FB61FB681B685B693A
:103AAC00FB61FB681B689B69FB61FB69FB681B681E
:103ABC001A68FB681B6842F400721A60CCE1FB6860
:103ACC001B8D012B1ED1FB681B681A68FB681B68D9
:103ADC0022F480621A6072B600BF0023BB61FB68DF
:103AEC001B685B69BB61FB681B689B69BB61BB693D
:103AFC00FB681B681A68FB681B6842F400721A604A
:103B0C0062B635E0FB681B8D022B1ED1FB681B686F
:103B1C001A68FB681B6842F400621A6072B600BF38
:103B2C0000237B61FB681B685B697B61FB681B681E
:103B3C009B697B617B69FB681B681A68FB681B6867
:103B4C0022F480621A6062B612E0FB681B681A6885
:103B5C00FB681B6842F480621A6000233B61FB68BF
:103B6C001B685B693B61FB681B689B693B613B693C
:103B7C0072E1FB681B8D032B00F21F81FB681B8D10
:103B8C00012B23D17A6AB96BF86800F0ABFC0346C1
:103B9C00002B01D0012373E1FB681B681A69FB68D9
:103BAC005B6AD2B21A70FB685B6A5A1CFB685A6279
:103BBC00FB681B8D013B9AB2FB681A85FB685B8D19
:103BCC009BB2013B9AB2FB685A8545E1FB681B8DA1
:103BDC00022B52D17B6A0093BB6B00220649F8681A
:103BEC0000F0D6FA0346002B08D0012348E100BFB1
:103BFC00020010000000FFFF0400010072B600BFBD
:103C0C00FB681B681A68FB681B6842F400721A6038
:103C1C00FB681B681A69FB685B6AD2B21A70FB6896
:103C2C005B6A5A1CFB685A62FB681B8D013B9AB29B
:103C3C00FB681A85FB685B8D9BB2013B9AB2FB68F3
:103C4C005A8562B600BFFB681B681A69FB685B6A21
:103C5C00D2B21A70FB685B6A5A1CFB685A62FB682A
:103C6C001B8D013B9AB2FB681A85FB685B8D9BB27E
:103C7C00013B9AB2FB685A85EEE07B6A0093BB6B02
:103C8C0000228149F86800F083FA0346002B01D02A
:103C9C000123F5E0FB681B681A68FB681B6822F4BB
:103CAC0080621A6072B600BFFB681B681A69FB68F9
:103CBC005B6AD2B21A70FB685B6A5A1CFB685A6268
:103CCC00FB681B8D013B9AB2FB681A85FB685B8D08
:103CDC009BB2013B9AB2FB685A856C4B1B68DB08A4
:103CEC006B4AA2FB03231A0A13469B001344DA0007
:103CFC00D31A3B623B6A013B3B623B6A002B18D1F7
:103D0C00FB6800221A63FB68202283F83D20FB68C5
:103D1C00002283F83E20FB681B6C43F02002FB68FA
:103D2C001A6462B600BFFB68002283F83C200123B2
:103D3C00A6E0FB681B685B6903F00403042BD9D174
:103D4C00FB681B681A68FB681B6842F400721A60F7
:103D5C00FB681B681A69FB685B6AD2B21A70FB6855
:103D6C005B6A5A1CFB685A62FB681B8D013B9AB25A
:103D7C00FB681A85FB685B8D9BB2013B9AB2FB68B2
:103D8C005A8562B600BFFB681B681A69FB685B6AE0
:103D9C00D2B21A70FB685B6A5A1CFB685A62FB68E9
:103DAC001B8D013B9AB2FB681A85FB685B8D9BB23D
:103DBC00013B9AB2FB685A854EE07A6AB96BF86897
:103DCC0000F090FB0346002B01D0012358E0FB6868
:103DDC001B681A69FB685B6AD2B21A70FB685B6A73
:103DEC005A1CFB685A62FB681B8D013B9AB2FB683C
:103DFC001A85FB685B8D9BB2013B9AB2FB685A85B6
:103E0C00FB681B685B6903F00403042B24D1FB687B
:103E1C001B8D032B07D1FB681B681A68FB681B689A
:103E2C0022F480621A60FB681B681A69FB685B6A83
:103E3C00D2B21A70FB685B6A5A1CFB685A62FB6848
:103E4C001B8D013B9AB2FB681A85FB685B8D9BB29C
:103E5C00013B9AB2FB685A85FB681B8D002B7FF4E3
:103E6C0088AEFB68202283F83D20FB68002283F893
:103E7C003E20FB68002283F83C20002300E0022354
:103E8C0018462837BD4680BD040001000400002000
:103E9C0089B5F81480B588B002AFF86008461146B1
:103EAC001A4603467B810B463B811346FB80FB681D
:103EBC001B681A68FB681B6842F480721A607B6A84
:103ECC0000933B6A00224FF00111F86800F060F992
:103EDC000346002B0DD0FB681B681B6803F4807332
:103EEC00B3F5807F03D1FB684FF400721A6403238F
:103EFC005FE07B89DBB21A46FB681B6802F0FE02AE
:103F0C001A617B6A3A6A2D49F86800F0BBF90346DE
:103F1C00002B01D001234CE000237B61FB681B6864
:103F2C005B697B61FB681B689B697B617B697A6A57
:103F3C00396AF86800F046FA0346002B0DD0FB688E
:103F4C001B6C042B07D1FB681B681A68FB681B6889
:103F5C0042F400721A6001232BE0FB88012B05D17F
:103F6C003B89DAB2FB681B681A6121E03B891B0AAA
:103F7C009BB2DAB2FB681B681A617A6A396AF86814
:103F8C0000F020FA0346002B0DD0FB681B6C042BB1
:103F9C0007D1FB681B681A68FB681B6842F4007247
:103FAC001A60012305E03B89DAB2FB681B681A61D1
:103FBC00002318461837BD4680BD00BF0200010023
:103FCC0080B588B002AFF860084611461A46034621
:103FDC007B810B463B811346FB80FB681B681A6890
:103FEC00FB681B6842F480621A60FB681B681A68E5
:103FFC00FB681B6842F480721A607B6A00933B6A10
:10400C0000224FF00111F86800F0C2F80346002BB3
:10401C000DD0FB681B681B6803F48073B3F5807FBD
:10402C0003D1FB684FF400721A640323AAE07B8966
:10403C00DBB21A46FB681B6802F0FE021A617B6A4F
:10404C003A6A5249F86800F01DF90346002B01D07A
:10405C00012397E000237B61FB681B685B697B6134
:10406C00FB681B689B697B617B697A6A396AF868B3
:10407C0000F0A8F90346002B0DD0FB681B6C042B39
:10408C0007D1FB681B681A68FB681B6842F4007256
:10409C001A60012376E0FB88012B05D13B89DAB24B
:1040AC00FB681B681A6121E03B891B0A9BB2DAB2E0
:1040BC00FB681B681A617A6A396AF86800F082F941
:1040CC000346002B0DD0FB681B6C042B07D1FB683F
:1040DC001B681A68FB681B6842F400721A600123A3
:1040EC0050E03B89DAB2FB681B681A617A6A396A5C
:1040FC00F86800F067F90346002B0DD0FB681B6CC9
:10410C00042B07D1FB681B681A68FB681B6842F418
:10411C0000721A60012335E0FB681B681A68FB68A3
:10412C001B6842F480721A607B6A00933B6A00221F
:10413C004FF00111F86800F02BF80346002B0DD05E
:10414C00FB681B681B6803F48073B3F5807F03D195
:10415C00FB684FF400721A64032313E07B89DBB213
:10416C0043F00103DAB2FB681B681A617B6A3A6A96
:10417C000649F86800F086F80346002B01D00123AD
:10418C0000E0002318461837BD4680BD0200010030
:10419C0080B584B000AFF860B9603B601346FB712A
:1041AC0048E03B68B3F1FF3F44D0FEF7CBFC02463E
:1041BC00BB69D31A3A689A4202D33B68002B39D1B7
:1041CC00BB681B0CDBB2012B0DD1FB681B685B6958
:1041DC00DA43BB6813409BB2002B0CBF01230023B6
:1041EC00DBB21A460CE0FB681B689B69DA43BB68C0
:1041FC0013409BB2002B0CBF01230023DBB21A46E9
:10420C00FB799A4216D1FB6800221A63FB682022C4
:10421C0083F83D20FB68002283F83E20FB681B6C72
:10422C0043F02002FB681A64FB68002283F83C20F0
:10423C00012323E0BB681B0CDBB2012B0DD1FB6807
:10424C001B685B69DA43BB6813409BB2002B0CBF45
:10425C0001230023DBB21A460CE0FB681B689B6948
:10426C00DA43BB6813409BB2002B0CBF0123002325
:10427C00DBB21A46FB799A4293D0002318461037CA
:10428C00BD4680BD80B584B000AFF860B9607A607F
:10429C003B6071E0FB681B685B6903F48063B3F5FA
:1042AC00806F23D1FB681B681A68FB681B6842F49B
:1042BC0000721A60FB681B686FF480625A61FB68BD
:1042CC0000221A63FB68202283F83D20FB68002241
:1042DC0083F83E20FB681B6C43F00402FB681A64F5
:1042EC00FB68002283F83C20012367E07B68B3F174
:1042FC00FF3F41D0FEF726FC02463B68D31A7A6892
:10430C009A4202D37B68002B36D1BB681B0CDBB204
:10431C00012B0CD1FB681B685B69DA43BB6813404B
:10432C009BB2002B14BF01230023DBB20BE0FB6814
:10433C001B689B69DA43BB6813409BB2002B14BF0C
:10434C0001230023DBB2002B16D0FB6800221A637A
:10435C00FB68202283F83D20FB68002283F83E2076
:10436C00FB681B6C43F02002FB681A64FB6800229C
:10437C0083F83C20012321E0BB681B0CDBB2012B32
:10438C000CD1FB681B685B69DA43BB6813409BB2BA
:10439C00002B14BF01230023DBB20BE0FB681B686E
:1043AC009B69DA43BB6813409BB2002B14BF0123FB
:1043BC000023DBB2002B7FF46DAF002318461037BF
:1043CC00BD4680BD80B584B000AFF860B9607A603E
:1043DC0034E0F86800F0E3F80346002B01D0012329
:1043EC0034E0BB68B3F1FF3F28D0FEF7ABFB0246CD
:1043FC007B68D31ABA689A4202D3BB68002B1DD1D2
:10440C00FB681B685B6903F08003802B16D0FB688C
:10441C0000221A63FB68202283F83D20FB680022EF
:10442C0083F83E20FB681B6C43F02002FB681A6487
:10443C00FB68002283F83C20012307E0FB681B6823
:10444C005B6903F08003802BC3D10023184610371F
:10445C00BD4680BD80B584B000AFF860B9607A60AD
:10446C0034E0F86800F09BF80346002B01D00123E0
:10447C0034E0BB68B3F1FF3F28D0FEF763FB024684
:10448C007B68D31ABA689A4202D3BB68002B1DD141
:10449C00FB681B685B6903F00403042B16D0FB68F4
:1044AC0000221A63FB68202283F83D20FB6800225F
:1044BC0083F83E20FB681B6C43F02002FB681A64F7
:1044CC00FB68002283F83C20012307E0FB681B6893
:1044DC005B6903F00403042BC3D100231846103787
:1044EC00BD4680BD80B584B000AFF860B9607A601D
:1044FC0049E0FB681B685B6903F01003102B19D1B2
:10450C00FB681B686FF010025A61FB6800221A638B
:10451C00FB68202283F83D20FB68002283F83E20B4
:10452C00FB681A6CFB681A64FB68002283F83C2059
:10453C00012330E0FEF706FB02467B68D31ABA680B
:10454C009A4202D3BB68002B1DD1FB681B685B69C8
:10455C0003F04003402B16D0FB6800221A63FB6863
:10456C00202283F83D20FB68002283F83E20FB6864
:10457C001B6C43F02002FB681A64FB68002283F872
:10458C003C20012307E0FB681B685B6903F04003D8
:10459C00402BAED1002318461037BD4680BD80B4E9
:1045AC0083B000AF78607B681B685B6903F4806341
:1045BC00B3F5806F1BD17B681B686FF480625A6106
:1045CC007B6800221A637B68202283F83D207B687D
:1045DC00002283F83E207B681B6C43F004027B684E
:1045EC001A647B68002283F83C20012300E000233E
:1045FC0018460C37BD4680BC7047000080B586B0AD
:10460C0000AF78607B68002B01D1012372E27B68DC
:10461C001B6803F00103002B00F08780924B5B6852
:10462C0003F00C03042B0CD08F4B5B6803F00C03D2
:10463C00082B12D18C4B5B6803F48033B3F5803FAD
:10464C000BD1894B1B6803F40033002B6CD07B68B7
:10465C005B68002B68D101234CE27B685B68B3F587
:10466C00803F06D1804B1B687F4A43F48033136034
:10467C002EE07B685B68002B0CD17B4B1B687A4A65
:10468C0023F480331360784B1B68774A23F4802320
:10469C0013601DE07B685B68B3F5A02F0CD1724BE7
:1046AC001B68714A43F4802313606F4B1B686E4A7E
:1046BC0043F4803313600BE06B4B1B686A4A23F4A2
:1046CC0080331360684B1B68674A23F480231360A4
:1046DC007B685B68002B13D0FEF734FA386108E076
:1046EC00FEF730FA02463B69D31A642B01D9032337
:1046FC0000E25D4B1B6803F40033002BF0D014E098
:10470C00FEF720FA386108E0FEF71CFA02463B6916
:10471C00D31A642B01D90323ECE1534B1B6803F42C
:10472C000033002BF0D100E000BF7B681B6803F066
:10473C000203002B63D04C4B5B6803F00C03002B83
:10474C000BD0494B5B6803F00C03082B1CD1464B78
:10475C005B6803F48033002B16D1434B1B6803F0CA
:10476C000203002B05D07B681B69012B01D00123B0
:10477C00C0E13D4B1B6823F0F8027B685B69DB00F2
:10478C00394913430B603AE07B681B69002B20D03E
:10479C00364B01221A60FEF7D5F9386108E0FEF7B6
:1047AC00D1F902463B69D31A022B01D90323A1E1AB
:1047BC002D4B1B6803F00203002BF0D02A4B1B6817
:1047CC0023F0F8027B685B69DB00274913430B601D
:1047DC0015E0264B00221A60FEF7B4F9386108E0A8
:1047EC00FEF7B0F902463B69D31A022B01D9032319
:1047FC0080E11D4B1B6803F00203002BF0D17B689A
:10480C001B6803F00803002B3AD07B689B69002BD4
:10481C0019D0174B01221A60FEF794F9386108E0A1
:10482C00FEF790F902463B69D31A022B01D90323F8
:10483C0060E10D4B5B6A03F00203002BF0D001200A
:10484C0000F0CEFA1CE00A4B00221A60FEF77AF94F
:10485C0038610FE0FEF776F902463B69D31A022B5A
:10486C0008D9032346E100BF001002400000424279
:10487C0080044242924B5B6A03F00203002BE9D1A5
:10488C007B681B6803F00403002B00F0A680002358
:10489C00FB758B4BDB6903F08053002B0DD1884BE0
:1048AC00DB69874A43F08053D361854BDB6903F0A6
:1048BC008053BB60BB680123FB75824B1B6803F400
:1048CC008073002B18D17F4B1B687E4A43F4807396
:1048DC001360FEF737F9386108E0FEF733F902464A
:1048EC003B69D31A642B01D9032303E1754B1B6875
:1048FC0003F48073002BF0D07B68DB68012B06D1AE
:10490C006F4B1B6A6E4A43F0010313622DE07B6808
:10491C00DB68002B0CD16A4B1B6A694A23F001033C
:10492C001362674B1B6A664A23F0040313621CE094
:10493C007B68DB68052B0CD1614B1B6A604A43F02A
:10494C00040313625E4B1B6A5D4A43F0010313625E
:10495C000BE05B4B1B6A5A4A23F001031362584B62
:10496C001B6A574A23F0040313627B68DB68002B35
:10497C0015D0FEF7E7F838610AE0FEF7E3F80246D7
:10498C003B69D31A41F28832934201D90323B1E037
:10499C004B4B1B6A03F00203002BEED014E0FEF726
:1049AC00D1F838610AE0FEF7CDF802463B69D31A1C
:1049BC0041F28832934201D903239BE0404B1B6A9E
:1049CC0003F00203002BEED1FB7D012B05D13C4BF8
:1049DC00DB693B4A23F08053D3617B68DB69002B96
:1049EC0000F08780364B5B6803F00C03082B61D01A
:1049FC007B68DB69022B46D1334B00221A60FEF731
:104A0C00A1F8386108E0FEF79DF802463B69D31A1D
:104A1C00022B01D903236DE0294B1B6803F00073B3
:104A2C00002BF0D17B681B6AB3F5803F08D1244B77
:104A3C005B6823F400327B689B68214913434B600D
:104A4C001F4B5B6823F474127B68196A7B685B6A82
:104A5C000B431B4913434B601B4B01221A60FEF79F
:104A6C0071F8386108E0FEF76DF802463B69D31A1D
:104A7C00022B01D903233DE0114B1B6803F000739B
:104A8C00002BF0D035E0104B00221A60FEF75AF8DC
:104A9C00386108E0FEF756F802463B69D31A022B40
:104AAC0001D9032326E0064B1B6803F00073002B8F
:104ABC00F0D11EE07B68DB69012B07D1012319E0E3
:104ACC000010024000700040600042420B4B5B68DB
:104ADC00FB60FB6803F480327B681B6A9A4206D148
:104AEC00FB6803F470127B685B6A9A4201D0012365
:104AFC0000E0002318461837BD4680BD0010024068
:104B0C0080B584B000AF786039607B68002B01D130
:104B1C000123D0E06A4B1B6803F007033A689A4202
:104B2C0010D9674B1B6823F0070265493B68134398
:104B3C000B60634B1B6803F007033A689A4201D081
:104B4C000123B8E07B681B6803F00203002B20D024
:104B5C007B681B6803F00403002B05D0594B5B6882
:104B6C00584A43F4E06353607B681B6803F0080306
:104B7C00002B05D0534B5B68524A43F4605353608F
:104B8C00504B5B6823F0F0027B689B684D491343E4
:104B9C004B607B681B6803F00103002B40D07B68E3
:104BAC005B68012B07D1474B1B6803F40033002BC8
:104BBC0015D101237FE07B685B68022B07D1414B49
:104BCC001B6803F00073002B09D1012373E03D4BEC
:104BDC001B6803F00203002B01D101236BE0394B5E
:104BEC005B6823F003027B685B68364913434B60B8
:104BFC00FDF7A8FFF8600AE0FDF7A4FF0246FB688A
:104C0C00D31A41F28832934201D9032353E02D4B3E
:104C1C005B6803F00C027B685B689B009A42EBD1EB
:104C2C00274B1B6803F007033A689A4210D2244BB7
:104C3C001B6823F0070222493B6813430B60204B8F
:104C4C001B6803F007033A689A4201D0012332E053
:104C5C007B681B6803F00403002B08D0194B5B68BE
:104C6C0023F4E0627B68DB68164913434B607B6876
:104C7C001B6803F00803002B09D0124B5B6823F46C
:104C8C0060527B681B69DB000E4913434B6000F0DC
:104C9C0021F802460B4B5B681B0903F00F030A4912
:104CAC00CB5C22FA03F3094A1360094B1B681846C4
:104CBC00FDF706FF002318461037BD4680BD00BF28
:104CCC0000200240001002401C7D0008040000205F
:104CDC000800002080B487B000AF0023FB600023E5
:104CEC00BB6000237B6100237B6000233B611E4B78
:104CFC005B68FB60FB6803F00C03042B02D0082BF1
:104D0C0003D027E0194B3B6127E0FB689B0C03F0B9
:104D1C000F03174AD35C7B60FB6803F48033002BD2
:104D2C0010D0114B5B685B0C03F00103114AD35C90
:104D3C00BB607B680D4A03FB02F2BB68B2FBF3F36A
:104D4C007B6104E07B680C4A02FB03F37B617B69AB
:104D5C003B6102E0054B3B6100BF3B6918461C37C9
:104D6C00BD4680BC704700BF0010024000127A00A4
:104D7C00347D0008447D000800093D0080B400AF7C
:104D8C00024B1B681846BD4680BC704704000020CF
:104D9C0080B500AFFFF7F2FF0246054B5B681B0ABC
:104DAC0003F007030349CB5C22FA03F3184680BDDA
:104DBC00001002402C7D000880B500AFFFF7DEFF2D
:104DCC000246054B5B68DB0A03F007030349CB5C27
:104DDC0022FA03F3184680BD001002402C7D000817
:104DEC0080B485B000AF78600A4B1B680A4AA2FBFE
:104DFC0003235B0A7A6802FB03F3FB6000BFFB68CA
:104E0C005A1EFA60002BF9D100BF00BF1437BD4603
:104E1C0080BC704704000020D34D621080B582B076
:104E2C0000AF78607B68002B01D1012376E07B68B2
:104E3C005B6A002B08D17B685B68B3F5827F09D075
:104E4C007B680022DA6105E07B6800221A617B68CE
:104E5C0000225A617B6800229A627B6893F8513079
:104E6C00DBB2002B06D17B68002283F850207868D7
:104E7C00FDF7F4FB7B68022283F851207B681B68EA
:104E8C001A687B681B6822F040021A607B685B68BA
:104E9C0003F482727B689B6803F404431A437B68B7
:104EAC00DB6803F400631A437B681B6903F002039D
:104EBC001A437B685B6903F001031A437B689B69A7
:104ECC0003F400731A437B68DB6903F038031A435D
:104EDC007B681B6A03F0800342EA03017B689B6AD0
:104EEC0003F400527B681B680A431A607B689B6959
:104EFC001A0C7B681B6802F004025A607B681B6802
:104F0C00DA697B681B6822F40062DA617B68002234
:104F1C005A657B68012283F8512000231846083714
:104F2C00BD4680BD80B588B000AFF860B9603B600D
:104F3C001346FB80FDF706FEF861FB887B83FB685C
:104F4C0093F85130DBB2012B01D002232AE1BB686C
:104F5C00002B02D0FB88002B01D1012322E1FB683E
:104F6C0093F85030012B01D102231BE1FB68012285
:104F7C0083F85020FB68032283F85120FB68002241
:104F8C005A65FB68BA681A63FB68FA889A86FB68EC
:104F9C00FA88DA86FB6800229A63FB6800229A87FB
:104FAC00FB680022DA87FB6800225A64FB68002247
:104FBC001A64FB689B68B3F5004F0FD1FB681B6844
:104FCC001A68FB681B6822F040021A60FB681B68B9
:104FDC001A68FB681B6842F480421A60FB681B6805
:104FEC001B6803F04003402B07D0FB681B681A6852
:104FFC00FB681B6842F040021A60FB68DB68B3F583
:10500C00006F52D1FB685B68002B02D07B8B012BAD
:10501C0045D1FB681B6B1A88FB681B68DA60FB6860
:10502C001B6B9A1CFB681A63FB68DB8E9BB2013B03
:10503C009AB2FB68DA8632E0FB681B689B6803F067
:10504C000203022B12D1FB681B6B1A88FB681B68CE
:10505C00DA60FB681B6B9A1CFB681A63FB68DB8EBF
:10506C009BB2013B9AB2FB68DA8618E0FDF76AFD49
:10507C000246FB69D31A3A689A4203D83B68B3F1EB
:10508C00FF3F02D13B68002B09D1FB68012283F85A
:10509C005120FB68002283F85020032382E0FB6838
:1050AC00DB8E9BB2002BC7D153E0FB685B68002BF7
:1050BC0002D07B8B012B47D1FB681A6BFB681B68FA
:1050CC000C3312781A70FB681B6B5A1CFB681A6342
:1050DC00FB68DB8E9BB2013B9AB2FB68DA8633E04D
:1050EC00FB681B689B6803F00203022B13D1FB685F
:1050FC001A6BFB681B680C3312781A70FB681B6BFD
:10510C005A1CFB681A63FB68DB8E9BB2013B9AB29C
:10511C00FB68DA8618E0FDF715FD0246FB69D31A29
:10512C003A689A4203D83B68B3F1FF3F02D13B681F
:10513C00002B09D1FB68012283F85120FB68002267
:10514C0083F8502003232DE0FB68DB8E9BB2002BF1
:10515C00C6D1FA693968F86800F0F6F90346002BF5
:10516C0002D0FB6820225A65FB689B68002B0AD191
:10517C0000237B61FB681B68DB687B61FB681B6839
:10518C009B687B617B69FB68012283F85120FB687B
:10519C00002283F85020FB685B6D002B01D00123AB
:1051AC0000E0002318462037BD4680BD80B584B092
:1051BC0000AFF860B9601346FB80FB6893F8513080
:1051CC00DBB2012B01D0022397E0BB68002B02D08D
:1051DC00FB88002B01D101238FE0FB6893F8503042
:1051EC00012B01D1022388E0FB68012283F85020B7
:1051FC00FB68032283F85120FB6800225A65FB6888
:10520C00BA681A63FB68FA889A86FB68FA88DA86A9
:10521C00FB6800229A63FB6800225A64FB68002238
:10522C001A64FB6800229A87FB680022DA87FB6805
:10523C009B68B3F5004F0FD1FB681B681A68FB68BD
:10524C001B6822F040021A60FB681B681A68FB6836
:10525C001B6842F480421A60FB689B6C294ADA6234
:10526C00FB689B6C284A9A62FB689B6C274A1A6302
:10527C00FB689B6C00225A63FB68986CFB681B6B89
:10528C001946FB681B680C331A46FB68DB8E9BB215
:10529C00FDF7EEFD0346002B0BD0FB685B6D43F076
:1052AC001002FB685A65FB68002283F8502001232A
:1052BC0023E0FB681B681B6803F04003402B07D0FE
:1052CC00FB681B681A68FB681B6842F040021A6096
:1052DC00FB68002283F85020FB681B685A68FB6847
:1052EC001B6842F020025A60FB681B685A68FB6816
:1052FC001B6842F002025A60002318461037BD4664
:10530C0080BD00BFE7530008415300080354000858
:10531C0080B483B000AF786000BF0C37BD4680BC52
:10532C00704780B483B000AF786000BF0C37BD46C7
:10533C0080BC704780B586B000AF78607B685B6AD4
:10534C007B61FDF7FFFB38617B681B681B6803F012
:10535C002003202B3BD07B691B685A687B691B6838
:10536C0022F020025A607B691B685A687B691B68B3
:10537C0022F002025A603A696421786900F0E4F87C
:10538C000346002B05D07B695B6D43F020027B69E3
:10539C005A657B699B68002B0AD10023FB607B69F3
:1053AC001B68DB68FB607B691B689B68FB60FB68A8
:1053BC007B690022DA867B69012283F851207B69A4
:1053CC005B6D002B03D07869FFF7ABFF02E07869C7
:1053DC0001F0ECFA1837BD4680BD80B584B000AF43
:1053EC0078607B685B6AFB60F868FFF791FF00BF31
:1053FC001037BD4680BD80B584B000AF78607B6847
:10540C005B6AFB60FB681B685A68FB681B6822F0D0
:10541C0003025A60FB685B6D43F01002FB685A652F
:10542C00FB68012283F85120F868FFF77AFF00BF70
:10543C001037BD4680BD000080B588B000AFF86065
:10544C00B9603B601346FB71FDF77CFB0246BB6AFF
:10545C009B1A3A681344FB61FDF774FBB861394B36
:10546C001B685B011B0DFA6902FB03F37B6154E0C3
:10547C003B68B3F1FF3F50D0FDF764FB0246BB69BC
:10548C00D31AFA699A4202D9FB69002B3DD1FB6809
:10549C001B685A68FB681B6822F0E0025A60FB68C4
:1054AC005B68B3F5827F11D1FB689B68B3F5004F45
:1054BC0004D0FB689B68B3F5806F07D1FB681B6851
:1054CC001A68FB681B6822F040021A60FB689B6A32
:1054DC00B3F5005F0FD1FB681B681A68FB681B688B
:1054EC0022F400521A60FB681B681A68FB681B6880
:1054FC0042F400521A60FB68012283F85120FB68C9
:10550C00002283F85020032317E07B69002B01D184
:10551C000023FB617B69013B7B61FB681B689A681C
:10552C00BB681340BA689A420CBF01230023DBB25C
:10553C001A46FB799A429BD1002318462037BD4668
:10554C0080BD00BF0400002080B586B002AFF860BB
:10555C00B9607A607B680093BB6801220221F8680D
:10556C00FFF76AFF0346002B07D0FB685B6D43F027
:10557C002002FB685A65032313E07B680093BB6829
:10558C0000228021F868FFF757FF0346002B07D055
:10559C00FB685B6D43F02002FB685A65032300E057
:1055AC00002318461037BD4680BD80B582B000AFD1
:1055BC0078607B68002B01D1012341E07B6893F874
:1055CC003D30DBB2002B06D17B68002283F83C20F7
:1055DC007868FDF737F97B68022283F83D207B68F9
:1055EC001A687B6804331946104600F0A9FB7B68E7
:1055FC00012283F846207B68012283F83E207B68D9
:10560C00012283F83F207B68012283F840207B68CD
:10561C00012283F841207B68012283F842207B68B9
:10562C00012283F843207B68012283F844207B68A5
:10563C00012283F845207B68012283F83D2000235A
:10564C0018460837BD4680BD80B485B000AF786081
:10565C007B6893F83D30DBB2012B01D0012332E0A3
:10566C007B68022283F83D207B681B68184A9342B2
:10567C000ED07B681B68B3F1804F09D07B681B6828
:10568C00144A934204D07B681B68134A934211D18D
:10569C007B681B689B6803F00703FB60FB68062BA9
:1056AC0010D07B681B681A687B681B6842F001028B
:1056BC001A6007E07B681B681A687B681B6842F0FD
:1056CC0001021A60002318461437BD4680BC70478F
:1056DC00002C0140000400400008004080B483B05E
:1056EC0000AF78607B681B681A6A41F21113134093
:1056FC00002B0FD17B681B681A6A40F2444313409D
:10570C00002B07D17B681B681A687B681B6822F02A
:10571C0001021A607B68012283F83D2000231846A1
:10572C000C37BD4680BC704780B586B000AF786042
:10573C0039607B68002B01D1012393E07B6893F8DF
:10574C003D30DBB2002B06D17B68002283F83C2075
:10575C007868FDF733F87B68022283F83D207B687C
:10576C001B689B687A68126823F4804323F0070354
:10577C0093607B681A687B6804331946104600F006
:10578C00DFFA7B681B689B687B617B681B689B6985
:10579C003B617B681B681B6AFB603B681B687A6912
:1057AC0013437B613B6923F4407323F003033B6198
:1057BC003B689A683B689B691B0213433A69134325
:1057CC003B613B6923F4406323F00C033B613B6971
:1057DC0023F4704323F0F0033B613B68DA683B68C9
:1057EC00DB691B0213433A6913433B613B681B693A
:1057FC001A013B681B6A1B0313433A6913433B6151
:10580C00FB6823F02203FB603B685A683B685B69CA
:10581C001B011343FA681343FB607B681B687A69AE
:10582C009A607B681B683A699A617B681B68FA68A6
:10583C001A627B68012283F846207B68012283F878
:10584C003E207B68012283F83F207B68012283F88D
:10585C0042207B68012283F843207B68012283F875
:10586C003D20002318461837BD4680BD80B584B056
:10587C0000AF786039607B6893F83E30FB737B68CF
:10588C0093F83F30BB737B6893F842307B737B6833
:10589C0093F843303B733B68002B10D1FB7B012BFF
:1058AC0002D17B7B012B01D0012369E07B680222B2
:1058BC0083F83E207B68022283F8422031E03B686B
:1058CC00042B10D1BB7B012B02D13B7B012B01D0D4
:1058DC00012355E07B68022283F83F207B6802227B
:1058EC0083F843201DE0FB7B012B08D1BB7B012BF4
:1058FC0005D17B7B012B02D13B7B012B01D00123FA
:10590C003EE07B68022283F83E207B68022283F80B
:10591C003F207B68022283F842207B68022283F8B6
:10592C0043203B68002B03D03B68042B08D00FE0CE
:10593C007B681B6801220021184600F005FB16E06D
:10594C007B681B6801220421184600F0FDFA0EE06A
:10595C007B681B6801220021184600F0F5FA7B6871
:10596C001B6801220421184600F0EEFA00BF7B6888
:10597C001B681A687B681B6842F001021A600023DE
:10598C0018461037BD4680BD80B584B000AF786036
:10599C007B681B68DB68FB607B681B681B69BB60F2
:1059AC00BB6803F00203002B20D0FB6803F002035A
:1059BC00002B1BD07B681B686FF002021A617B689E
:1059CC0001221A777B681B689B6903F00303002B89
:1059DC0003D07868FBF72AFE05E0786800F094F9AC
:1059EC00786800F09AF97B6800221A77BB6803F09C
:1059FC000403002B20D0FB6803F00403002B1BD006
:105A0C007B681B686FF004021A617B6802221A77AC
:105A1C007B681B689B6903F44073002B03D0786888
:105A2C00FBF704FE05E0786800F06EF9786800F08A
:105A3C0074F97B6800221A77BB6803F00803002B0B
:105A4C0020D0FB6803F00803002B1BD07B681B687D
:105A5C006FF008021A617B6804221A777B681B6856
:105A6C00DB6903F00303002B03D07868FBF7DEFD42
:105A7C0005E0786800F048F9786800F04EF97B682A
:105A8C0000221A77BB6803F01003002B20D0FB68B0
:105A9C0003F01003002B1BD07B681B686FF0100207
:105AAC001A617B6808221A777B681B68DB6903F430
:105ABC004073002B03D07868FBF7B8FD05E07868DD
:105ACC0000F022F9786800F028F97B6800221A7738
:105ADC00BB6803F00103002B0CD0FB6803F001033F
:105AEC00002B07D07B681B686FF001021A61786885
:105AFC0000F001F9BB6803F08003002B0CD0FB68AD
:105B0C0003F08003002B07D07B681B686FF08002CA
:105B1C001A61786800F0A3FABB6803F04003002B0D
:105B2C000CD0FB6803F04003002B07D07B681B688C
:105B3C006FF040021A61786800F0F8F8BB6803F067
:105B4C002003002B0CD0FB6803F02003002B07D0A4
:105B5C007B681B686FF020021A61786800F076FA97
:105B6C0000BF1037BD4680BD80B584B000AF7860F3
:105B7C0039600023FB737B6893F83C30012B01D117
:105B8C000223B4E07B68012283F83C207B6802226C
:105B9C0083F83D207B681B689B68BB60BB6823F067
:105BAC007703BB60BB6823F47F43BB607B681B68D7
:105BBC00BA689A603B681B68B3F5005F3ED0B3F5DA
:105BCC00005F00F28780B3F5805F00F08680B3F54C
:105BDC00805F7FD8702B1AD0702B7BD8602B50D065
:105BEC00602B77D8502B3CD0502B73D8402B58D0EF
:105BFC00402B6FD8302B64D0302B6BD8202B60D03F
:105C0C00202B67D8002B5CD0102B5AD062E07B681D
:105C1C0018683B6899683B685A683B68DB6800F019
:105C2C0074F97B681B689B68BB60BB6843F07703A7
:105C3C00BB607B681B68BA689A604FE07B68186829
:105C4C003B6899683B685A683B68DB6800F05DF913
:105C5C007B681B689A687B681B6842F480429A6078
:105C6C003CE07B6818683B6859683B68DB681A46FF
:105C7C0000F0D4F87B681B685021184600F02BF913
:105C8C002CE07B6818683B6859683B68DB681A46EF
:105C9C0000F0F2F87B681B686021184600F01BF9D5
:105CAC001CE07B6818683B6859683B68DB681A46DF
:105CBC0000F0B4F87B681B684021184600F00BF923
:105CCC000CE07B681A683B681B681946104600F0AC
:105CDC0002F903E00123FB7300E000BF7B680122A3
:105CEC0083F83D207B68002283F83C20FB7B184620
:105CFC001037BD4680BD80B483B000AF786000BF64
:105D0C000C37BD4680BC704780B483B000AF786060
:105D1C0000BF0C37BD4680BC704780B483B000AF69
:105D2C00786000BF0C37BD4680BC704780B483B030
:105D3C0000AF786000BF0C37BD4680BC70470000D8
:105D4C0080B485B000AF786039607B681B68FB60FD
:105D5C007B682F4A93420BD07B68B3F1804F07D0FE
:105D6C007B682C4A934203D07B682B4A934208D120
:105D7C00FB6823F07003FB603B685B68FA681343B5
:105D8C00FB607B68224A93420BD07B68B3F1804F57
:105D9C0007D07B681F4A934203D07B681E4A93420C
:105DAC0008D1FB6823F44073FB603B68DB68FA683E
:105DBC001343FB60FB6823F080023B685B69134371
:105DCC00FB607B68FA681A603B689A687B68DA62E9
:105DDC003B681A687B689A627B680D4A934203D1D0
:105DEC003B681A697B681A637B6801225A617B687D
:105DFC001B6903F00103002B05D07B681B6923F0A2
:105E0C0001027B681A6100BF1437BD4680BC704725
:105E1C00002C0140000400400008004080B487B012
:105E2C0000AFF860B9607A60FB681B6A7B61FB6845
:105E3C001B6A23F00102FB681A62FB689B693B61D9
:105E4C003B6923F0F0033B617B681B013A69134308
:105E5C003B617B6923F00A037B617A69BB6813435E
:105E6C007B61FB683A699A61FB687A691A6200BFC8
:105E7C001C37BD4680BC704780B487B000AFF8605B
:105E8C00B9607A60FB681B6A7B61FB681B6A23F054
:105E9C001002FB681A62FB689B693B613B6923F447
:105EAC0070433B617B681B033A6913433B617B691D
:105EBC0023F0A0037B61BB681B017A6913437B61F0
:105ECC00FB683A699A61FB687A691A6200BF1C37F1
:105EDC00BD4680BC704780B485B000AF7860396037
:105EEC007B689B68FB60FB6823F07003FB603A687F
:105EFC00FB68134343F00703FB607B68FA689A6006
:105F0C0000BF1437BD4680BC704780B487B000AF6B
:105F1C00F860B9607A603B60FB689B687B617B6969
:105F2C0023F47F437B613B681A027B681A43BB688E
:105F3C0013437A6913437B61FB687A699A6000BFEB
:105F4C001C37BD4680BC704780B487B000AFF8608A
:105F5C00B9607A60BB6803F01F03012202FA03F3F5
:105F6C007B61FB681A6A7B69DB431A40FB681A6227
:105F7C00FB681A6ABB6803F01F03796801FA03F324
:105F8C001A43FB681A6200BF1C37BD4680BC7047C1
:105F9C0080B485B000AF786039607B6893F83C3092
:105FAC00012B01D1022346E07B68012283F83C20BF
:105FBC007B68022283F83D207B681B685B68FB6072
:105FCC007B681B689B68BB60FB6823F07003FB60FD
:105FDC003B681B68FA681343FB607B681B68FA68B4
:105FEC005A607B681B68164A93420ED07B681B680C
:105FFC00B3F1804F09D07B681B68124A934204D0DE
:10600C007B681B68104A93420CD1BB6823F0800359
:10601C00BB603B685B68BA681343BB607B681B68FA
:10602C00BA689A607B68012283F83D207B68002265
:10603C0083F83C20002318461437BD4680BC7047BB
:10604C00002C0140000400400008004080B483B0E4
:10605C0000AF786000BF0C37BD4680BC704780B481
:10606C0083B000AF786000BF0C37BD4680BC704772
:10607C0080B582B000AF78607B68002B01D1012322
:10608C0042E07B6893F84130DBB2002B06D17B6891
:10609C00002283F840207868FCF706FC7B682422F9
:1060AC0083F841207B681B68DA687B681B6822F4E4
:1060BC000052DA60786800F02BF87B681B681A696C
:1060CC007B681B6822F490421A617B681B685A69D2
:1060DC007B681B6822F02A025A617B681B68DA68AD
:1060EC007B681B6842F40052DA607B6800225A64B9
:1060FC007B68202283F841207B68202283F8422091
:10610C007B6800225A63002318460837BD4680BDC1
:10611C0080B584B000AF78607B681B681B6923F482
:10612C0040517B68DA687B681B680A431A617B689C
:10613C009A687B681B691A437B685B691343BB6075
:10614C007B681B68DB6823F4B05323F00C037A687C
:10615C001268B9680B43D3607B681B685B6923F4D6
:10616C0040717B689A697B681B680A435A617B683B
:10617C001B682C4A934203D1FEF71EFEF86002E026
:10618C00FEF706FEF860FA6813469B0013449A006B
:10619C001A447B685B689B00B2FBF3F3224AA2FBB8
:1061AC0003235B091901FA6813469B0013449A00F8
:1061BC001A447B685B689B00B2FBF3F21A4BA3FB9F
:1061CC0002035B09642000FB03F3D31A1B01323377
:1061DC00154AA2FB03235B0903F0F0031944FA6888
:1061EC0013469B0013449A001A447B685B689B001F
:1061FC00B2FBF3F20C4BA3FB02035B09642000FB24
:10620C0003F3D31A1B013233074AA2FB03235B09A6
:10621C0003F00F027B681B680A449A6000BF1037BA
:10622C00BD4680BD003801401F85EB5180B483B062
:10623C0000AF7860034A7B68136000BF0C37BD4623
:10624C0080BC70474003002080B582B000AF7860FE
:10625C000D4B1B681B6800225A620B4B1B681846BF
:10626C00FFF7F2F900BF084B1B681B685B6A7A6882
:10627C009A42F8D8044B1B681846FFF72FFA00BF58
:10628C000837BD4680BD00BF4003002080B586B0F6
:10629C0000AF786007F1080300221A605A609A6018
:1062AC00DA607B681B89BB600123FB6002237B6186
:1062BC007B685B6807F1080211461846FCF76CFF17
:1062CC0000BF1837BD4680BD80B586B000AF786082
:1062DC0007F1080300221A605A609A60DA607B6842
:1062EC001B89BB600023FB6000233B617B685B6800
:1062FC0007F1080211461846FCF74EFF00BF18378D
:10630C00BD4680BD80B582B000AF78607868FFF77D
:10631C00BDFF7B6858687B681B8900221946FDF716
:10632C00D6F87B681B78002B02D144F2506301E055
:10633C0042F6E0631846FFF787FF7B6858687B6876
:10634C001B8901221946FDF7C2F800BF0837BD466C
:10635C0080BD80B584B000AF78607868FFF7B4FF7B
:10636C002820FFF771FF7B685A687B681B891946E8
:10637C001046FDF795F80346002B0FD15020FFF780
:10638C0063FF7B685A687B681B8919461046FDF7CA
:10639C0087F80346002B03D100231AE0002318E0F2
:1063AC00FCF7D0FBF86008E0FCF7CCFB0246FB687E
:1063BC00D31A0A2B01D900230BE07B685A687B683F
:1063CC001B8919461046FDF76BF80346002BEBD1E1
:1063DC00012318461037BD4680BD80B586B000AF8E
:1063EC00786039607868FFF76FFF00237B6172E09B
:1063FC0000233B6169E0FCF7A5FBF86008E0FCF7C3
:10640C00A1FB0246FB68D31A0A2B01D9002366E0D4
:10641C007B685A687B681B8919461046FDF740F863
:10642C000346002BEBD02820FFF70EFF7B685A6841
:10643C007B681B8919461046FDF732F80346002B82
:10644C0015D17B693A6813441B785AB23B69C3F186
:10645C000703012101FA03F35BB2DB435BB2134088
:10646C0059B27B693A681344CAB21A7012E07B695C
:10647C003A6813441B785AB23B69C3F107030121F4
:10648C0001FA03F35BB2134359B27B693A681344C4
:10649C00CAB21A70FCF756FBF86008E0FCF752FB26
:1064AC000246FB68D31A0A2B01D9002317E07B683C
:1064BC005A687B681B8919461046FCF7F1FF0346A6
:1064CC00002BEBD13B6901333B613B69072B92DD20
:1064DC007B6901337B617B69042B89DD01231846C1
:1064EC001837BD4680BD80B485B000AFF8607A60C7
:1064FC001A460B46FB7213463B81FB68FA7A1A70FC
:10650C00FB687A685A60FB683A891A81FB684FF01D
:10651C000002DA60FB684FF000021A6100BF14370A
:10652C00BD4680BC704780B584B000AF786007F181
:10653C00080300221A601A717868FFF7E3FE786886
:10654C00FFF707FF0346002B01D1002344E007F1BE
:10655C00080319467868FFF740FF0346002B01D16A
:10656C00002339E03B7A1A467B7A1344BA7A1344F7
:10657C00FA7A1344DBB23A7B934201D000232BE02E
:10658C003B7A632B13D83B7A002B10D03B7A1846FE
:10659C00F9F728FF02460B4610461946F9F78CFF0F
:1065AC0002467B681A61BB7A632B02D913E0002385
:1065BC0012E0BB7A002B0ED0BB7A1846F9F712FF0B
:1065CC0002460B4610461946F9F776FF02467B68E1
:1065DC00DA60012300E0002318461037BD4680BD69
:1065EC0080B485B000AFF860B9601346FB71FB68EE
:1065FC00FA791A70FB68BA685A6000BF1437BD4646
:10660C0080BC704780B483B000AF0346FB71FB794C
:10661C000D4AA2FB0323DB08DBB25BB21B0158B2B1
:10662C00FA79094BA3FB0213D9080B469B000B44C8
:10663C005B00D31ADBB25BB203435BB2DBB218462E
:10664C000C37BD4680BC7047CDCCCCCC80B483B06D
:10665C0000AF0346FB71FB791B09DBB21A469200B3
:10666C0013445B00DAB2FB7903F00F03DBB2134483
:10667C00DBB218460C37BD4680BC7047B0B58AB04B
:10668C0000AF03463960FB710B4B07F108041D4644
:10669C000FCD0FC495E80F0084E80F00FB799B0029
:1066AC0028333B4453F8203C1946386800F04CFE24
:1066BC0000BF2837BD46B0BDFC7C000880B58AB051
:1066CC0004AFF860B9607A603B60FB685868FB689F
:1066DC001B785B0099B2642302930723019307F1A3
:1066EC001003009301230022FDF760F93B7C184650
:1066FC00FFF7ACFF03461A463B681A707B7C1846C2
:10670C00FFF7A4FF03461A467B681A70BB7C184639
:10671C00FFF79CFF03461A46BB681A70FB7C1846B1
:10672C00FFF794FF03461A463B6A1A703B7D1846E6
:10673C00FFF78CFF03461A467B6A1A707B7D18465E
:10674C00FFF784FF03461A46BB6A1A70BB7D1846D6
:10675C00FFF77CFF03461A46FB6A1A7000BF183716
:10676C00BD4680BD80B588B004AF78600846114640
:10677C001A460346FB700B46BB7013467B707B7846
:10678C001846FFF73FFF03463B72BB781846FFF7EE
:10679C0039FF03467B72FB781846FFF733FF03463D
:1067AC00BB723B7E1846FFF72DFF0346FB723B7F07
:1067BC001846FFF727FF03463B7397F8203018461F
:1067CC00FFF720FF03467B7397F824301846FFF73A
:1067DC0019FF0346BB737B6858687B681B785B00AA
:1067EC0099B2642302930723019307F108030093E2
:1067FC0001230022FCF7E0FF00BF1037BD4680BD2F
:10680C0080B483B000AF78600B467B80054A7B6810
:10681C001360044A7B88938000BF0C37BD4680BC54
:10682C00704700BF4403002090B58DB002AFB96033
:10683C0011461A460346FB730B46BB811346FB807D
:10684C00FB7B1E2B64D997F90F30002B60DBBB68E8
:10685C001B78FB77BB6801331B78BB77BB680233B3
:10686C001B787B77BB6803331B783B77FB7B203B28
:10687C00FA7F02FB03F30433BA681344BB61BB7F9A
:10688C009AB27B7F9CB2F988B889BB8F0093234660
:10689C0000F020FC00237B6235E000233B622BE000
:1068AC003B7F3A6A03FB02F27B6ADB1003F01F03A7
:1068BC0013440133BA6913441B78FB757B6A03F0EC
:1068CC000703012202FA03F3BB75FA7DBB7D13406B
:1068DC00DBB2002B0DD03B6A9AB2BB89134498B241
:1068EC007B6A9AB2FB8813449BB23A8F194600F02C
:1068FC008BFB3B6A01333B62BB7F3A6A9A42CFDB2C
:10690C007B6A01337B627B7F7A6A9A42C5DB00E04B
:10691C0000BF2C37BD4690BD80B58AB002AFF86081
:10692C00B96011461A460B46FB801346BB80BB6808
:10693C001B78FB77BB6801331B78BB772DE0FB68BA
:10694C001878B988FA88BB8D01933B8D00930B4660
:10695C00B968FFF769FFFB681B78203BFA7F02FBE5
:10696C0003F30433BA681344BB61BB691B78FB7532
:10697C00FB7D9A1CBB7F9A4207DAFB7D9AB2FB889F
:10698C0013449BB20233FB8004E0BB7F9AB2FB88BA
:10699C001344FB80FB680133FB60FB681B78002B06
:1069AC00CDD100BF00BF2037BD4680BD80B582B0C1
:1069BC0000AF78607B68064A934205D101224FF400
:1069CC0000610448FCF783FD00BF0837BD4680BD5D
:1069DC002C010020000C014080B582B000AF0346B2
:1069EC00FB7100BF084B1B689B6803F00203022B72
:1069FC00F8D1FB1D012219460348FEF7D7FB00BF57
:106A0C000837BD4680BD00BF2C01002080B582B088
:106A1C0000AF78600B467B8000BF084B1B689B68FF
:106A2C0003F00203022BF8D17B881A4679680348DD
:106A3C00FEF7BCFB00BF0837BD4680BD2C01002013
:106A4C0080B582B000AF0346FB71002202210848DA
:106A5C00FCF73DFD00224FF400610548FCF737FDC3
:106A6C00FB791846FFF7B8FF00BF0837BD4680BD5D
:106A7C00000C014080B582B000AF0346FB710122CF
:106A8C0002210848FCF723FD00224FF40061054861
:106A9C00FCF71DFDFB791846FFF79EFF00BF08377A
:106AAC00BD4680BD000C014080B582B000AF78605F
:106ABC000B467B80012202210848FCF708FD0022CE
:106ACC004FF400610548FCF702FD7B881946786895
:106ADC00FFF79CFF00BF0837BD4680BD000C01408E
:106AEC0090B585B000AF0446084611461A462346B9
:106AFC00FB800346BB800B467B8013463B80FB88A8
:106B0C001B0A9BB2DBB23B73FB88DBB27B737B88CB
:106B1C001B0A9BB2DBB2BB737B88DBB2FB732A20F4
:106B2C00FFF78EFF07F10C0304211846FFF7BCFF9B
:106B3C00BB881B0A9BB2DBB23B73BB88DBB27B739B
:106B4C003B881B0A9BB2DBB2BB733B88DBB2FB738B
:106B5C002B20FFF775FF07F10C0304211846FFF7F4
:106B6C00A3FF2C20FFF76CFF00BF1437BD4690BD70
:106B7C0080B500AF00224FF480610E48FCF7A7FCF3
:106B8C000A20FBF7E9FF00224FF400610948FCF7EB
:106B9C009EFC0A20FBF7E0FF01224FF480610548C0
:106BAC00FCF795FC01224FF400610248FCF78FFCC6
:106BBC0000BF80BD000C014080B500AF01224FF436
:106BCC0080610248FCF783FC00BF80BD000C0140D3
:106BDC0080B500AFFFF7F0FFFFF7CAFF0120FFF70A
:106BEC002FFF0A20FBF7B8FFCB20FFF729FF392036
:106BFC00FFF740FF2C20FFF73DFF0020FFF73AFF87
:106C0C003420FFF737FF0220FFF734FFCF20FFF7C8
:106C1C0017FF0020FFF72EFFC120FFF72BFF3020BE
:106C2C00FFF728FFE820FFF70BFF8520FFF722FF77
:106C3C000020FFF71FFF7820FFF71CFFEA20FFF76B
:106C4C00FFFE0020FFF716FF0020FFF713FFED20DB
:106C5C00FFF7F6FE6420FFF70DFF0320FFF70AFF96
:106C6C001220FFF707FF8120FFF704FFF720FFF743
:106C7C00E7FE2020FFF7FEFEC020FFF7E1FE2320F9
:106C8C00FFF7F8FEC120FFF7DBFE1020FFF7F2FE46
:106C9C00C520FFF7D5FE3E20FFF7ECFE2820FFF7BE
:106CAC00E9FEC720FFF7CCFE8620FFF7E3FE362077
:106CBC00FFF7C6FE4820FFF7DDFE3A20FFF7C0FEC7
:106CCC005520FFF7D7FEB120FFF7BAFE0020FFF7E3
:106CDC00D1FE1820FFF7CEFEB620FFF7B1FE08203C
:106CEC00FFF7C8FE8220FFF7C5FE2720FFF7C2FE84
:106CFC00F220FFF7A5FE0020FFF7BCFE2620FFF7D1
:106D0C009FFE0120FFF7B6FEE020FFF799FE0F2053
:106D1C00FFF7B0FE3120FFF7ADFE2B20FFF7AAFEE8
:106D2C000C20FFF7A7FE0E20FFF7A4FE0820FFF7AC
:106D3C00A1FE4E20FFF79EFEF120FFF79BFE3720B1
:106D4C00FFF798FE0720FFF795FE1020FFF792FE45
:106D5C000320FFF78FFE0E20FFF78CFE0920FFF7B4
:106D6C0089FE0020FFF786FEE120FFF769FE002078
:106D7C00FFF780FE0E20FFF77DFE1420FFF77AFE52
:106D8C000320FFF777FE1120FFF774FE0720FFF7B3
:106D9C0071FE3120FFF76EFEC120FFF76BFE48201D
:106DAC00FFF768FE0820FFF765FE0F20FFF762FE75
:106DBC000C20FFF75FFE3120FFF75CFE3620FFF75B
:106DCC0059FE0F20FFF756FE1120FFF739FE642005
:106DDC00FBF7C2FE2920FFF733FE002000F002F87B
:106DEC0000BF80BD80B582B000AF0346FB7136207A
:106DFC00FFF726FE0120FBF7AFFEFB79032B37D8FC
:106E0C0001A252F823F000BF256E00083B6E00086B
:106E1C00516E0008676E00084820FFF72BFE174BD9
:106E2C00F0221A80164B4FF4A0721A8021E0282011
:106E3C00FFF720FE114B4FF4A0721A80104BF0227A
:106E4C001A8016E08820FFF715FE0C4BF0221A80F2
:106E5C000B4B4FF4A0721A800BE0E820FFF70AFEF0
:106E6C00064B4FF4A0721A80054BF0221A8000E0FA
:106E7C0000BF00BF0837BD4680BD00BF100000201A
:106E8C000E0000202DE9F0438DB000AF03463960B1
:106E9C00FB806B461E460023FB623B685B00B3F530
:106EAC00FA7F02D23B68FB6202E04FF4FA73FB629A
:106EBC00012202213F48FCF70AFB00224FF400613B
:106ECC003C48FCF704FBFB881B0A9BB287F8233079
:106EDC00F96A0B46013BFB610023884699464FF04B
:106EEC0000024FF000034FEAC90343EA58734FEA1C
:106EFC00C80200230C461D464FF000024FF0000361
:106F0C00EB0043EA5473E200CB1DDB08DB00ADEB76
:106F1C00030D6B460033BB610023BB620EE0BA6904
:106F2C00BB6A134497F823201A70BB6A0133FA88A2
:106F3C00D1B2BA69D154BB6A0233BB62BA6AFB6A7A
:106F4C009A42ECD33B685B007B617A69FB6AB2FBCB
:106F5C00F3F33B617B69FA6AB3FBF2F2F96A01FB6A
:106F6C0002F29B1AFB603B69002B10D000237B6262
:106F7C0009E0FB6A9AB20A23B9690F48FDF7D2FF00
:106F8C007B6A01337B627A6A3B699A42F1D3FB6874
:106F9C009AB20A23B9690848FDF7C4FF01224FF4DD
:106FAC0000610448FCF793FAB54600BF3437BD4680
:106FBC00BDE8F083000C01402C01002080B582B0AC
:106FCC0000AF0346FB800E4B1B889AB20D4B1B88FF
:106FDC009BB200210020FFF783FD094B1B889BB25D
:106FEC001A46084B1B889BB202FB03F31A46FB881C
:106FFC0011461846FFF746FF00BF0837BD4680BD57
:10700C00100000200E00002080B586B000AF0346B3
:10701C00FB800B46BB8013467B802C4B1B889BB2A2
:10702C00FA889A424DD22A4B1B889BB2BA889A4254
:10703C0047D2FB881B0A9BB2DBB23B75FB88DBB2E9
:10704C007B75FB8801331B12DBB2BB75FB88DBB293
:10705C000133DBB2FB75BB881B0A9BB2DBB23B7402
:10706C00BB88DBB27B74BB8801331B12DBB2BB74F5
:10707C00BB88DBB20133DBB2FB747B881B0A9BB28F
:10708C00DBB23B737B88DBB27B732A20FFF7D8FC27
:10709C0007F1140304211846FFF706FD2B20FFF718
:1070AC00CFFC07F1100304211846FFF7FDFC2C2040
:1070BC00FFF7C6FC07F10C0302211846FFF7F4FC9E
:1070CC0000E000BF1837BD4680BD00BF1000002097
:1070DC000E00002090B583B000AF04460846114660
:1070EC001A462346FB800346BB800B467B80134627
:1070FC003B80244B1B889BB2FA889A423DD2224B90
:10710C001B889BB2BA889A4237D2FA887B88134480
:10711C001C4A128892B2934205DD1A4B1B889AB214
:10712C00FB88D31A7B80BA883B881344164A128892
:10713C0092B2934205DD144B1B889AB2BB88D31ACA
:10714C003B80FA887B8813449BB2013B9CB2BA8883
:10715C003B8813449BB2013B9BB2B988F88822460A
:10716C00FFF7BEFC3B887A8802FB03F31A463B8B85
:10717C0011461846FFF786FE00E000BF0C37BD46EF
:10718C0090BD00BF100000200E00002090B583B011
:10719C0000AF0446084611461A462346FB800346B8
:1071AC00BB800B467B8013463B80184B1B889BB2E5
:1071BC00FA889A4225D2164B1B889BB2BA889A42FF
:1071CC001FD2FA887B881344104A128892B29342D9
:1071DC0005DD0E4B1B889AB2FB88D31A7B80FA888C
:1071EC007B8813449BB2013B9AB2BB88B988F88860
:1071FC00FFF776FC7A883B8811461846FFF742FE6B
:10720C0000E000BF0C37BD4690BD00BF1000002051
:10721C000E00002090B583B000AF0446084611461E
:10722C001A462346FB800346BB800B467B801346E5
:10723C003B80184B1B889BB2FA889A4225D2164B7E
:10724C001B889BB2BA889A421FD2BA887B88134497
:10725C00114A128892B2934205DD0F4B1B889AB2E9
:10726C00BB88D31A7B80BA887B8813449BB2013BC2
:10727C009BB2FA88B988F888FFF732FC7A883B8889
:10728C0011461846FFF7FEFD00E000BF0C37BD4667
:10729C0090BD00BF100000200E0000200EB46FF057
:1072AC00004110B500249DB01FAB029006900791D1
:1072BC0004910948094953F8042B0591006802A967
:1072CC0001931B9400F09AF9029B1C701DB0BDE851
:1072DC00104003B0704700BF140000200802FFFFED
:1072EC0003460244934200D1704703F8011BF9E7AF
:1072FC00014B1868704700BF1400002070B50026C1
:10730C000C4D0D4C641BA410A64209D100F07EFC60
:10731C0000260A4D0A4C641BA410A64205D170BD70
:10732C0055F8043B98470136EEE755F8043B98476F
:10733C000136F2E744C3000844C3000844C3000804
:10734C0048C3000870477047034611F8012B03F837
:10735C00012B002AF9D1704738B50546002940D0D9
:10736C0051F8043C0C1F002BB8BFE41800F0DEF8F9
:10737C001C4A136833B9636014602846BDE8384072
:10738C0000F0DAB8A34208D9206821188B4201BF5B
:10739C0019685B6809182160EDE71A465B680BB148
:1073AC00A342FAD911685018A0420BD120680144AD
:1073BC00501883421160E0D118685B680844106073
:1073CC005360DAE702D90C232B60D6E7206821182A
:1073DC008B4201BF19685B680918216063605460B7
:1073EC00CBE738BD9004002070B50F4E0C463168C9
:1073FC00054611B900F0A8FB30602146284600F084
:10740C00A3FB431C03D14FF0FF34204670BDC41CBA
:10741C0024F00304A042F8D0211A284600F094FB73
:10742C000130F2D1EFE700BF8C0400202DE9F843C6
:10743C00CD1C25F0030508350C2D38BF0C25002D6F
:10744C00064601DBA94204D90C2333600020BDE8B9
:10745C00F883DFF8D48000F069F8D8F800301C46C7
:10746C0044BB29463046FFF7BFFF431C044658D1A6
:10747C00D8F800402746002F43D1002C4BD023686E
:10748C003946304604EB030900F05EFB814542D1DE
:10749C00216830466D1A2946FFF7A6FF01303AD015
:1074AC0023682B442360D8F800305A6862BBC8F8B4
:1074BC0000700FE02268521B20D40B2A17D96119D7
:1074CC00A342256018BF5960636808BFC8F8001054
:1074DC0062514B60304600F02FF804F10B00231D75
:1074EC0020F00700C21A1CBF1B1AA350AFE762683A
:1074FC00A3420CBFC8F800205A60EBE7234664682F
:10750C00AEE73C467F68B6E71A465B68A342FBD100
:10751C0000235360DEE70C233046336000F00CF898
:10752C0094E70560D6E700BF900400200148FFF700
:10753C0009BF00BF880400200148FFF704BF00BF4B
:10754C00880400202DE9F0471F468E688246BE4213
:10755C000C4690460B682DD8B1F90C2012F4906FA4
:10756C0026D06569096905EB4505A3EB010905EB17
:10757C00D5757B1C4B446D109D4238BF1D46530581
:10758C0027D52946FFF752FF064660B34A462169C4
:10759C0000F0F8FAA38923F4906343F08003A381ED
:1075AC0026614E4426603E466561A5EB0905A56043
:1075BC00BE4200D93E4632464146206800F0AAFA47
:1075CC000020A3689B1BA360236833442360BDE8A1
:1075DC00F0872A4600F0E4FA06460028E0D150462F
:1075EC002169FFF7B9FE0C23CAF80030A3894FF0CC
:1075FC00FF3043F04003A381E9E700002DE9F04F91
:10760C0098468B8907461B060D4614469DB010D52F
:10761C000B6973B94021FFF709FF2860286130B965
:10762C000C233B604FF0FF301DB0BDE8F08F4023C2
:10763C006B610023099320238DF8293030234FF000
:10764C000109CDF80C80DFF898818DF82A3023469B
:10765C009A4613F8012B0AB1252AF9D1BAEB040B7F
:10766C000BD05B46224629463846FFF76BFF0130AC
:10767C0000F0A780099A5A4409929AF80030002B1E
:10768C0000F09F8000234FF0FF32CDE905230AF173
:10769C00010A049307938DF853301A93544605222C
:1076AC0014F8011B4E4800F05FFA049AD8B9D006C2
:1076BC0044BF20238DF85330110744BF2B238DF882
:1076CC0053309AF800302A2B15D0544600204FF036
:1076DC000A0C079A214611F8013B303B092B4BD978
:1076EC00B0B1079214E0A0EB080309FA03F31343BB
:1076FC00A2460493D2E7039B191D1B680391002B30
:10770C00BBBF5B4242F0020207930793B8BF0492DF
:10771C0023782E2B0AD163782A2B32D1039B023487
:10772C001A1D1B68039243EAE3730593DFF8B4A0B8
:10773C0003225046217800F017FA38B14022049BFE
:10774C00A0EB0A00824013430134049314F8011B8C
:10775C00062225488DF8281000F006FA002836D0AD
:10776C00224B1BBB039B073323F007030833039304
:10777C00099B334409936AE70C4601200CFB023247
:10778C00A8E700234FF00A0C194601340593204654
:10779C0010F8012B303A092A03D9002BC6D00591D9
:1077AC00C4E7044601230CFB0121F0E703AB009373
:1077BC002A4638460E4B04A9AFF30080421C0646FD
:1077CC00D6D1AB895B063FF52DAF09982CE703ABFF
:1077DC0000932A463846064B04A900F07DF8EDE7E5
:1077EC0010C3000816C300081AC3000800000000EC
:1077FC00517500082DE9F047164698468A680B69C2
:10780C0007469342B8BF1346336091F843200C46A9
:10781C00DDF820900AB1013333602368990642BF2A
:10782C00336802333360256815F0060506D104F180
:10783C00190AE36832689B1AAB422BDC94F843308C
:10784C002268003B18BF0123920630D441463846CB
:10785C0004F14302C847013023D02368226903F0A6
:10786C000603042B14BF002533684FF0000608BF35
:10787C00E56804F11A0408BFED1A54F8123C08BF6D
:10788C0025EAE5759342C4BF9B1AED18B5421AD18F
:10789C00002008E00123524641463846C8470130D3
:1078AC0003D14FF0FF30BDE8F0870135C1E7302040
:1078BC00E11881F843005A1C94F845102244023315
:1078CC0082F84310C2E70123224641463846C84796
:1078DC000130E6D00136D9E72DE9FF470F7E9146FE
:1078EC00782F80460C469A460C9E01F1430207D82D
:1078FC00622F0AD8002F00F0D180582F00F0B880EA
:10790C0004F1420684F842703AE0A7F16303152BA8
:10791C00F6D801A151F823F07D790008917900087F
:10792C000D7900080D7900080D7900080D79000813
:10793C00917900080D7900080D7900080D7900087F
:10794C000D7900088F7A0008BB790008497A000885
:10795C000D7900080D790008B17A00080D7900083E
:10796C00BB7900080D7900080D790008517A0008E0
:10797C0033681A1D1B68326004F1420684F84230E9
:10798C0001239CE033682068191D3160060601D57F
:10799C001D6803E04506FBD5B3F90050002D03DA52
:1079AC002D236D4284F843300A23584811E0216896
:1079BC003368080653F8045B02D4490648BFADB2DD
:1079CC006F2F336014BF0A2308235048002184F81A
:1079DC0043106668002EA66005DB21682E4321F05B
:1079EC00040121604BD01646B5FBF3F103FB115794
:1079FC00C75D06F8017D2F46BB420D46F4D9082B16
:107A0C000BD12368DF0708D5236961689942DEBF73
:107A1C00302306F8013C06F1FF36921B22614B46DF
:107A2C0021464046CDF800A003AAFFF7E3FE013043
:107A3C004AD14FF0FF3004B0BDE8F087236843F023
:107A4C00200323607827324884F845702368316816
:107A5C001F0651F8045B02D45F0648BFADB231601B
:107A6C00D90744BF43F0200323601DB11023ADE7B9
:107A7C002648E9E7236823F020032360F6E716463F
:107A8C00BDE733682568181D616930602E061B68D8
:107A9C0001D5196002E06806FBD519800023164653
:107AAC002361BCE7336800211A1D32601E686268CE
:107ABC00304600F059F808B1801B606063682361A0
:107ACC00002384F84330AAE73246494640462369EE
:107ADC00D0470130ADD023689B0713D4E068039BDB
:107AEC009842B8BF1846A6E701233246494640469D
:107AFC00D04701309DD00135E36803995B1AAB4246
:107B0C00F2DCEBE7002504F11906F5E721C30008C8
:107B1C0032C30008884210B501EB020402D984423A
:107B2C00234607D8431EA14208D011F8012B03F8B5
:107B3C00012FF8E7014602448A4200D110BD13F828
:107B4C00014D02F8014DF7E738B50023054D044609
:107B5C0008462B60FAF73CFF431C02D12B6803B19B
:107B6C00236038BD84040020034610B5C9B202441A
:107B7C009342184601D1002003E0047801338C4273
:107B8C00F6D110BD0A44914200F1FF3300D1704789
:107B9C0010B511F8014B914203F8014FF9D110BD0A
:107BAC002DE9F041074614460D4621B91146BDE8B2
:107BBC00F041FFF73BBC2AB9FFF7CEFB2546284620
:107BCC00BDE8F08100F01AF88442064602D8B4EB06
:107BDC00500FF4D821463846FFF728FC804608B9E8
:107BEC004546ECE7B4422246294628BF3246FFF709
:107BFC00C9FF29463846FFF7AFFBF1E751F8043CC3
:107C0C00181F002BBCBF0B58C0187047F8B500BF2D
:107C1C00F8BC08BC9E467047F8B500BFF8BC08BC61
:047C2C009E467047B9
:107C3000256425643A256425643A2564256400009A
:107C4000256425642F256425642F256425640000A0
:107C50002A0000004D454E550000000054494D4596
:107C6000000000005345545F414C41524D0000005C
:107C70005345545F54494D4500000000000000008A
:107C800053455420414C41524D0000004F4B0000E1
:107C900052455045415400004D4F4E44415900005B
:107CA00054554553444159005745444E455344416A
:107CB00059000000544855525344415900000000F7
:107CC0004652494441590000534154555244415988
:107CD0000000000053554E444159000030000000A0
:107CE000434E00005432000054330000543400006E
:107CF000543500005436000054370000DC7C000886
:107D0000E07C0008E47C0008E87C0008EC7C0008CB
:107D1000F07C0008F47C0008F87C000800000000FB
:107D2000000000000102030406070809000000002B
:107D30000102030402030405060708090A0B0C0DDF
:107D40000E0F101001020000491817030D0000006B
:107D50000000000000000000000000000000000023
:107D60000000000000000000000000000000000013
:107D70000000000000000000000000000000000003
:107D800000000000000000000000000000000000F3
:107D900000000000000A00000000000000000200D7
:107DA0000003003001000F00E003007C00001E0013
:107DB00000020000000000000000000000000000C1
:107DC00000000000000000000000000000000000B3
:107DD00000000000000000000000000000000D0096
:107DE0000000000000000000000000000000400053
:107DF000007C00000E00000200004000007C00003B
:107E00000E00000200000000000000000000000062
:107E10000000000000000000000000000000000062
:107E200000000000000000110000000000020098A7
:107E30000380F801C07800C01E00C01F02E0990353
:107E4000F8F801DE7800C61E00C21F00E01900F835
:107E50001800DE0000C60000020000000000000064
:107E60000000000000000000000000000000000012
:107E70001000000000000000000000F00100F0030E
:107E8000E0800BF801079CC3030C3B03068701E667
:107E900087011EC600077E000E3C003E00003C002D
:107EA00000000000000000000000000000000000D2
:107EB00000000000000000000016000000000000AC
:107EC000000000000000000004000004E00106F8CB
:107ED00083031CC201066200823100E218007E0C9E
:107EE000001CC60380F307C03904600C043004038F
:107EF00018E4010CFC000610000200000000000065
:107F000000001100000000000000C00000F00100AF
:107F1000F803000C03000603600203F80303DC8788
:107F2000018C8F01C6FC00C6F0006EF0033E980184
:107F30001C0C010004000000000000000000000014
:107F40000000000000000000000000090000000028
:107F500000000000000000000000004000007C0065
:107F6000000E000002000000000000000000000001
:107F70000000000000000000000000000000000001
:107F800000000000000000000000000000000000F1
:107F900000000000170000000000000000000000CA
:107FA00000000000000000000000000000000000D1
:107FB00000000000000000000000000000000000C1
:107FC000F81F001F3C800310E00000300000180084
:107FD000000C000006000003000000000009000083
:107FE0001800000C00000600000300C00102F000B1
:107FF0000F3E00FE0F0060000000000000000000C7
:108000000000000000000000000000000000000070
:108010000000000000000000000000000000000060
:108020000000000000000E00000000000000000042
:10803000000000000000900000D800005800003050
:1080400000003C0000FE0000520000180000080084
:108050000000000000000000000000000000000020
:108060000000000000000000000000000000001000
:1080700000000000000000000000040000060000F6
:10808000060000060000C60000FE00003F00E007FA
:1080900000F00600100600000600000600000600C2
:1080A00000000000000000000000000000000000D0
:1080B00000000000000000000500000000001000AB
:1080C000000A00000700000100000000000000009E
:1080D00000000000000000000000000000000000A0
:1080E0000000000000000000000000000000000090
:1080F0000000000000000000000000000000000080
:108100000009000000000000000000001800001836
:1081100000001800001800001800001800000000FF
:10812000000000000000000000000000000000004F
:10813000000000000000000000000000000000003F
:10814000000000000000000000000500000000002A
:108150000000000200000300000100000000000019
:10816000000000000000000000000000000000000F
:1081700000000000000000000000000000000000FF
:1081800000000000000000000000000000000000EF
:108190000000000D00000200000300C00100F0001C
:1081A000003800000E00000700C00100E0000038A9
:1081B00000001E0000060000020000000000000099
:1081C00000000000000000000000000000000000AF
:1081D000000000000000000000000000110000008E
:1081E00000000000000000F80100FF03C08703F05A
:1081F00000033800030C00030C800106C00106E0F8
:10820000000638008E1F00FC070078000000000008
:10821000000000000000000000000000000000005E
:10822000000000000011000000000000000000003D
:10823000000000000000000000000060000220C0FC
:108240000330F801103F00E80700FC00001E0000AA
:10825000020000000000000000000000000000001C
:1082600000000000000000000000000000001100FD
:10827000000000000200000300800300C003206033
:10828000033030031830030C1803040C03060C03EE
:10829000060603060301860100FE00007C000000C4
:1082A00000000000000000000000000000000000CE
:1082B000000000000000001100000000000000406D
:1082C0000000E00100E00320000330000318000379
:1082D0000C030306030106830186E700867E00FE89
:1082E0001C007C00001000000000000000000000E6
:1082F000000000000000000000000000000000007E
:1083000011000000002000003000003800003C0098
:10831000003600003300803100C0300260F00330CE
:10832000F801183F00EC3700FC30001E000002008E
:10833000000000000000000000000000000000003D
:10834000000000000000000000110000000000001C
:1083500000400000E00100E103C00103F00103BEA2
:108360000003CE0003C68001C6C001C6E100C67F7F
:1083700000861F0006020006000002000000000048
:1083800000000000000000000000000000000000ED
:1083900000001100000000000000000000F80100D3
:1083A000FF01C08703F002033803039C01038C81A3
:1083B0000186810186E300867F00061F001E000003
:1083C0001C00001800000000000000000000000079
:1083D000000000000000000000000011000000008C
:1083E000000000000000000200800300E0010470B3
:1083F00000063C00060E00060700860100C60000CD
:108400006600003600001E00000E0000060000029C
:10841000000000000000000000000000000000005C
:10842000000000001100000000000000C00000F883
:108430000100FC03000C03E00603F803039C0303A4
:108440000C830106830106E700867F00FE3C007C6A
:108450000000080000000000000000000000000014
:1084600000000000000000000000000000110000FB
:108470000000000000C00100C001008103E007030C
:10848000F00F03180C030C0C030C8C0106C400063F
:108490006600063A008E1F00FC0700F8000000008E
:1084A00000000000000000000000000000000000CC
:1084B0000000000000000A000000000000000002B0
:1084C000000003000001800000C00000C0000000A8
:1084D000000000000000000000000000000000009C
:1084E000000000000000000000000000000000008C
:1084F0000000000000000000000000000000000874
:1085000000000000001000000A00000700000180C9
:108510000000C00000C000000000000000000000DB
:10852000000000000000000000000000000000004B
:10853000000000000000000000000000000000003B
:10854000000000000000000011000000000000001A
:108550000000000000000000000700000F00000DF8
:1085600000801D00801900C03800C030004070003D
:1085700060200060000030000010000000000000DB
:1085800000000000000000000000000000000000EB
:1085900000100000000000000000000000000018B3
:1085A00000801800C01800C01800C01800C01800D3
:1085B000C01800C01800C01800C01800C00000C0DB
:1085C00000000000000000000000000000000000AB
:1085D000000000000000000000000F00000000008C
:1085E00000000000004000002000003000203000AB
:1085F000701800601800E01800C00C00C00D00806A
:1086000005008007000007000000000000000000D7
:10861000000000000000000000000000000000005A
:10862000000000100000000000000000000000003A
:108630000000002000023020031838010C3C000428
:108640000C00060600060300060100860100FE007D
:10865000007C00000000000000000000000000009E
:108660000000000000000000000000001700C00330
:1086700000F80F003E1E000738800130C0C0706057
:10868000F87130BC631806631803638C01618C8138
:1086900061C48060C6C063C6E063C67933861F3399
:1086A000868711C68118CEC0080C700CFC3F04F000
:1086B0000F000000000F00000200000300C00100D6
:1086C000E000003800001C00001E00801B00C019E4
:1086D000006018003818001C1800061800FEFF0380
:1086E000FEFF03000000000000000000000000008A
:1086F000000000000000000000000000000010006A
:10870000000000000200C00300F803003F03E00780
:1087100003FC03031E03030603030603030603010E
:1087200006830106C700867E00FE3C003C00000078
:108730000000000000000000000000000000000039
:10874000000000000000001100000000780000FFA1
:1087500001C0C701E080033000031800030C0003D0
:108760000C000306800106800106C00006E000063A
:1087700030001E10007C00007800000000000000A7
:1087800000000000000000000000000000000000E9
:108790001200000000000200C00300F803003F03C5
:1087A000E00703FC00031E000306000306000306A7
:1087B000800106800106C0000660000E38009E1F82
:1087C00000FC070070000000000000000000000036
:1087D0000000000000000000001400000000000085
:1087E00000000200C00300F803003F03E00703FCA1
:1087F00003031E0303060303060303060303060322
:10880000030603030603010603000600000600003A
:108810000600000200000000000000000000000050
:1088200000001300000000000000000200C0030070
:10883000F801003F00E00700FC03001E03000603F0
:1088400000060300060300060300060300060300FB
:108850000600000600000600000200000000000004
:1088600000000000000000000000001400000000F4
:10887000000000380000FF00C0E701E08001308008
:10888000031800031800030C00030C000306040384
:1088900006860106860106860106C6000EFE001E3B
:1088A0003E007C0600780000000000000000000090
:1088B000000000001400000000000000000200C0E2
:1088C0000300F801003F00E00700FC03001E030066
:1088D00002030000030000030000030200C30300C2
:1088E000FB01003F00E00700FC00001E000002004A
:1088F000000000000000000000000000000A00006E
:108900000000000000000200C00300F801003F006A
:10891000E00700FC00001E00000200000000000054
:108920000000000000000000000000000000000047
:108930000000000000000000000000000000000037
:108940000000000000000F00000000000000C00157
:1089500000E00300A003000003000003008001000A
:10896000C001007800001F00E00700FC00001E00AE
:1089700000020000000000000000000000000000F5
:1089800000000000000000000000000000000015D2
:1089900000000000000000000200C00300F8010019
:1089A0003F00E00F00FC0C001E0600020300800FD9
:1089B00000801D00C0780060E001308003100002DC
:1089C0001800000C00000600000200000200000079
:1089D00000000000000000000D000000000000008A
:1089E000000200C00300F803003F03E00703FC009F
:1089F000031E000302000300000300000300000147
:108A00000000000000000000000000000000000066
:108A10000000000000000000000000000000000056
:108A2000001700000000000000000200C00300F872
:108A300001003F00E00700FC00001EF003FEFF0302
:108A4000FE8F0300C001007000003800000E00809F
:108A50000702C0C10370F801383F00EE0700FE00B6
:108A6000001E0000020000000000140000000000D2
:108A70000000000200C00300F801003F00E0070012
:108A8000FC00001E0000FE0000F80F0000FF0100C7
:108A9000F00300C00300F801003F00E00700FC0005
:108AA000001E0000020000000000000000000000A6
:108AB0000000001400000000000000380000FF006B
:108AC000C0C301E080033000031800030C00030C56
:108AD000000304000306800106800106C00006C0F2
:108AE000000670000E38003C0E00F80700E00100A0
:108AF0000000000000000000000000001200000064
:108B000000000000000200C00300F801003F00E088
:108B10000700FC06001E0600060600060600060604
:108B200000060600060600060300860300FE01009C
:108B30007C000000000000000000000000000000B9
:108B400000000000001400000000000000380000D9
:108B5000FF00C0E701E080033000031800030C00B1
:108B6000030C400304600306C00106C00106C003F5
:108B70000660070670020E38003C0E00F80700E0A1
:108B800001000000000000000000000000001300D1
:108B9000000000000000000200C00300F801003FD8
:108BA00000E00700FC03001E0300060300060300AC
:108BB000060300060F00067F0006FB03868103867E
:108BC0000100FE00007C000000000000000000002A
:108BD000000000000000001000000000000000F095
:108BE0000100F001008003E00003F801039C03038F
:108BF0000C030306030306830106870106C600066D
:108C00007E003E3C003C0000000000000000000030
:108C10000000000000000000000000000000000054
:108C20001100000000000004000006000206C0035E
:108C300006F801063F00E60700FE00001E000006E1
:108C40000000060000060000060000060000060006
:108C50000002000000000000000000000000000012
:108C600000000000000000000012000000000000F2
:108C700000F80100FF03E00703FC00031E000302ED
:108C8000000300000300000300800100E000007802
:108C900000001F00E00700FC00001E0000020000B2
:108CA00000000000000000000000000000000000C4
:108CB000000011000000000000FEFF03FEFF0300A3
:108CC000000300C00100E000003800001C000007A5
:108CD00000800300C001007000003800000E00009A
:108CE000060000020000000000000000000000007C
:108CF000000000000000000000000018000000005C
:108D0000000000E003F0FF03FEFF030EC00100704F
:108D100000003800000E00000700C00100E0000065
:108D20003800001CC003FEFF03FEBF031EC001008D
:108D30007000003800000E00800700E0010078009D
:108D4000001E000016000002000002000003008068
:108D50000100C0000060000030000638001E18004E
:108D6000FC0C00E00700801F00807D00C0F0016067
:108D7000C0033000023000001800000C00000600A4
:108D800000020000020000000000000000120000CD
:108D9000000000000600003E0002F8C003E0FB01F6
:108DA000803F00000600000300800100C00000605A
:108DB00000003000001800000C0000060000020057
:108DC00000020000000000000000000000000000A1
:108DD0000000000000001400000200800300C00337
:108DE000006003006003003003041803060C030650
:108DF0000C03060603060303860103860103C6006F
:108E0000036600013600003600001E00000E000060
:108E10000200000000000000000000000000000C44
:108E200000007800007E00C06700F861003F20E08D
:108E30000700FC00001E00000600000600000600FF
:108E40000002000000000000000000000000000020
:108E50000000000000000000000000000000000012
:108E600000000000000000000800000000000000FA
:108E7000000000000000000080FF03FEFF037E00F2
:108E800000000000000000000000000000000000E2
:108E900000000000000000000000000000000000D2
:108EA00000000000000000000000000000000000C2
:108EB000000B00006000006000007800003E00C071
:108EC0000704F801063F00E60700FE00001E000050
:108ED0000200000000000000000000000000000090
:108EE0000000000000000000000000000000000082
:108EF000000000000000000000000D000000000065
:108F000000000000000000000200800300C001001B
:108F10006000003800001C00000E0000FE0300FC92
:108F2000030000000000000000000000000000003E
:108F30000000000000000000000000000000000031
:108F4000000000150000600000600000600000608C
:108F50000000600000600000600000600000600031
:108F60000060000060000060000060000060000021
:108F700060000060000060000060000060000060B1
:108F80000000200000000000000000000A000000B7
:108F900000000000000000000000000000000000D1
:108FA00000000600000E00000E000000000000009F
:108FB00000000000000000000000000000000000B1
:108FC00000000000000000000000000000000000A1
:108FD00000000000000E00000000000000C00100C2
:108FE000F003003203001B03801903C01801C0986E
:108FF00001C08C00C0EC03C0FC03C03F0080070030
:109000000000000000000000000000000000000060
:1090100000000000000000000000000000000D0043
:10902000000000000200C00300F80100BF01E007DB
:1090300003FC01039E0103C20001C08001C0C00007
:10904000C07900801F000000000000000000000048
:109050000000000000000000000000000000000010
:10906000000000000000000C00000000000000F8FC
:109070000100FE03000703800103800003C080019C
:10908000C0C001C04100C003008003000000000018
:1090900000000000000000000000000000000000D0
:1090A00000000000000000000000000000000000C0
:1090B0001000000000000000F80100DE03000303C0
:1090C000800103800003C08001C08002C0E003C0B3
:1090D000FF01003F00E00700FC00001E000002004E
:1090E0000000000000000000000000000000000080
:1090F0000000000000000000000D00000000000063
:1091000000F80100FE03000F03800D03800C03C074
:109110000C03C08C01C0CC00C04D00800F000003C8
:10912000000000000000000000000000000000003F
:10913000000000000000000000000000000000002F
:1091400000000E00000000000000000280C003C00C
:10915000F801C03F00E00700F80000DC0000C60096
:1091600000C600000600000600000200000000002B
:1091700000000000000000000000000000000000EF
:1091800000000000000000000000000F00001000C0
:10919000003800007800F86100FE6300076380017A
:1091A00063800133C00039C0801EC0E00780FD012C
:1091B000003F00C00700C0000000000000000000E9
:1091C000000000000000000000000000000000009F
:1091D000000000000E00000000000200C00300F8C4
:1091E00001003F00E00700FC01009E0100C20000FA
:1091F000C00002C0C003C0F901C03F0080070000EA
:10920000000000000000000000000000000000005E
:109210000000000000000000000000000009000045
:109220000000000200C00300F801003F00C007007A
:10923000C400000600000200000000000000000062
:10924000000000000000000000000000000000001E
:10925000000000000000000000000000000000000E
:109260000000000000000900003800001E00C007D8
:1092700000F801003F00C00700C400000600000223
:1092800000000000000000000000000000000000DE
:1092900000000000000000000000000000000000CE
:1092A0000000000000000000000000000000000FAF
:1092B00000000000000200C00300F801003F00E0D1
:1092C0001F00FC18001E3C0002E60100C203000360
:1092D00002800100C00000400000400000000000CB
:1092E000000000000000000000000000000000007E
:1092F0000000000000000000090000000000020063
:10930000C00300F801003F00E00700FC00001E0061
:10931000000200000000000000000000000000004B
:10932000000000000000000000000000000000003D
:10933000000000000000000000000000000000002D
:10934000001400000000000200C00300F801003F0C
:1093500000C00700C00100800000C00002C0C003C0
:10936000C0F801C03F00800700800100800000C0FD
:109370000002C0C003C0F801C03F00800700000029
:10938000000000000000000000000E0000000000CF
:109390000200C00300F801003F00C00700C0010048
:1093A000800100C00000C00002C0C003C0F901C0BD
:1093B0003F008007000000000000000000000000E7
:1093C000000000000000000000000000000000009D
:1093D0000000000E00000000000000000000F80186
:1093E00000DE03000303800103800003C00001C00E
:1093F0008001C0C000C07900801F0000070000008D
:10940000000000000000000000000000000000005C
:109410000000000000000000000000000E000078C6
:1094200000003E00C00700F80100FF03C00703C0B2
:109430000103800003C00001C08001C0E000C07FC4
:1094400000801F000003000000000000000000007A
:10945000000000000000000000000000000000000C
:1094600000000000000E00000000000000F80100F5
:10947000FE03000703800103800043C00071C08029
:109480003EC0E00780FF01003F00C00700C00000B1
:1094900000000000000000000000000000000000CC
:1094A00000000000000000000000000000000C00B0
:1094B000000000000200C00300F801003F00C007E8
:1094C00000C00100800000C00000C00000C000001B
:1094D000400000000000000000000000000000004C
:1094E000000000000000000000000000000000007C
:1094F000000000000000000D00000000000000C09F
:109500000100C003008F03800F03801D03C01803F8
:10951000C09801C0F801C0F100C003008003000042
:10952000000000000000000000000000000000003B
:10953000000000000000000000000000000000002B
:109540000A00000000000080C003C0F803C03F0311
:10955000E00703F80000DC0000C00000C0000000CD
:1095600000000000000000000000000000000000FB
:1095700000000000000000000000000000000000EB
:109580000000000000000000000F000000000000CC
:1095900000C00100F80300BF03C00703C0000300C0
:1095A000000100800100800200E00300F801003F9C
:1095B00000C00700C0000000000000000000000024
:1095C000000000000000000000000000000000009B
:1095D00000000D000000000000C0FF03C0FF0300FA
:1095E000800300C001007000003800001C0000076C
:1095F00000800300C00000400000000000000000E8
:10960000000000000000000000000000000000005A
:109610000000000000000000000000140000000036
:10962000000000F003C0FF03C09F0300C0010070F2
:1096300000003800000E00800700C0FD03C0FF03DB
:10964000C09F0300C001007000003C00000E0080BD
:109650000300C00100400000000000000000000006
:109660000000000010000002000002000003008063
:109670000140C000C06100C03700001F000078003A
:1096800000EC03008603000302800100C0000040DC
:10969000000040000000000000000000000000008A
:1096A000000000000000000000000000000F0000AB
:1096B00060000060000060000038C0FF1FC0FF07AE
:1096C00000F80300C001007000003800000E000028
:1096D0000700800300C00000400000000000000000
:1096E000000000000000000000000000000000007A
:1096F0000000000000000F000002000003008003D3
:1097000080C003C06003C02003C03003C01803C082
:109710000C03C00403C00603C00301C00100C00065
:1097200000C0000000000000000000000000000079
:109730000000000000000000000000000000001811
:109740000000000000000000000000000000000019
:109750000000000000000000000000000000000009
:109760000000000000000000000000081E00FC3F98
:1097700000FE10000300E001007800000C0000066D
:1097800000000300000200000A0000400000780012
:10979000003E00C00700F801003F00E00700FC00A9
:1097A000001E000002000000000000000000000099
:1097B00000000000000000000000000000000000A9
:1097C0000000000000000000000000000000000099
:1097D000000800001000000800000F00C003007027
:1097E00000821B00F70F003E040000000000000094
:1097F0000000000000000000000000000000000069
:109800000000000000000000000000000000000058
:10981000000000000000000000000F000000000039
:10982000000000000000000004000006000003002B
:10983000000300000300000700000700000600000E
:109840000600000600000300000000000000000009
:109850000000000000000000000000000000000008
:1098600000000001000000000000000000000000F7
:1098700000000000000000000000000000000000E8
:1098800000000000000000000000000000000000D8
:1098900000000000000000000000000000000000C8
:1098A000000000000000000000000000711C1C040B
:1098B0000F00000000000000000000000000000099
:1098C0000000000000000000000000000000000098
:1098D0000000000000000000000000000000000088
:1098E0000000000000000000000000000000000078
:1098F0000000000000000000000000000000000068
:109900000000000000000000000000000000000057
:109910000000000000000000000000000000000047
:1099200000050000000000000000FE3F3800FE7F40
:109930003800FE3F3800000000000000000000007A
:109940000000000000000000000000000000000017
:109950000000000000000000000000000000000007
:1099600000000000000000000000000000000000F7
:1099700000000000000000000000000000000000E7
:1099800000000000000000000000000000000000D7
:10999000000009000000007E000000FE0000007EC4
:1099A00000000000000000000000007E000000FE3B
:1099B0000000007E00000000000000000000000029
:1099C0000000000000000000000000000000000097
:1099D0000000000000000000000000000000000087
:1099E0000000000000000000000000000000000077
:1099F0000000000000000000000000000000000067
:109A00000000000F80C1000080C1380080C13F000D
:109A100080FF0700F8FF0000FEC100008EC10000BB
:109A200080C1000080C1380080C13F0080FF070076
:109A3000F8FF0000FEC100008EC1000080C10000E0
:109A40000000000000000000000000000000000016
:109A50000000000000000000000000000000000006
:109A600000000000000000000000000000000000F6
:109A7000000000000F00000000F0810300F8830FD9
:109A800000FC871F000C071E00060E3800060E3073
:109A900000FFFFFF01FFFFFF01061C30000E1C3816
:109AA000001C381C007CF81F0078F00F0060C00319
:109AB00000000000000000000000000000000000A6
:109AC0000000000000000000000000000000000096
:109AD0000000000000000000000000000000000086
:109AE0000000000000180000000000000000F0016D
:109AF0000000FC0700000E0E0000060C0000060C23
:109B00004000060C70000E063C00FC070F00F081C0
:109B1000030000E0010000780000001E0000800744
:109B20000000C0810F00F0E03F003C7070000E307C
:109B3000600002306000003060000070700000E0E3
:109B40003F0000800F000000000000000000000047
:109B5000000000000000130000000000C00300002F
:109B6000F00F0070F81F00FC391C00FC0F38000ECD
:109B70000F3000060E3000061E30000E3B3800FE8F
:109B8000731800FCE11C0078C00F0000C007000043
:109B9000F0070000F00F0000301C0000003800004B
:109BA00000100000000000000000000000000000A5
:109BB00000000000000000000000000000000000A5
:109BC0000000000000000004000000007E00000013
:109BD000FE0000007E000000000000000000000009
:109BE0000000000000000000000000000000000075
:109BF0000000000000000000000000000000000065
:109C00000000000000000000000000000000000054
:109C10000000000000000000000000000000000044
:109C20000000000000000000000000000000000034
:109C30000000000000000000140000000000000010
:109C40000000000000000000000000000000000014
:109C50000000000000000000000000000000000004
:109C60000000000000000000000000000000FC03F5
:109C70000080FF1F00E0037C007800E0011C0080F2
:109C8000030E0000070400000200000000000000B6
:109C900000000000000000000000000000000000C4
:109CA000000000000000000000051C008003780098
:109CB000E001E0037C0080FF1F0000FC03000000C7
:109CC0000000000000000000000000000000000094
:109CD0000000000000000000000000000000000084
:109CE0000000000000000000000000000000000074
:109CF0000000000000000000000000000000000064
:109D00000000000000000000000000000000000053
:109D1000000000000000000000000A100000001811
:109D2000010000B0030000F0010000FE000000FE92
:109D3000000000F0010000B0030000180100001056
:109D40000000000000000000000000000000000013
:109D50000000000000000000000000000000000003
:109D600000000000000000000000000000000000F3
:109D700000000000000000000000000000000000E3
:109D800000000000000000000000000F00000000C4
:109D90000018000000180000001800000018000063
:109DA0000018000000180000E0FF0700E0FF0700B7
:109DB0000018000000180000001800000018000043
:109DC0000018000000180000000000000000000063
:109DD0000000000000000000000000000000000083
:109DE0000000000000000000000000000000000073
:109DF000000000000000000000000000050000005E
:109E0000000000000000003802000038030000F8E5
:109E10000000000000000000000000000000000042
:109E20000000000000000000000000000000000032
:109E30000000000000000000000000000000000022
:109E40000000000000000000000000000000000012
:109E50000000000000000000000000000000000002
:109E600000000000000000000000000000090000E9
:109E7000000000E0000000E0000000E0000000E062
:109E8000000000E0000000E0000000E0000000E052
:109E900000000000000000000000000000000000C2
:109EA00000000000000000000000000000000000B2
:109EB00000000000000000000000000000000000A2
:109EC0000000000000000000000000000000000092
:109ED000000000000000000000000000000005007D
:109EE0000000000000000000003800000038000002
:109EF000003800000000000000000000000000002A
:109F00000000000000000000000000000000000051
:109F10000000000000000000000000000000000041
:109F20000000000000000000000000000000000031
:109F30000000000000000000000000000000000021
:109F40000000000000000000000000000000000809
:109F50000000300000003E0000E00F0000FC0100A7
:109F6000C01F0000F80300003E00000006000000D3
:109F700000000000000000000000000000000000E1
:109F800000000000000000000000000000000000D1
:109F900000000000000000000000000000000000C1
:109FA00000000000000000000000000000000000B1
:109FB00000000000000000000000000000000000A1
:109FC0000F0000000080FF0100F0FF0700F8FF0F06
:109FD000007C001F001E003C000E0038000E003800
:109FE000000E0038001E003C007C001F00F8FF0F30
:109FF00000F0FF0700C0FF010000000000000000AB
:10A000000000000000000000000000000000000050
:10A010000000000000000000000000000000000040
:10A020000000000000000000000000000000000030
:10A03000000F0000000000000000C0010000E00070
:10A040000000E00000007000000038000000FCFF8D
:10A050003F00FEFF3F00FEFF3F0000000000000049
:10A0600000000000000000000000000000000000F0
:10A0700000000000000000000000000000000000E0
:10A0800000000000000000000000000000000000D0
:10A0900000000000000000000000000000000000C0
:10A0A00000000F000000006000300078003C007CE1
:10A0B000003E001C003F000E803B000EC039000E29
:10A0C000E038000E7038000E3C38001E1E3800FCD0
:10A0D0000F3800F8033800F00138000000000000DD
:10A0E0000000000000000000000000000000000070
:10A0F0000000000000000000000000000000000060
:10A10000000000000000000000000000000000004F
:10A110000000000F000000006000030078000F0046
:10A120007C001F001C001E000E003C000E1C3800AE
:10A130000E1C38000E1C38001E1E3C00FC3F1C008C
:10A14000F8F31F00F0F10F0000C003000000000052
:10A1500000000000000000000000000000000000FF
:10A1600000000000000000000000000000000000EF
:10A1700000000000000000000000000000000000DF
:10A18000000000000F00E0010000F0010000F801F5
:10A190000000CE010000C70100C0C30100E0C00103
:10A1A0000070C001001CC00100FEFF3F00FEFF3F29
:10A1B00000FEFF3F0000C0010000C0010000C00120
:10A1C000000000000000000000000000000000008F
:10A1D000000000000000000000000000000000007F
:10A1E000000000000000000000000000000000006F
:10A1F00000000000000F00000000001C0300F01F22
:10A200000F00FE1F1F00FE0E1E000E0638000E0778
:10A2100038000E0738000E0738000E0F3C000E1EE7
:10A220001E000EFE1F000EFC070000F003000000E1
:10A23000000000000000000000000000000000001E
:10A24000000000000000000000000000000000000E
:10A2500000000000000000000000000000000000FE
:10A260000000000000000F0000000080FF0100F06F
:10A27000FF0700F8FF0F007C381E001C1C3C000E7E
:10A280000E38000E0E38000E0E38000E1E3C001E5A
:10A290003E1E003CFC1F0038F80F0030E0030000B9
:10A2A00000000000000000000000000000000000AE
:10A2B000000000000000000000000000000000009E
:10A2C000000000000000000000000000000000008E
:10A2D000000000000000000F000000000E00000061
:10A2E0000E0000000E0000000E003C000EC03F00FB
:10A2F0000EF83F000EFE03008E3F0000CE07000068
:10A30000FE0100007E0000001E0000000E000000A4
:10A31000000000000000000000000000000000003D
:10A32000000000000000000000000000000000002D
:10A33000000000000000000000000000000000001D
:10A3400000000000000000000F0000000000C00737
:10A3500000F0E10F00F8F71F00FC371C001E1E3C48
:10A36000000E1C38000E1C38000E1C38001E3E3833
:10A3700000FC371C00F8F71F00F0E10F0000C007D9
:10A3800000000000000000000000000000000000CD
:10A3900000000000000000000000000000000000BD
:10A3A00000000000000000000000000000000000AD
:10A3B0000000000000000000000F00000000E003AB
:10A3C0000600F80F0E00FC1F1E003C3E3C001E3C29
:10A3D00038000E3838000E3838000E3838001E1C91
:10A3E0001C003C0E1F00F8FF0F00F0FF0700C0FF2D
:10A3F000000000000000000000000000000000005D
:10A40000000000000000000000000000000000004C
:10A41000000000000000000000000000000000003C
:10A420000000000000000000000005000000000027
:10A4300000000080033800800338008003380000EB
:10A44000000000000000000000000000000000000C
:10A4500000000000000000000000000000000000FC
:10A4600000000000000000000000000000000000EC
:10A4700000000000000000000000000000000000DC
:10A4800000000000000000000000000000000000CC
:10A4900000000000000000000000000500000000B7
:10A4A0000000000080033802800338038003F800B6
:10A4B000000000000000000000000000000000009C
:10A4C000000000000000000000000000000000008C
:10A4D000000000000000000000000000000000007C
:10A4E000000000000000000000000000000000006C
:10A4F000000000000000000000000000000000005C
:10A500000000000000000000000000000F0000003C
:10A510000000080000001C0000001C0000003600C5
:10A520000000360000006300000063000080C100EE
:10A530000080C10000C0800100C0800100600003F5
:10A540000060000300300006000000000000000072
:10A5500000000000000000000000000000000000FB
:10A5600000000000000000000000000000000000EB
:10A57000000000000000000000000000000F0000CC
:10A58000000080C1000080C1000080C1000080C1C7
:10A59000000080C1000080C1000080C1000080C1B7
:10A5A000000080C1000080C1000080C1000080C1A7
:10A5B000000080C1000080C1000000000000000019
:10A5C000000000000000000000000000000000008B
:10A5D000000000000000000000000000000000007B
:10A5E00000000000000000000000000000000F005C
:10A5F000000000300003006080010060800100C0A6
:10A60000800100C0C0000080C10000806100000027
:10A610006300000063000000360000003600000008
:10A620001C0000001C0000001800000000000000DA
:10A63000000000000000000000000000000000001A
:10A64000000000000000000000000000000000000A
:10A650000000000000000000000000000000000EEC
:10A660000000000060000000780000007C00000096
:10A670001C0000000E00000006C0390006F0390082
:10A68000067838000E3C00001C0E0000FC0700009D
:10A69000F8030000F00100000000000000000000CE
:10A6A00000000000000000000000000000000000AA
:10A6B000000000000000000000000000000000009A
:10A6C000000000000000000000000000000000008A
:10A6D0001C000000000000000000F8070000FE3F22
:10A6E0000080077800E001E0007000C00138E087DA
:10A6F0000318F80F071CFE1F060C1F3C060E073040
:10A700000E8603300C8601300C8601180C86010C75
:10A710000C06031F0C06FF3F0C86FF3F0C8CFF311D
:10A720000C8C0730041C0018063800180670000E48
:10A7300003E0810703C0FF8101007EC000000040EC
:10A7400000130000300000003C0000803F0000E0EB
:10A750000F0000FC030000FF0000E0FF0000F8E332
:10A7600000007EE000000EE000007EE00000F8E364
:10A770000000E0FF000000FF000000FC030000E01C
:10A780000F0000803F0000003C000000300000008F
:10A7900000000000000000000000000000000000B9
:10A7A00000000000000000000000000000000000A9
:10A7B0000000110000000000000000FEFF3F00FE4E
:10A7C000FF3F00FEFF3F000E1C38000E1C38000E3D
:10A7D0001C38000E1C38000E1C38000E1C38000EF1
:10A7E0001C38001E1E3800FC3F1C00F8F31F00F050
:10A7F000E10F0000C00700000000000000000000A2
:10A800000000000000000000000000000000000048
:10A810000000000000000000000000000000000038
:10A820000000001300000000007F0000E0FF0300B4
:10A83000F0FF0700F8800F003C001E001C001C0009
:10A840001E003C000E0038000E0038000E003800DC
:10A850000E0038000E0038001E003C001C001E00D8
:10A860007C000F00F8C00F00F0C003004080000023
:10A8700000000000000000000000000000000000D8
:10A8800000000000000000000000000000000000C8
:10A8900000000000130000000000000000FEFF3F69
:10A8A00000FEFF3F00FEFF3F000E0038000E0038A4
:10A8B000000E0038000E0038000E0038000E003880
:10A8C000000E0038000E0038001E001C003C001E68
:10A8D00000F8800F00F0FF0700E0FF0300807F001A
:10A8E0000000000000000000000000000000000068
:10A8F0000000000000000000000000000000000058
:10A900000000000000110000000000000000FEFF39
:10A910003F00FEFF3F00FEFF3F000E1C38000E1CF4
:10A9200038000E1C38000E1C38000E1C38000E1C9F
:10A9300038000E1C38000E1C38000E1C38000E1C8F
:10A9400038000E1C38000E00380000000000000027
:10A9500000000000000000000000000000000000F7
:10A9600000000000000000000000000000000000E7
:10A97000000000000000100000000000000000FEC9
:10A98000FF3F00FEFF3F00FEFF3F000E1C00000ED9
:10A990001C00000E1C00000E1C00000E1C00000E0F
:10A9A0001C00000E1C00000E1C00000E1C00000EFF
:10A9B0000000000E00000000000000000000000089
:10A9C0000000000000000000000000000000000087
:10A9D0000000000000000000000000000000000077
:10A9E000000000000000001500000000007F0000D3
:10A9F000C0FF0100F0FF0700F8800F0078000F0093
:10AA00003C001E001C001C000E003C000E00380024
:10AA10000E0038000E0038000E3838000E383800AE
:10AA20000E3838001E383C001C381C007C381C00D6
:10AA3000F8F80F00F0F80F0040F8070000000000E1
:10AA40000000000000000000000000000000000006
:10AA500000000000000000001200000000000000E4
:10AA600000FEFF3F00FEFF3F00FEFF3F00001C0016
:10AA700000001C0000001C0000001C0000001C0066
:10AA800000001C0000001C0000001C0000001C0056
:10AA900000001C0000FEFF3F00FEFF3F00FEFF3FE6
:10AAA00000000000000000000000000000000000A6
:10AAB0000000000000000000000000000000000096
:10AAC0000000000000000000000500000000000081
:10AAD0000000FEFF3F00FEFF3F00FEFF3F000000C2
:10AAE0000000000000000000000000000000000066
:10AAF0000000000000000000000000000000000056
:10AB00000000000000000000000000000000000045
:10AB10000000000000000000000000000000000035
:10AB20000000000000000000000000000000000025
:10AB3000000000000000000000000C000000000009
:10AB400000070000001F0000001F0000003C000084
:10AB5000003800000038000000380000003C00FE13
:10AB6000FF1F00FEFF0F00FEFF07000000000000B7
:10AB700000000000000000000000000000000000D5
:10AB800000000000000000000000000000000000C5
:10AB900000000000000000000000000000000000B5
:10ABA0000000000000000000000000130000000092
:10ABB00000000000FEFF3F00FEFF3F00FEFF3F00E1
:10ABC00000380000001C0000000E0000000F000014
:10ABD000803F0000C0790000E0F0000070C001007C
:10ABE000388007001C000F000E001E000600380011
:10ABF0000200300002002000000000000000000001
:10AC00000000000000000000000000000000000044
:10AC10000000000000000000000000000F00000025
:10AC20000000000000FEFF3F00FEFF3F00FEFF3F70
:10AC30000000003800000038000000380000003834
:10AC40000000003800000038000000380000003824
:10AC50000000003800000038000000000000000084
:10AC600000000000000000000000000000000000E4
:10AC700000000000000000000000000000000000D4
:10AC800000000000000000000000000000150000AF
:10AC9000000000000000FEFF3F00FEFF3F00FEFF3F
:10ACA0003F003E000000FE030000F03F000080FF78
:10ACB000070000F83F0000803F00000038000080DF
:10ACC0003F0000F83F0000FF0300F03F0000FE03DC
:10ACD00000003E000000FEFF3F00FEFF3F00FEFFC1
:10ACE0003F00000000000000000000000000000025
:10ACF0000000000000000000000000000000120042
:10AD000000000000000000FEFF3F00FEFF3F00FECD
:10AD1000FF3F007C000000F8000000E0030000801E
:10AD2000070000001F0000007C000000F000000091
:10AD3000E003000080070000001E00FEFF3F00FE51
:10AD4000FF3F00FEFF3F0000000000000000000089
:10AD500000000000000000000000000000000000F3
:10AD600000000000000000000000000000000015CE
:10AD700000000000007F0000C0FF0100F0FF07009E
:10AD8000F8800F003C000F001C001C001C001C0081
:10AD90000E0038000E0038000E0038000E0038009B
:10ADA0000E0038000E0038001C001C001C001C00A7
:10ADB0003C001E00F8800F00F0FF0700C0FF0100FC
:10ADC000007F000000000000000000000000000004
:10ADD0000000000000000000000000000000000073
:10ADE000110000000000000000FEFF3F00FEFF3FDA
:10ADF00000FEFF3F000E1C00000E1C00000E1C0099
:10AE0000000E1C00000E1C00000E1C00000E1C009A
:10AE1000000E1E00001E0E0000FC0F0000F80700D0
:10AE200000F003000000000000000000000000002F
:10AE30000000000000000000000000000000000012
:10AE40000000000000000000000000000000000002
:10AE5000001500000000007F0000C0FF0100F0FFAF
:10AE60000700F8800F003C000E001C001C001C00B6
:10AE70001C000E0038000E0038000E0038000E00D6
:10AE80003A000E003B000E003E001C001E001C009D
:10AE90001C003C001F00F8803F00F0FF7700C0FF5F
:10AEA0007100007F20000000000000000000000092
:10AEB0000000000000000000000000000000000092
:10AEC0000000150000000000000000FEFF3F00FE33
:10AED000FF3F00FEFF3F000E1C00000E1C00000E96
:10AEE0001C00000E1C00000E1C00000E1C00000EBA
:10AEF0003C00000E7C00000EFC00001EDE01001E67
:10AF0000CE0300FC8F0F00F8071E00F0033C00008A
:10AF100000380000002000000000000000000000D9
:10AF20000000000000000000000000000000000021
:10AF3000000000110000000000800300F081070005
:10AF4000F8830F00FC071E001C071C000E0E3C00BF
:10AF50000E0E38000E0E38000E1C38000E1C380085
:10AF60001E1C38001C383C007C781C0078F81F0040
:10AF700060F00F0000C003000000000000000000AF
:10AF800000000000000000000000000000000000C1
:10AF900000000000000000000000000000000000B1
:10AFA00000000000110E0000000E0000000E000066
:10AFB000000E0000000E0000000E0000000E000059
:10AFC00000FEFF3F00FEFF3F00FEFF3F000E0000BF
:10AFD000000E0000000E0000000E0000000E000039
:10AFE000000E0000000E0000000000000000000045
:10AFF0000000000000000000000000000000000051
:10B000000000000000000000000000000000000040
:10B010000000000000120000000000000000FEFF21
:10B020000100FEFF0700FEFF0F0000001F000000F0
:10B030003C0000003800000038000000380000002C
:10B040003800000038000000380000001C0000003C
:10B050001E00FEFF0F00FEFF0700FEFF01000000C4
:10B0600000000000000000000000000000000000E0
:10B0700000000000000000000000000000000000D0
:10B0800000000000000013020000001E000000FE8F
:10B09000000000FC070000E03F000000FF0100008E
:10B0A000F80F0000C03F0000003F0000003000002B
:10B0B000003E0000C03F0000F80F0000FF0100E06C
:10B0C0003F0000FC070000FE0000001E0000000220
:10B0D0000000000000000000000000000000000070
:10B0E0000000000000000000000000000000000060
:10B0F000000000000000001B0E000000FE01000028
:10B10000FE3F0000E0FF070000FE3F0000C03F00E0
:10B110000000380000803F0000F83F0080FF07007B
:10B12000F07F0000FE0700007E0000000E0000001F
:10B13000FE010000FE3F0000F0FF070000FF3F009F
:10B1400000E03F000000380000803F0000F83F00B2
:10B1500080FF0700F87F0000FE0700007E0000006F
:10B160000600000000000000130000200002003074
:10B170000006003C001E001E003C000F0078C007C7
:10B1800000F0E10100C0FB0000803F0000001E0055
:10B1900000803F0000C0FB0000F0E1010078C00724
:10B1A000003C000F001E001E0006003C00020030A4
:10B1B000000000200000000000000000000000006F
:10B1C000000000000000000000000000000000007F
:10B1D00000000000000000000013020000000E004C
:10B1E00000001E0000003C000000F8000000E0012C
:10B1F0000000C0070000000F000000FE3F0000F844
:10B200003F0000FC3F00001F000080070000E0033B
:10B210000000F00000007C0000001E0000000E0096
:10B22000000002000000000000000000000000001C
:10B23000000000000000000000000000000000000E
:10B2400000000000000000000000110000000000ED
:10B25000003C000E003E000E003F000E803B000E42
:10B26000C039000EF038000E7838000E3C38000E61
:10B270001E38000E0738008E033800CE013800EE6D
:10B280000038007E0038003E0038001E0038000004
:10B2900000000000000000000000000000000000AE
:10B2A000000000000000000000000000000000009E
:10B2B0000000000000000000000000070000000087
:10B2C000FEFFFF0FFEFFFF0FFEFFFF0F0E00000E41
:10B2D0000E00000E0E00000E000000000000000036
:10B2E000000000000000000000000000000000005E
:10B2F000000000000000000000000000000000004E
:10B30000000000000000000000000000000000003D
:10B31000000000000000000000000000000000002D
:10B32000000000000000000000000000080600000F
:10B33000003E000000F8030000C01F000000FC01F8
:10B340000000E00F0000003E0000003000000000A0
:10B3500000000000000000000000000000000000ED
:10B3600000000000000000000000000000000000DD
:10B3700000000000000000000000000000000000CD
:10B3800000000000000000000000000000000000BD
:10B3900000000000000000000000000000060E0099
:10B3A000000E0E00000E0E00000EFEFFFF0FFEFF4F
:10B3B000FF0FFEFFFF0F0000000000000000000074
:10B3C000000000000000000000000000000000007D
:10B3D000000000000000000000000000000000006D
:10B3E000000000000000000000000000000000005D
:10B3F000000000000000000000000000000000004D
:10B4000000000000000000000000000000000E002E
:10B4100000000000080000000E000080070000C0CF
:10B42000010000F00000003C0000000E0000003CA5
:10B4300000000070000000C0010000800700000054
:10B440000E000000080000000000000000000000E6
:10B4500000000000000000000000000000000000EC
:10B4600000000000000000000000000000000000DC
:10B4700000000000000000000000000000000018B4
:10B480000000000C0000000C0000000C0000000C8C
:10B490000000000C0000000C0000000C0000000C7C
:10B4A0000000000C0000000C0000000C0000000C6C
:10B4B0000000000C0000000C0000000C0000000C5C
:10B4C0000000000C0000000C0000000C0000000C4C
:10B4D0000000000C0000000C0000000C0000000C3C
:10B4E000000000000000000000000000000000005C
:10B4F000060000000002000000060000000E000030
:10B50000001E000000180000000000000000000005
:10B51000000000000000000000000000000000002B
:10B52000000000000000000000000000000000001B
:10B53000000000000000000000000000000000000B
:10B5400000000000000000000000000000000000FB
:10B5500000000000000000000000000000000000EB
:10B56000000F00000000000C0F00008E1F00008F75
:10B570003F0000C3390080C1300080C1300080C16D
:10B58000300080C110008061180080630C0080FFD3
:10B590001F0000FF3F0000FE3F00000020000000F1
:10B5A000000000000000000000000000000000009B
:10B5B000000000000000000000000000000000008B
:10B5C000000000000000000000000000000000007B
:10B5D00000000E00000000FEFF3F00FEFF3F00FEE7
:10B5E000FF3F0000070C00000318008001300080BE
:10B5F000013000800130008003380000071C00008B
:10B60000FF1F0000FE0F0000F80300000000000014
:10B61000000000000000000000000000000000002A
:10B62000000000000000000000000000000000001A
:10B63000000000000000000000000000000000000A
:10B640000000000D0000000000F8030000FE0F00E5
:10B6500000FF1F0000071C0080033800800130003D
:10B66000800130008001300080033800000F1E0090
:10B67000000E0E00000C060000000000000000009C
:10B6800000000000000000000000000000000000BA
:10B6900000000000000000000000000000000000AA
:10B6A000000000000000000000000000000000009A
:10B6B000000000000E0000000000F8030000FE0F74
:10B6C0000000FF1F0000071C0080033800800130CD
:10B6D0000080013000800130000003180000070CDA
:10B6E00000FEFF3F00FEFF3F00FEFF3F00000000A6
:10B6F000000000000000000000000000000000004A
:10B700000000000000000000000000000000000039
:10B710000000000000000000000000000000000029
:10B7200000000000000E0000000000F8030000FE12
:10B730000F0000FF1F0000671C008063380080615D
:10B740003000806130008061300080633800006725
:10B750003C00007F1E00007E0E0000780600000006
:10B7600000000000000000000000000000000000D9
:10B7700000000000000000000000000000000000C9
:10B7800000000000000000000000000000000000B9
:10B79000000000000000098001000080010000F8A6
:10B7A000FF3F00FCFF3F00FEFF3F008601000086D8
:10B7B00001000086010000060000000000000000FB
:10B7C0000000000000000000000000000000000079
:10B7D0000000000000000000000000000000000069
:10B7E0000000000000000000000000000000000059
:10B7F0000000000000000000000000000000000049
:10B80000000000000000000E0000000000F88301AE
:10B8100000FE8F0700FF9F0700071C0E8003380CF7
:10B820008001300C8001300C8001300C0003180EB8
:10B8300000061C0780FFFF0780FFFF0380FFFF005B
:10B8400000000000000000000000000000000000F8
:10B8500000000000000000000000000000000000E8
:10B8600000000000000000000000000000000000D8
:10B8700000000000000000000E00000000FEFF3F7E
:10B8800000FEFF3F00FEFF3F000006000000030037
:10B8900000800100008001000080010000800100A4
:10B8A000008003000000FF3F0000FF3F0000FE3F5C
:10B8B0000000000000000000000000000000000088
:10B8C0000000000000000000000000000000000078
:10B8D0000000000000000000000000000000000068
:10B8E00000000000000000000004000000008EFFC7
:10B8F0003F008EFF3F008EFF3F0000000000000071
:10B900000000000000000000000000000000000037
:10B910000000000000000000000000000000000027
:10B920000000000000000000000000000000000017
:10B930000000000000000000000000000000000007
:10B9400000000000000000000000000000000000F7
:10B9500000000000000000000000040000000C8E49
:10B96000FFFF0F8EFFFF078EFFFF030000000000A8
:10B9700000000000000000000000000000000000C7
:10B9800000000000000000000000000000000000B7
:10B9900000000000000000000000000000000000A7
:10B9A0000000000000000000000000000000000097
:10B9B0000000000000000000000000000000000087
:10B9C00000000000000000000000000F0000000068
:10B9D000FEFF3F00FEFF3F00FEFF3F0000E00000D3
:10B9E000007000000078000000FC000000CE0300A2
:10B9F000008F070000070F0080031E008001380041
:10BA00008000300000002000000000000000000066
:10BA10000000000000000000000000000000000026
:10BA20000000000000000000000000000000000016
:10BA30000000000000000000000000000400000002
:10BA400000FEFF3F00FEFF3F00FEFF3F0000000042
:10BA500000000000000000000000000000000000E6
:10BA600000000000000000000000000000000000D6
:10BA700000000000000000000000000000000000C6
:10BA800000000000000000000000000000000000B6
:10BA900000000000000000000000000000000000A6
:10BAA0000000000000000000000000000016000080
:10BAB000000080FF3F0080FF3F0080FF3F00000646
:10BAC00000000003000080010000800100008001F0
:10BAD00000008003000080FF3F0000FF3F0000FEE9
:10BAE0003F0000060000000300008001000080010C
:10BAF0000000800100008003000080FF3F0000FF85
:10BB00003F0000FE3F0000000000000000000000B9
:10BB100000000000000000000000000000000E0017
:10BB200000000080FF3F0080FF3F0080FF3F0000DB
:10BB3000060000000300008001000080010000807A
:10BB4000010000800100008003000000FF3F0000B2
:10BB5000FF3F0000FE3F000000000000000000006A
:10BB600000000000000000000000000000000000D5
:10BB700000000000000000000000000000000000C5
:10BB80000000000000000000000000000000000EA7
:10BB90000000000000F8030000FE0F0000FF1F007F
:10BBA00000071C0080033800800130008001300055
:10BBB000800130008003380000071C0000FF1F00D8
:10BBC00000FE0F0000F8030000000000000000006D
:10BBD0000000000000000000000000000000000065
:10BBE0000000000000000000000000000000000055
:10BBF0000000000000000000000000000000000045
:10BC00000E0000000080FFFF0F80FFFF0F80FFFF8E
:10BC10000F000E1C0000031800800130008001306E
:10BC200000800130008003380000071C0000FF1F67
:10BC30000000FE0F0000F8030000000000000000FC
:10BC400000000000000000000000000000000000F4
:10BC500000000000000000000000000000000000E4
:10BC600000000000000000000000000000000000D4
:10BC7000000E0000000000F8030000FE0F0000FFAF
:10BC80001F0000071C008003380080013000800185
:10BC900030008001300000031800000E1C0080FFFF
:10BCA000FF0F80FFFF0F80FFFF0F0000000000006C
:10BCB0000000000000000000000000000000000084
:10BCC0000000000000000000000000000000000074
:10BCD0000000000000000000000000000000000064
:10BCE00000000A0000000080FF3F0080FF3F00804E
:10BCF000FF3F0000060000000300008001000080FC
:10BD000001000080030000000100000000000000AE
:10BD10000000000000000000000000000000000023
:10BD20000000000000000000000000000000000013
:10BD30000000000000000000000000000000000003
:10BD400000000000000000000000000000000000F3
:10BD50000000000D00000000001E0600003F1E0055
:10BD6000007F1E008073380080F1300080E13000D9
:10BD700080E1310080C3310000CF390000CF1F00C7
:10BD8000008C1F0000000F000000000000000000F9
:10BD900000000000000000000000000000000000A3
:10BDA0000000000000000000000000000000000093
:10BDB0000000000000000000000000000000000083
:10BDC00000000000078001000080010000F8FF1F54
:10BDD00000F8FF3F00FCFF3F008001300080013091
:10BDE0000000000000000000000000000000000053
:10BDF0000000000000000000000000000000000043
:10BE00000000000000000000000000000000000032
:10BE10000000000000000000000000000000000022
:10BE20000000000000000000000000000000000012
:10BE300000000000000E0000000080FF070080FFEF
:10BE40001F0080FF1F0000003800000030000000CD
:10BE5000300000003000000030000000180000003A
:10BE60000C0080FF3F0080FF3F0080FF3F0000008C
:10BE700000000000000000000000000000000000C2
:10BE800000000000000000000000000000000000B2
:10BE900000000000000000000000000000000000A2
:10BEA0000000000000000F800000008007000080FC
:10BEB0003F000000FF000000F8070000E03F000026
:10BEC000003F000000380000003F0000C03F0000BD
:10BED000F8070000FF0000803F000080070000809E
:10BEE0000000000000000000000000000000000052
:10BEF0000000000000000000000000000000000042
:10BF00000000000000000000000000000000000031
:10BF1000000000000000001400000000800300008A
:10BF2000807F000080FF070000FC3F0000803F0092
:10BF30000000380000C03F0000FC0700807F0000C8
:10BF400080030000807F000000FC070000C03F006D
:10BF50000000380000C03F0000FC3F0080FF0700E9
:10BF6000803F00008003000000000000000000008F
:10BF700000000000000000000000000000000000C1
:10BF800000000000000000000E8000200080013052
:10BF90000080033800000F1E00001E0F0000FC0789
:10BFA0000000F0010000F0010000FC0700001E0F7F
:10BFB00000000F1E00800338008001300080002048
:10BFC0000000000000000000000000000000000071
:10BFD0000000000000000000000000000000000061
:10BFE0000000000000000000000000000000000051
:10BFF0000000000000000000000F8001000080072A
:10C00000000C801F000C00FE000C00F8030E00E086
:10C010008F070080FF030000FC0100007F0000E0AC
:10C020000F0000F80300007F0000801F0000800761
:10C030000000800000000000000000000000000080
:10C0400000000000000000000000000000000000F0
:10C0500000000000000000000000000000000000E0
:10C06000000000000000000000000E0000000000C2
:10C0700000300080013C0080013E0080013F0080D4
:10C0800081330080C1310080E13000807930008050
:10C090003D3000801F30008007300080033000807A
:10C0A000013000000000000000000000000000005F
:10C0B0000000000000000000000000000000000080
:10C0C0000000000000000000000000000000000070
:10C0D000000000000000000000000014000000004C
:10C0E0000000000000000000000000000000000050
:10C0F0000000000000000000000000000000000040
:10C10000000000000000000000000000000000002F
:10C110000060000000F80000F09FFF00F807FE013B
:10C120000C000003060000060200000400000000EE
:10C1300000000000000000000000000000000000FF
:10C1400000000000000000000000000005000000EA
:10C15000000000000000000000FEFFFF0FFEFFFFD8
:10C160000F000000000000000000000000000000C0
:10C1700000000000000000000000000000000000BF
:10C1800000000000000000000000000000000000AF
:10C19000000000000000000000000000000000009F
:10C1A000000000000000000000000000000000008F
:10C1B00000000000000000000000000000050C006E
:10C1C0000003F80FFE01F09FFF0000F80000006080
:10C1D000000000000000000000000000000000005F
:10C1E000000000000000000000000000000000004F
:10C1F000000000000000000000000000000000003F
:10C20000000000000000000000000000000000002E
:10C21000000000000000000000000000000000001E
:10C2200000000000000000000000000000000F00FF
:10C2300000000000380000001C0000001C0000008E
:10C240001C0000001C0000001C0000001C0000007E
:10C2500038000000380000003800000038000000FE
:10C2600038000000380000001C0000000000000042
:10C2700000000000000000000000000000000000BE
:10C2800000000000000000000000000000000000AE
:10C29000000000000000000000000000000000019D
:10C2A000000000000000000000000000000000008E
:10C2B000000000000000000000000000000000007E
:10C2C000000000000000000000000000000000006E
:10C2D000000000000000000000000000000000005E
:10C2E000000000000000000000000000000000004E
:10C2F000000000000000000000000000000000003E
:10C30000000000000000000000000000000000002D
:10C31000232D302B2000686C4C006566674546472E
:10C3200000303132333435363738394142434445B1
:10C330004600303132333435363738396162636420
:04C34000656600002E
:04C3440031010008BB
:04C348000D010008DB
:10C34C00010E0A0000127A00100000000100F0003B
:10C35C004001000018000020000000004C030020E9
:10C36C00B40300201C0400200000000000000000AA
:10C37C0000000000000000000000000000000000B1
:10C38C0000000000000000000000000000000000A1
:10C39C000000000000000000000000000000000091
:04C3AC00000000008D
:0400000508002A5570
:00000001FF
