#include "fonts.h"

const uint8_t Arial_Narrow8x12[] = {
		/* Offset, Width, Height, BPL */
		17,8,12,2,

        0x05, 0x00, 0x00, 0x00, 0x00, 0x00, 0x00, 0x00, 0x00, 0x00, 0x00, 0x00, 0x00, 0x00, 0x00, 0x00, 0x00,  // Code for char
        0x02, 0x00, 0x00, 0x7E, 0x01, 0x00, 0x00, 0x00, 0x00, 0x00, 0x00, 0x00, 0x00, 0x00, 0x00, 0x00, 0x00,  // Code for char !
        0x03, 0x0E, 0x00, 0x00, 0x00, 0x0E, 0x00, 0x00, 0x00, 0x00, 0x00, 0x00, 0x00, 0x00, 0x00, 0x00, 0x00,  // Code for char "
        0x05, 0xE8, 0x01, 0x5E, 0x00, 0xE8, 0x01, 0x5E, 0x00, 0x48, 0x00, 0x00, 0x00, 0x00, 0x00, 0x00, 0x00,  // Code for char #
        0x05, 0x8C, 0x00, 0x12, 0x01, 0xFF, 0x03, 0x12, 0x01, 0xE4, 0x00, 0x00, 0x00, 0x00, 0x00, 0x00, 0x00,  // Code for char $
        0x07, 0x0C, 0x00, 0x12, 0x00, 0x8C, 0x01, 0x70, 0x00, 0xCC, 0x00, 0x22, 0x01, 0xC0, 0x00, 0x00, 0x00,  // Code for char %
        0x05, 0xE0, 0x00, 0x2C, 0x01, 0x32, 0x01, 0xCC, 0x00, 0xE0, 0x00, 0x00, 0x00, 0x00, 0x00, 0x00, 0x00,  // Code for char &
        0x01, 0x0E, 0x00, 0x00, 0x00, 0x00, 0x00, 0x00, 0x00, 0x00, 0x00, 0x00, 0x00, 0x00, 0x00, 0x00, 0x00,  // Code for char '
        0x02, 0xFC, 0x03, 0x02, 0x04, 0x00, 0x00, 0x00, 0x00, 0x00, 0x00, 0x00, 0x00, 0x00, 0x00, 0x00, 0x00,  // Code for char (
        0x02, 0x02, 0x04, 0xFC, 0x03, 0x00, 0x00, 0x00, 0x00, 0x00, 0x00, 0x00, 0x00, 0x00, 0x00, 0x00, 0x00,  // Code for char )
        0x03, 0x14, 0x00, 0x0E, 0x00, 0x14, 0x00, 0x00, 0x00, 0x00, 0x00, 0x00, 0x00, 0x00, 0x00, 0x00, 0x00,  // Code for char *
        0x05, 0x20, 0x00, 0x20, 0x00, 0xF8, 0x00, 0x20, 0x00, 0x20, 0x00, 0x00, 0x00, 0x00, 0x00, 0x00, 0x00,  // Code for char +
        0x02, 0x00, 0x04, 0x00, 0x03, 0x00, 0x00, 0x00, 0x00, 0x00, 0x00, 0x00, 0x00, 0x00, 0x00, 0x00, 0x00,  // Code for char ,
        0x02, 0x40, 0x00, 0x40, 0x00, 0x00, 0x00, 0x00, 0x00, 0x00, 0x00, 0x00, 0x00, 0x00, 0x00, 0x00, 0x00,  // Code for char -
        0x02, 0x00, 0x00, 0x00, 0x01, 0x00, 0x00, 0x00, 0x00, 0x00, 0x00, 0x00, 0x00, 0x00, 0x00, 0x00, 0x00,  // Code for char .
        0x03, 0xC0, 0x01, 0x30, 0x00, 0x0E, 0x00, 0x00, 0x00, 0x00, 0x00, 0x00, 0x00, 0x00, 0x00, 0x00, 0x00,  // Code for char /
        0x04, 0xFC, 0x00, 0x02, 0x01, 0x02, 0x01, 0xFC, 0x00, 0x00, 0x00, 0x00, 0x00, 0x00, 0x00, 0x00, 0x00,  // Code for char 0
        0x03, 0x08, 0x00, 0x04, 0x00, 0xFE, 0x01, 0x00, 0x00, 0x00, 0x00, 0x00, 0x00, 0x00, 0x00, 0x00, 0x00,  // Code for char 1
        0x04, 0x84, 0x01, 0x42, 0x01, 0x22, 0x01, 0x1C, 0x01, 0x00, 0x00, 0x00, 0x00, 0x00, 0x00, 0x00, 0x00,  // Code for char 2
        0x04, 0x84, 0x00, 0x12, 0x01, 0x12, 0x01, 0xEC, 0x00, 0x00, 0x00, 0x00, 0x00, 0x00, 0x00, 0x00, 0x00,  // Code for char 3
        0x05, 0x60, 0x00, 0x58, 0x00, 0x44, 0x00, 0xFE, 0x01, 0x40, 0x00, 0x00, 0x00, 0x00, 0x00, 0x00, 0x00,  // Code for char 4
        0x04, 0x98, 0x00, 0x16, 0x01, 0x12, 0x01, 0xE2, 0x00, 0x00, 0x00, 0x00, 0x00, 0x00, 0x00, 0x00, 0x00,  // Code for char 5
        0x04, 0xFC, 0x00, 0x22, 0x01, 0x12, 0x01, 0xE4, 0x00, 0x00, 0x00, 0x00, 0x00, 0x00, 0x00, 0x00, 0x00,  // Code for char 6
        0x04, 0x02, 0x00, 0xC2, 0x01, 0x3A, 0x00, 0x06, 0x00, 0x00, 0x00, 0x00, 0x00, 0x00, 0x00, 0x00, 0x00,  // Code for char 7
        0x04, 0xEC, 0x00, 0x12, 0x01, 0x12, 0x01, 0xEC, 0x00, 0x00, 0x00, 0x00, 0x00, 0x00, 0x00, 0x00, 0x00,  // Code for char 8
        0x04, 0x9C, 0x00, 0x22, 0x01, 0x12, 0x01, 0xFC, 0x00, 0x00, 0x00, 0x00, 0x00, 0x00, 0x00, 0x00, 0x00,  // Code for char 9
        0x02, 0x00, 0x00, 0x08, 0x01, 0x00, 0x00, 0x00, 0x00, 0x00, 0x00, 0x00, 0x00, 0x00, 0x00, 0x00, 0x00,  // Code for char :
        0x02, 0x00, 0x04, 0x08, 0x03, 0x00, 0x00, 0x00, 0x00, 0x00, 0x00, 0x00, 0x00, 0x00, 0x00, 0x00, 0x00,  // Code for char ;
        0x04, 0x20, 0x00, 0x50, 0x00, 0x50, 0x00, 0x88, 0x00, 0x00, 0x00, 0x00, 0x00, 0x00, 0x00, 0x00, 0x00,  // Code for char <
        0x04, 0x50, 0x00, 0x50, 0x00, 0x50, 0x00, 0x50, 0x00, 0x00, 0x00, 0x00, 0x00, 0x00, 0x00, 0x00, 0x00,  // Code for char =
        0x04, 0x88, 0x00, 0x50, 0x00, 0x50, 0x00, 0x20, 0x00, 0x00, 0x00, 0x00, 0x00, 0x00, 0x00, 0x00, 0x00,  // Code for char >
        0x04, 0x04, 0x00, 0x62, 0x01, 0x12, 0x00, 0x0C, 0x00, 0x00, 0x00, 0x00, 0x00, 0x00, 0x00, 0x00, 0x00,  // Code for char ?
        0x08, 0xF0, 0x01, 0x08, 0x02, 0xF4, 0x04, 0x0A, 0x09, 0x0A, 0x09, 0xF2, 0x09, 0x0C, 0x05, 0xF8, 0x02,  // Code for char @
        0x05, 0x80, 0x01, 0x7C, 0x00, 0x42, 0x00, 0x7C, 0x00, 0x80, 0x01, 0x00, 0x00, 0x00, 0x00, 0x00, 0x00,  // Code for char A
        0x05, 0xFE, 0x01, 0x12, 0x01, 0x12, 0x01, 0x12, 0x01, 0xEC, 0x00, 0x00, 0x00, 0x00, 0x00, 0x00, 0x00,  // Code for char B
        0x06, 0x78, 0x00, 0x84, 0x00, 0x02, 0x01, 0x02, 0x01, 0x02, 0x01, 0xCC, 0x00, 0x00, 0x00, 0x00, 0x00,  // Code for char C
        0x05, 0xFE, 0x01, 0x02, 0x01, 0x02, 0x01, 0x84, 0x00, 0x78, 0x00, 0x00, 0x00, 0x00, 0x00, 0x00, 0x00,  // Code for char D
        0x05, 0xFE, 0x01, 0x12, 0x01, 0x12, 0x01, 0x12, 0x01, 0x12, 0x01, 0x00, 0x00, 0x00, 0x00, 0x00, 0x00,  // Code for char E
        0x05, 0x00, 0x00, 0xFE, 0x01, 0x12, 0x00, 0x12, 0x00, 0x02, 0x00, 0x00, 0x00, 0x00, 0x00, 0x00, 0x00,  // Code for char F
        0x06, 0x78, 0x00, 0x84, 0x00, 0x02, 0x01, 0x22, 0x01, 0x22, 0x01, 0xEC, 0x00, 0x00, 0x00, 0x00, 0x00,  // Code for char G
        0x05, 0xFE, 0x01, 0x10, 0x00, 0x10, 0x00, 0x10, 0x00, 0xFE, 0x01, 0x00, 0x00, 0x00, 0x00, 0x00, 0x00,  // Code for char H
        0x01, 0xFE, 0x01, 0x00, 0x00, 0x00, 0x00, 0x00, 0x00, 0x00, 0x00, 0x00, 0x00, 0x00, 0x00, 0x00, 0x00,  // Code for char I
        0x04, 0xC0, 0x00, 0x00, 0x01, 0x00, 0x01, 0xFE, 0x00, 0x00, 0x00, 0x00, 0x00, 0x00, 0x00, 0x00, 0x00,  // Code for char J
        0x05, 0xFE, 0x01, 0x10, 0x00, 0x38, 0x00, 0xC4, 0x00, 0x02, 0x01, 0x00, 0x00, 0x00, 0x00, 0x00, 0x00,  // Code for char K
        0x04, 0xFE, 0x01, 0x00, 0x01, 0x00, 0x01, 0x00, 0x01, 0x00, 0x00, 0x00, 0x00, 0x00, 0x00, 0x00, 0x00,  // Code for char L
        0x07, 0xFE, 0x01, 0x0C, 0x00, 0xF0, 0x00, 0x00, 0x01, 0xF0, 0x00, 0x0C, 0x00, 0xFE, 0x01, 0x00, 0x00,  // Code for char M
        0x06, 0xFE, 0x01, 0x04, 0x00, 0x18, 0x00, 0x60, 0x00, 0x80, 0x00, 0xFE, 0x01, 0x00, 0x00, 0x00, 0x00,  // Code for char N
        0x06, 0x78, 0x00, 0x84, 0x00, 0x02, 0x01, 0x02, 0x01, 0x84, 0x00, 0x78, 0x00, 0x00, 0x00, 0x00, 0x00,  // Code for char O
        0x05, 0xFE, 0x01, 0x22, 0x00, 0x22, 0x00, 0x22, 0x00, 0x1C, 0x00, 0x00, 0x00, 0x00, 0x00, 0x00, 0x00,  // Code for char P
        0x06, 0x78, 0x00, 0x84, 0x00, 0x02, 0x01, 0x82, 0x01, 0x84, 0x00, 0x78, 0x03, 0x00, 0x00, 0x00, 0x00,  // Code for char Q
        0x07, 0x00, 0x00, 0xFE, 0x01, 0x12, 0x00, 0x32, 0x00, 0x52, 0x00, 0x8C, 0x00, 0x00, 0x01, 0x00, 0x00,  // Code for char R
        0x05, 0xCC, 0x00, 0x12, 0x01, 0x12, 0x01, 0x12, 0x01, 0xE4, 0x00, 0x00, 0x00, 0x00, 0x00, 0x00, 0x00,  // Code for char S
        0x05, 0x02, 0x00, 0x02, 0x00, 0xFE, 0x01, 0x02, 0x00, 0x02, 0x00, 0x00, 0x00, 0x00, 0x00, 0x00, 0x00,  // Code for char T
        0x06, 0x7E, 0x00, 0x80, 0x00, 0x00, 0x01, 0x00, 0x01, 0x80, 0x00, 0x7E, 0x00, 0x00, 0x00, 0x00, 0x00,  // Code for char U
        0x05, 0x06, 0x00, 0xF8, 0x00, 0x00, 0x01, 0xF8, 0x00, 0x06, 0x00, 0x00, 0x00, 0x00, 0x00, 0x00, 0x00,  // Code for char V
        0x07, 0xFE, 0x00, 0x00, 0x01, 0xFC, 0x00, 0x02, 0x00, 0xFC, 0x00, 0x00, 0x01, 0xFE, 0x00, 0x00, 0x00,  // Code for char W
        0x06, 0x02, 0x01, 0xCC, 0x00, 0x30, 0x00, 0x30, 0x00, 0xCC, 0x00, 0x02, 0x01, 0x00, 0x00, 0x00, 0x00,  // Code for char X
        0x05, 0x02, 0x00, 0x0C, 0x00, 0xF0, 0x01, 0x0C, 0x00, 0x02, 0x00, 0x00, 0x00, 0x00, 0x00, 0x00, 0x00,  // Code for char Y
        0x05, 0x82, 0x01, 0x42, 0x01, 0x32, 0x01, 0x0A, 0x01, 0x06, 0x01, 0x00, 0x00, 0x00, 0x00, 0x00, 0x00,  // Code for char Z
        0x02, 0xFE, 0x07, 0x02, 0x04, 0x00, 0x00, 0x00, 0x00, 0x00, 0x00, 0x00, 0x00, 0x00, 0x00, 0x00, 0x00,  // Code for char [
        0x03, 0x06, 0x00, 0x78, 0x00, 0x80, 0x01, 0x00, 0x00, 0x00, 0x00, 0x00, 0x00, 0x00, 0x00, 0x00, 0x00,  // Code for char BackSlash
        0x02, 0x02, 0x04, 0xFE, 0x07, 0x00, 0x00, 0x00, 0x00, 0x00, 0x00, 0x00, 0x00, 0x00, 0x00, 0x00, 0x00,  // Code for char ]
        0x03, 0x1C, 0x00, 0x02, 0x00, 0x1C, 0x00, 0x00, 0x00, 0x00, 0x00, 0x00, 0x00, 0x00, 0x00, 0x00, 0x00,  // Code for char ^
        0x05, 0x00, 0x02, 0x00, 0x02, 0x00, 0x02, 0x00, 0x02, 0x00, 0x02, 0x00, 0x00, 0x00, 0x00, 0x00, 0x00,  // Code for char _
        0x02, 0x02, 0x00, 0x04, 0x00, 0x00, 0x00, 0x00, 0x00, 0x00, 0x00, 0x00, 0x00, 0x00, 0x00, 0x00, 0x00,  // Code for char `
        0x04, 0xC8, 0x00, 0x28, 0x01, 0x28, 0x01, 0xF0, 0x01, 0x00, 0x00, 0x00, 0x00, 0x00, 0x00, 0x00, 0x00,  // Code for char a
        0x04, 0xFE, 0x01, 0x90, 0x00, 0x08, 0x01, 0xF0, 0x00, 0x00, 0x00, 0x00, 0x00, 0x00, 0x00, 0x00, 0x00,  // Code for char b
        0x04, 0xF0, 0x00, 0x08, 0x01, 0x08, 0x01, 0x90, 0x00, 0x00, 0x00, 0x00, 0x00, 0x00, 0x00, 0x00, 0x00,  // Code for char c
        0x04, 0xF0, 0x00, 0x08, 0x01, 0x90, 0x00, 0xFE, 0x01, 0x00, 0x00, 0x00, 0x00, 0x00, 0x00, 0x00, 0x00,  // Code for char d
        0x04, 0xF0, 0x00, 0x28, 0x01, 0x28, 0x01, 0xB0, 0x00, 0x00, 0x00, 0x00, 0x00, 0x00, 0x00, 0x00, 0x00,  // Code for char e
        0x02, 0xFE, 0x01, 0x0A, 0x00, 0x00, 0x00, 0x00, 0x00, 0x00, 0x00, 0x00, 0x00, 0x00, 0x00, 0x00, 0x00,  // Code for char f
        0x04, 0xF0, 0x04, 0x08, 0x05, 0x90, 0x04, 0xF8, 0x03, 0x00, 0x00, 0x00, 0x00, 0x00, 0x00, 0x00, 0x00,  // Code for char g
        0x04, 0xFE, 0x01, 0x10, 0x00, 0x08, 0x00, 0xF0, 0x01, 0x00, 0x00, 0x00, 0x00, 0x00, 0x00, 0x00, 0x00,  // Code for char h
        0x01, 0xFA, 0x01, 0x00, 0x00, 0x00, 0x00, 0x00, 0x00, 0x00, 0x00, 0x00, 0x00, 0x00, 0x00, 0x00, 0x00,  // Code for char i
        0x01, 0xFA, 0x07, 0x00, 0x00, 0x00, 0x00, 0x00, 0x00, 0x00, 0x00, 0x00, 0x00, 0x00, 0x00, 0x00, 0x00,  // Code for char j
        0x04, 0xFE, 0x01, 0x20, 0x00, 0x50, 0x00, 0x88, 0x01, 0x00, 0x00, 0x00, 0x00, 0x00, 0x00, 0x00, 0x00,  // Code for char k
        0x01, 0xFE, 0x01, 0x00, 0x00, 0x00, 0x00, 0x00, 0x00, 0x00, 0x00, 0x00, 0x00, 0x00, 0x00, 0x00, 0x00,  // Code for char l
        0x07, 0xF8, 0x01, 0x10, 0x00, 0x08, 0x00, 0xF0, 0x01, 0x10, 0x00, 0x08, 0x00, 0xF8, 0x01, 0x00, 0x00,  // Code for char m
        0x04, 0xF8, 0x01, 0x10, 0x00, 0x08, 0x00, 0xF0, 0x01, 0x00, 0x00, 0x00, 0x00, 0x00, 0x00, 0x00, 0x00,  // Code for char n
        0x04, 0xF0, 0x00, 0x08, 0x01, 0x08, 0x01, 0xF0, 0x00, 0x00, 0x00, 0x00, 0x00, 0x00, 0x00, 0x00, 0x00,  // Code for char o
        0x04, 0xF8, 0x07, 0x90, 0x00, 0x08, 0x01, 0xF0, 0x00, 0x00, 0x00, 0x00, 0x00, 0x00, 0x00, 0x00, 0x00,  // Code for char p
        0x04, 0xF0, 0x00, 0x08, 0x01, 0x90, 0x00, 0xF8, 0x07, 0x00, 0x00, 0x00, 0x00, 0x00, 0x00, 0x00, 0x00,  // Code for char q
        0x03, 0xF8, 0x01, 0x10, 0x00, 0x08, 0x00, 0x00, 0x00, 0x00, 0x00, 0x00, 0x00, 0x00, 0x00, 0x00, 0x00,  // Code for char r
        0x04, 0x98, 0x00, 0x28, 0x01, 0x48, 0x01, 0x90, 0x00, 0x00, 0x00, 0x00, 0x00, 0x00, 0x00, 0x00, 0x00,  // Code for char s
        0x02, 0xFE, 0x01, 0x08, 0x01, 0x00, 0x00, 0x00, 0x00, 0x00, 0x00, 0x00, 0x00, 0x00, 0x00, 0x00, 0x00,  // Code for char t
        0x04, 0xF8, 0x00, 0x00, 0x01, 0x80, 0x00, 0xF8, 0x01, 0x00, 0x00, 0x00, 0x00, 0x00, 0x00, 0x00, 0x00,  // Code for char u
        0x05, 0x18, 0x00, 0xE0, 0x00, 0x00, 0x01, 0xE0, 0x00, 0x18, 0x00, 0x00, 0x00, 0x00, 0x00, 0x00, 0x00,  // Code for char v
        0x07, 0xF8, 0x00, 0x00, 0x01, 0xF0, 0x00, 0x08, 0x00, 0xF0, 0x00, 0x00, 0x01, 0xF8, 0x00, 0x00, 0x00,  // Code for char w
        0x05, 0x08, 0x01, 0x90, 0x00, 0x60, 0x00, 0x90, 0x00, 0x08, 0x01, 0x00, 0x00, 0x00, 0x00, 0x00, 0x00,  // Code for char x
        0x05, 0x08, 0x00, 0x70, 0x04, 0x80, 0x03, 0x70, 0x00, 0x08, 0x00, 0x00, 0x00, 0x00, 0x00, 0x00, 0x00,  // Code for char y
        0x04, 0x88, 0x01, 0x48, 0x01, 0x28, 0x01, 0x18, 0x01, 0x00, 0x00, 0x00, 0x00, 0x00, 0x00, 0x00, 0x00,  // Code for char z
        0x02, 0xDE, 0x03, 0x02, 0x04, 0x00, 0x00, 0x00, 0x00, 0x00, 0x00, 0x00, 0x00, 0x00, 0x00, 0x00, 0x00,  // Code for char {
        0x01, 0xFE, 0x07, 0x00, 0x00, 0x00, 0x00, 0x00, 0x00, 0x00, 0x00, 0x00, 0x00, 0x00, 0x00, 0x00, 0x00,  // Code for char |
        0x03, 0x02, 0x04, 0xDE, 0x07, 0x20, 0x00, 0x00, 0x00, 0x00, 0x00, 0x00, 0x00, 0x00, 0x00, 0x00, 0x00,  // Code for char }
        0x05, 0x30, 0x00, 0x10, 0x00, 0x30, 0x00, 0x20, 0x00, 0x10, 0x00, 0x00, 0x00, 0x00, 0x00, 0x00, 0x00,  // Code for char ~
        0x03, 0xFF, 0x00, 0x81, 0x00, 0xFF, 0x00, 0x00, 0x00, 0x00, 0x00, 0x00, 0x00, 0x00, 0x00, 0x00, 0x00   // Code for char 
        };

const uint8_t Arial_Narrow10x13[] = {
		/* Offset, Width, Height, BPL */
		21,10,13,2,

        0x06, 0x00, 0x00, 0x00, 0x00, 0x00, 0x00, 0x00, 0x00, 0x00, 0x00, 0x00, 0x00, 0x00, 0x00, 0x00, 0x00, 0x00, 0x00, 0x00, 0x00,  // Code for char
        0x02, 0x00, 0x00, 0xFE, 0x02, 0x00, 0x00, 0x00, 0x00, 0x00, 0x00, 0x00, 0x00, 0x00, 0x00, 0x00, 0x00, 0x00, 0x00, 0x00, 0x00,  // Code for char !
        0x03, 0x0E, 0x00, 0x00, 0x00, 0x0E, 0x00, 0x00, 0x00, 0x00, 0x00, 0x00, 0x00, 0x00, 0x00, 0x00, 0x00, 0x00, 0x00, 0x00, 0x00,  // Code for char "
        0x07, 0x50, 0x00, 0x50, 0x03, 0xF8, 0x00, 0x56, 0x00, 0x50, 0x03, 0xF8, 0x00, 0x56, 0x00, 0x00, 0x00, 0x00, 0x00, 0x00, 0x00,  // Code for char #
        0x05, 0x9C, 0x01, 0x22, 0x02, 0xFF, 0x07, 0x22, 0x02, 0xC4, 0x01, 0x00, 0x00, 0x00, 0x00, 0x00, 0x00, 0x00, 0x00, 0x00, 0x00,  // Code for char $
        0x0A, 0x1C, 0x00, 0x22, 0x00, 0x22, 0x02, 0x9C, 0x01, 0x40, 0x00, 0x30, 0x00, 0xCC, 0x01, 0x22, 0x02, 0x20, 0x02, 0xC0, 0x01,  // Code for char %
        0x08, 0x00, 0x00, 0xC0, 0x01, 0x3C, 0x02, 0x22, 0x02, 0x52, 0x02, 0x8C, 0x01, 0xC0, 0x03, 0x00, 0x02, 0x00, 0x00, 0x00, 0x00,  // Code for char &
        0x01, 0x0E, 0x00, 0x00, 0x00, 0x00, 0x00, 0x00, 0x00, 0x00, 0x00, 0x00, 0x00, 0x00, 0x00, 0x00, 0x00, 0x00, 0x00, 0x00, 0x00,  // Code for char '
        0x04, 0x00, 0x00, 0xF0, 0x03, 0x0C, 0x0C, 0x02, 0x10, 0x00, 0x00, 0x00, 0x00, 0x00, 0x00, 0x00, 0x00, 0x00, 0x00, 0x00, 0x00,  // Code for char (
        0x03, 0x02, 0x10, 0x0C, 0x0C, 0xF0, 0x03, 0x00, 0x00, 0x00, 0x00, 0x00, 0x00, 0x00, 0x00, 0x00, 0x00, 0x00, 0x00, 0x00, 0x00,  // Code for char )
        0x03, 0x14, 0x00, 0x0E, 0x00, 0x14, 0x00, 0x00, 0x00, 0x00, 0x00, 0x00, 0x00, 0x00, 0x00, 0x00, 0x00, 0x00, 0x00, 0x00, 0x00,  // Code for char *
        0x07, 0x20, 0x00, 0x20, 0x00, 0x20, 0x00, 0xF8, 0x00, 0x20, 0x00, 0x20, 0x00, 0x20, 0x00, 0x00, 0x00, 0x00, 0x00, 0x00, 0x00,  // Code for char +
        0x02, 0x00, 0x08, 0x00, 0x06, 0x00, 0x00, 0x00, 0x00, 0x00, 0x00, 0x00, 0x00, 0x00, 0x00, 0x00, 0x00, 0x00, 0x00, 0x00, 0x00,  // Code for char ,
        0x03, 0x40, 0x00, 0x40, 0x00, 0x40, 0x00, 0x00, 0x00, 0x00, 0x00, 0x00, 0x00, 0x00, 0x00, 0x00, 0x00, 0x00, 0x00, 0x00, 0x00,  // Code for char -
        0x02, 0x00, 0x00, 0x00, 0x02, 0x00, 0x00, 0x00, 0x00, 0x00, 0x00, 0x00, 0x00, 0x00, 0x00, 0x00, 0x00, 0x00, 0x00, 0x00, 0x00,  // Code for char .
        0x03, 0x00, 0x03, 0xF0, 0x00, 0x0E, 0x00, 0x00, 0x00, 0x00, 0x00, 0x00, 0x00, 0x00, 0x00, 0x00, 0x00, 0x00, 0x00, 0x00, 0x00,  // Code for char /
        0x05, 0xF8, 0x00, 0x04, 0x01, 0x02, 0x02, 0x04, 0x01, 0xF8, 0x00, 0x00, 0x00, 0x00, 0x00, 0x00, 0x00, 0x00, 0x00, 0x00, 0x00,  // Code for char 0
        0x03, 0x08, 0x00, 0x04, 0x00, 0xFE, 0x03, 0x00, 0x00, 0x00, 0x00, 0x00, 0x00, 0x00, 0x00, 0x00, 0x00, 0x00, 0x00, 0x00, 0x00,  // Code for char 1
        0x05, 0x0C, 0x03, 0x82, 0x02, 0x42, 0x02, 0x24, 0x02, 0x18, 0x02, 0x00, 0x00, 0x00, 0x00, 0x00, 0x00, 0x00, 0x00, 0x00, 0x00,  // Code for char 2
        0x05, 0x84, 0x01, 0x02, 0x02, 0x22, 0x02, 0x54, 0x01, 0x88, 0x00, 0x00, 0x00, 0x00, 0x00, 0x00, 0x00, 0x00, 0x00, 0x00, 0x00,  // Code for char 3
        0x05, 0xC0, 0x00, 0xB0, 0x00, 0x8C, 0x00, 0xFE, 0x03, 0x80, 0x00, 0x00, 0x00, 0x00, 0x00, 0x00, 0x00, 0x00, 0x00, 0x00, 0x00,  // Code for char 4
        0x05, 0xB8, 0x01, 0x16, 0x02, 0x12, 0x02, 0x22, 0x01, 0xC2, 0x00, 0x00, 0x00, 0x00, 0x00, 0x00, 0x00, 0x00, 0x00, 0x00, 0x00,  // Code for char 5
        0x05, 0xF8, 0x00, 0x24, 0x01, 0x12, 0x02, 0x22, 0x01, 0xC4, 0x00, 0x00, 0x00, 0x00, 0x00, 0x00, 0x00, 0x00, 0x00, 0x00, 0x00,  // Code for char 6
        0x05, 0x02, 0x00, 0x82, 0x03, 0x72, 0x00, 0x0A, 0x00, 0x06, 0x00, 0x00, 0x00, 0x00, 0x00, 0x00, 0x00, 0x00, 0x00, 0x00, 0x00,  // Code for char 7
        0x05, 0x88, 0x00, 0x54, 0x01, 0x22, 0x02, 0x54, 0x01, 0x88, 0x00, 0x00, 0x00, 0x00, 0x00, 0x00, 0x00, 0x00, 0x00, 0x00, 0x00,  // Code for char 8
        0x05, 0x18, 0x01, 0x24, 0x02, 0x42, 0x02, 0x24, 0x01, 0xF8, 0x00, 0x00, 0x00, 0x00, 0x00, 0x00, 0x00, 0x00, 0x00, 0x00, 0x00,  // Code for char 9
        0x02, 0x00, 0x00, 0x08, 0x02, 0x00, 0x00, 0x00, 0x00, 0x00, 0x00, 0x00, 0x00, 0x00, 0x00, 0x00, 0x00, 0x00, 0x00, 0x00, 0x00,  // Code for char :
        0x02, 0x00, 0x08, 0x08, 0x06, 0x00, 0x00, 0x00, 0x00, 0x00, 0x00, 0x00, 0x00, 0x00, 0x00, 0x00, 0x00, 0x00, 0x00, 0x00, 0x00,  // Code for char ;
        0x05, 0x20, 0x00, 0x50, 0x00, 0x50, 0x00, 0x88, 0x00, 0x04, 0x01, 0x00, 0x00, 0x00, 0x00, 0x00, 0x00, 0x00, 0x00, 0x00, 0x00,  // Code for char <
        0x05, 0x48, 0x00, 0x48, 0x00, 0x48, 0x00, 0x48, 0x00, 0x48, 0x00, 0x00, 0x00, 0x00, 0x00, 0x00, 0x00, 0x00, 0x00, 0x00, 0x00,  // Code for char =
        0x05, 0x04, 0x01, 0x88, 0x00, 0x50, 0x00, 0x50, 0x00, 0x20, 0x00, 0x00, 0x00, 0x00, 0x00, 0x00, 0x00, 0x00, 0x00, 0x00, 0x00,  // Code for char >
        0x05, 0x0C, 0x00, 0x06, 0x00, 0xC2, 0x02, 0x22, 0x00, 0x1C, 0x00, 0x00, 0x00, 0x00, 0x00, 0x00, 0x00, 0x00, 0x00, 0x00, 0x00,  // Code for char ?
        0x0A, 0xF0, 0x03, 0x08, 0x04, 0xF4, 0x09, 0x0A, 0x12, 0x0A, 0x12, 0x0A, 0x11, 0xF2, 0x13, 0x1A, 0x12, 0x04, 0x0A, 0xF8, 0x05,  // Code for char @
        0x07, 0x00, 0x03, 0xE0, 0x00, 0x5C, 0x00, 0x42, 0x00, 0x5C, 0x00, 0xE0, 0x00, 0x00, 0x03, 0x00, 0x00, 0x00, 0x00, 0x00, 0x00,  // Code for char A
        0x06, 0x00, 0x00, 0xFE, 0x03, 0x22, 0x02, 0x22, 0x02, 0x22, 0x02, 0xDC, 0x01, 0x00, 0x00, 0x00, 0x00, 0x00, 0x00, 0x00, 0x00,  // Code for char B
        0x07, 0x00, 0x00, 0xF8, 0x00, 0x04, 0x01, 0x02, 0x02, 0x02, 0x02, 0x02, 0x02, 0x8C, 0x01, 0x00, 0x00, 0x00, 0x00, 0x00, 0x00,  // Code for char C
        0x07, 0x00, 0x00, 0xFE, 0x03, 0x02, 0x02, 0x02, 0x02, 0x02, 0x02, 0x04, 0x01, 0xF8, 0x00, 0x00, 0x00, 0x00, 0x00, 0x00, 0x00,  // Code for char D
        0x06, 0x00, 0x00, 0xFE, 0x03, 0x22, 0x02, 0x22, 0x02, 0x22, 0x02, 0x22, 0x02, 0x00, 0x00, 0x00, 0x00, 0x00, 0x00, 0x00, 0x00,  // Code for char E
        0x06, 0x00, 0x00, 0xFE, 0x03, 0x22, 0x00, 0x22, 0x00, 0x22, 0x00, 0x02, 0x00, 0x00, 0x00, 0x00, 0x00, 0x00, 0x00, 0x00, 0x00,  // Code for char F
        0x07, 0x00, 0x00, 0xF8, 0x00, 0x04, 0x01, 0x02, 0x02, 0x22, 0x02, 0x22, 0x02, 0xEC, 0x01, 0x00, 0x00, 0x00, 0x00, 0x00, 0x00,  // Code for char G
        0x07, 0x00, 0x00, 0xFE, 0x03, 0x20, 0x00, 0x20, 0x00, 0x20, 0x00, 0x20, 0x00, 0xFE, 0x03, 0x00, 0x00, 0x00, 0x00, 0x00, 0x00,  // Code for char H
        0x02, 0x00, 0x00, 0xFE, 0x03, 0x00, 0x00, 0x00, 0x00, 0x00, 0x00, 0x00, 0x00, 0x00, 0x00, 0x00, 0x00, 0x00, 0x00, 0x00, 0x00,  // Code for char I
        0x04, 0x80, 0x01, 0x00, 0x02, 0x00, 0x02, 0xFE, 0x01, 0x00, 0x00, 0x00, 0x00, 0x00, 0x00, 0x00, 0x00, 0x00, 0x00, 0x00, 0x00,  // Code for char J
        0x06, 0x00, 0x00, 0xFE, 0x03, 0x20, 0x00, 0x78, 0x00, 0x84, 0x01, 0x02, 0x02, 0x00, 0x00, 0x00, 0x00, 0x00, 0x00, 0x00, 0x00,  // Code for char K
        0x06, 0x00, 0x00, 0xFE, 0x03, 0x00, 0x02, 0x00, 0x02, 0x00, 0x02, 0x00, 0x02, 0x00, 0x00, 0x00, 0x00, 0x00, 0x00, 0x00, 0x00,  // Code for char L
        0x08, 0x00, 0x00, 0xFE, 0x03, 0x1C, 0x00, 0xE0, 0x01, 0x00, 0x02, 0xE0, 0x01, 0x1C, 0x00, 0xFE, 0x03, 0x00, 0x00, 0x00, 0x00,  // Code for char M
        0x07, 0x00, 0x00, 0xFE, 0x03, 0x0C, 0x00, 0x30, 0x00, 0x40, 0x00, 0x80, 0x01, 0xFE, 0x03, 0x00, 0x00, 0x00, 0x00, 0x00, 0x00,  // Code for char N
        0x07, 0x00, 0x00, 0xF8, 0x00, 0x04, 0x01, 0x02, 0x02, 0x02, 0x02, 0x04, 0x01, 0xF8, 0x00, 0x00, 0x00, 0x00, 0x00, 0x00, 0x00,  // Code for char O
        0x06, 0x00, 0x00, 0xFE, 0x03, 0x22, 0x00, 0x22, 0x00, 0x22, 0x00, 0x1C, 0x00, 0x00, 0x00, 0x00, 0x00, 0x00, 0x00, 0x00, 0x00,  // Code for char P
        0x07, 0x00, 0x00, 0xF8, 0x00, 0x04, 0x01, 0x02, 0x02, 0x02, 0x03, 0x04, 0x01, 0xF8, 0x06, 0x00, 0x00, 0x00, 0x00, 0x00, 0x00,  // Code for char Q
        0x08, 0x00, 0x00, 0xFE, 0x03, 0x22, 0x00, 0x22, 0x00, 0x62, 0x00, 0xA2, 0x00, 0x1C, 0x01, 0x00, 0x02, 0x00, 0x00, 0x00, 0x00,  // Code for char R
        0x06, 0x00, 0x00, 0x9C, 0x01, 0x22, 0x02, 0x22, 0x02, 0x22, 0x02, 0xCC, 0x01, 0x00, 0x00, 0x00, 0x00, 0x00, 0x00, 0x00, 0x00,  // Code for char S
        0x06, 0x00, 0x00, 0x02, 0x00, 0x02, 0x00, 0xFE, 0x03, 0x02, 0x00, 0x02, 0x00, 0x00, 0x00, 0x00, 0x00, 0x00, 0x00, 0x00, 0x00,  // Code for char T
        0x07, 0x00, 0x00, 0xFE, 0x00, 0x00, 0x01, 0x00, 0x02, 0x00, 0x02, 0x00, 0x01, 0xFE, 0x00, 0x00, 0x00, 0x00, 0x00, 0x00, 0x00,  // Code for char U
        0x07, 0x06, 0x00, 0x38, 0x00, 0xC0, 0x01, 0x00, 0x02, 0xC0, 0x01, 0x38, 0x00, 0x06, 0x00, 0x00, 0x00, 0x00, 0x00, 0x00, 0x00,  // Code for char V
        0x09, 0x06, 0x00, 0xF8, 0x01, 0x00, 0x02, 0xFC, 0x01, 0x02, 0x00, 0xFC, 0x01, 0x00, 0x02, 0xF0, 0x01, 0x0E, 0x00, 0x00, 0x00,  // Code for char W
        0x07, 0x02, 0x02, 0x04, 0x01, 0xD8, 0x00, 0x20, 0x00, 0xD8, 0x00, 0x04, 0x01, 0x02, 0x02, 0x00, 0x00, 0x00, 0x00, 0x00, 0x00,  // Code for char X
        0x07, 0x02, 0x00, 0x0C, 0x00, 0x10, 0x00, 0xE0, 0x03, 0x10, 0x00, 0x0C, 0x00, 0x02, 0x00, 0x00, 0x00, 0x00, 0x00, 0x00, 0x00,  // Code for char Y
        0x06, 0x02, 0x03, 0x82, 0x02, 0x62, 0x02, 0x12, 0x02, 0x0A, 0x02, 0x06, 0x02, 0x00, 0x00, 0x00, 0x00, 0x00, 0x00, 0x00, 0x00,  // Code for char Z
        0x03, 0x00, 0x00, 0xFE, 0x1F, 0x02, 0x10, 0x00, 0x00, 0x00, 0x00, 0x00, 0x00, 0x00, 0x00, 0x00, 0x00, 0x00, 0x00, 0x00, 0x00,  // Code for char [
        0x03, 0x06, 0x00, 0xF8, 0x00, 0x00, 0x03, 0x00, 0x00, 0x00, 0x00, 0x00, 0x00, 0x00, 0x00, 0x00, 0x00, 0x00, 0x00, 0x00, 0x00,  // Code for char BackSlash
        0x02, 0x02, 0x10, 0xFE, 0x1F, 0x00, 0x00, 0x00, 0x00, 0x00, 0x00, 0x00, 0x00, 0x00, 0x00, 0x00, 0x00, 0x00, 0x00, 0x00, 0x00,  // Code for char ]
        0x05, 0x20, 0x00, 0x1C, 0x00, 0x02, 0x00, 0x1C, 0x00, 0x20, 0x00, 0x00, 0x00, 0x00, 0x00, 0x00, 0x00, 0x00, 0x00, 0x00, 0x00,  // Code for char ^
        0x06, 0x00, 0x08, 0x00, 0x08, 0x00, 0x08, 0x00, 0x08, 0x00, 0x08, 0x00, 0x08, 0x00, 0x00, 0x00, 0x00, 0x00, 0x00, 0x00, 0x00,  // Code for char _
        0x02, 0x01, 0x00, 0x02, 0x00, 0x00, 0x00, 0x00, 0x00, 0x00, 0x00, 0x00, 0x00, 0x00, 0x00, 0x00, 0x00, 0x00, 0x00, 0x00, 0x00,  // Code for char `
        0x05, 0x90, 0x01, 0x48, 0x02, 0x48, 0x02, 0x48, 0x02, 0xF0, 0x03, 0x00, 0x00, 0x00, 0x00, 0x00, 0x00, 0x00, 0x00, 0x00, 0x00,  // Code for char a
        0x05, 0xFE, 0x03, 0x10, 0x01, 0x08, 0x02, 0x08, 0x02, 0xF0, 0x01, 0x00, 0x00, 0x00, 0x00, 0x00, 0x00, 0x00, 0x00, 0x00, 0x00,  // Code for char b
        0x04, 0xF0, 0x01, 0x08, 0x02, 0x08, 0x02, 0x10, 0x01, 0x00, 0x00, 0x00, 0x00, 0x00, 0x00, 0x00, 0x00, 0x00, 0x00, 0x00, 0x00,  // Code for char c
        0x05, 0xF0, 0x01, 0x08, 0x02, 0x08, 0x02, 0x10, 0x01, 0xFE, 0x03, 0x00, 0x00, 0x00, 0x00, 0x00, 0x00, 0x00, 0x00, 0x00, 0x00,  // Code for char d
        0x05, 0xF0, 0x01, 0x48, 0x02, 0x48, 0x02, 0x48, 0x02, 0x70, 0x01, 0x00, 0x00, 0x00, 0x00, 0x00, 0x00, 0x00, 0x00, 0x00, 0x00,  // Code for char e
        0x02, 0xFE, 0x03, 0x0A, 0x00, 0x00, 0x00, 0x00, 0x00, 0x00, 0x00, 0x00, 0x00, 0x00, 0x00, 0x00, 0x00, 0x00, 0x00, 0x00, 0x00,  // Code for char f
        0x05, 0xF0, 0x09, 0x08, 0x12, 0x08, 0x12, 0x10, 0x11, 0xF8, 0x0F, 0x00, 0x00, 0x00, 0x00, 0x00, 0x00, 0x00, 0x00, 0x00, 0x00,  // Code for char g
        0x05, 0xFE, 0x03, 0x10, 0x00, 0x08, 0x00, 0x08, 0x00, 0xF0, 0x03, 0x00, 0x00, 0x00, 0x00, 0x00, 0x00, 0x00, 0x00, 0x00, 0x00,  // Code for char h
        0x01, 0xFA, 0x03, 0x00, 0x00, 0x00, 0x00, 0x00, 0x00, 0x00, 0x00, 0x00, 0x00, 0x00, 0x00, 0x00, 0x00, 0x00, 0x00, 0x00, 0x00,  // Code for char i
        0x01, 0xFA, 0x1F, 0x00, 0x00, 0x00, 0x00, 0x00, 0x00, 0x00, 0x00, 0x00, 0x00, 0x00, 0x00, 0x00, 0x00, 0x00, 0x00, 0x00, 0x00,  // Code for char j
        0x04, 0xFE, 0x03, 0x20, 0x00, 0xD0, 0x00, 0x08, 0x03, 0x00, 0x00, 0x00, 0x00, 0x00, 0x00, 0x00, 0x00, 0x00, 0x00, 0x00, 0x00,  // Code for char k
        0x01, 0xFE, 0x03, 0x00, 0x00, 0x00, 0x00, 0x00, 0x00, 0x00, 0x00, 0x00, 0x00, 0x00, 0x00, 0x00, 0x00, 0x00, 0x00, 0x00, 0x00,  // Code for char l
        0x07, 0xF8, 0x03, 0x10, 0x00, 0x08, 0x00, 0xF0, 0x03, 0x10, 0x00, 0x08, 0x00, 0xF0, 0x03, 0x00, 0x00, 0x00, 0x00, 0x00, 0x00,  // Code for char m
        0x05, 0xF8, 0x03, 0x10, 0x00, 0x08, 0x00, 0x08, 0x00, 0xF0, 0x03, 0x00, 0x00, 0x00, 0x00, 0x00, 0x00, 0x00, 0x00, 0x00, 0x00,  // Code for char n
        0x05, 0xF0, 0x01, 0x08, 0x02, 0x08, 0x02, 0x08, 0x02, 0xF0, 0x01, 0x00, 0x00, 0x00, 0x00, 0x00, 0x00, 0x00, 0x00, 0x00, 0x00,  // Code for char o
        0x05, 0xF8, 0x1F, 0x10, 0x01, 0x08, 0x02, 0x08, 0x02, 0xF0, 0x01, 0x00, 0x00, 0x00, 0x00, 0x00, 0x00, 0x00, 0x00, 0x00, 0x00,  // Code for char p
        0x05, 0xF0, 0x01, 0x08, 0x02, 0x08, 0x02, 0x10, 0x01, 0xF8, 0x1F, 0x00, 0x00, 0x00, 0x00, 0x00, 0x00, 0x00, 0x00, 0x00, 0x00,  // Code for char q
        0x03, 0xF8, 0x03, 0x10, 0x00, 0x08, 0x00, 0x00, 0x00, 0x00, 0x00, 0x00, 0x00, 0x00, 0x00, 0x00, 0x00, 0x00, 0x00, 0x00, 0x00,  // Code for char r
        0x04, 0x30, 0x01, 0x48, 0x02, 0x48, 0x02, 0x90, 0x01, 0x00, 0x00, 0x00, 0x00, 0x00, 0x00, 0x00, 0x00, 0x00, 0x00, 0x00, 0x00,  // Code for char s
        0x02, 0xFE, 0x03, 0x08, 0x02, 0x00, 0x00, 0x00, 0x00, 0x00, 0x00, 0x00, 0x00, 0x00, 0x00, 0x00, 0x00, 0x00, 0x00, 0x00, 0x00,  // Code for char t
        0x05, 0xF8, 0x01, 0x00, 0x02, 0x00, 0x02, 0x00, 0x01, 0xF8, 0x03, 0x00, 0x00, 0x00, 0x00, 0x00, 0x00, 0x00, 0x00, 0x00, 0x00,  // Code for char u
        0x05, 0x18, 0x00, 0xE0, 0x01, 0x00, 0x02, 0xE0, 0x01, 0x18, 0x00, 0x00, 0x00, 0x00, 0x00, 0x00, 0x00, 0x00, 0x00, 0x00, 0x00,  // Code for char v
        0x07, 0xF8, 0x01, 0x00, 0x02, 0xE0, 0x01, 0x18, 0x00, 0xE0, 0x01, 0x00, 0x02, 0xF8, 0x01, 0x00, 0x00, 0x00, 0x00, 0x00, 0x00,  // Code for char w
        0x05, 0x08, 0x02, 0xB0, 0x01, 0x40, 0x00, 0xB0, 0x01, 0x08, 0x02, 0x00, 0x00, 0x00, 0x00, 0x00, 0x00, 0x00, 0x00, 0x00, 0x00,  // Code for char x
        0x05, 0x18, 0x10, 0xE0, 0x10, 0x00, 0x0F, 0xE0, 0x00, 0x18, 0x00, 0x00, 0x00, 0x00, 0x00, 0x00, 0x00, 0x00, 0x00, 0x00, 0x00,  // Code for char y
        0x04, 0x08, 0x03, 0xC8, 0x02, 0x28, 0x02, 0x18, 0x02, 0x00, 0x00, 0x00, 0x00, 0x00, 0x00, 0x00, 0x00, 0x00, 0x00, 0x00, 0x00,  // Code for char z
        0x03, 0x40, 0x00, 0xBC, 0x0F, 0x02, 0x10, 0x00, 0x00, 0x00, 0x00, 0x00, 0x00, 0x00, 0x00, 0x00, 0x00, 0x00, 0x00, 0x00, 0x00,  // Code for char {
        0x02, 0x00, 0x00, 0xFE, 0x1F, 0x00, 0x00, 0x00, 0x00, 0x00, 0x00, 0x00, 0x00, 0x00, 0x00, 0x00, 0x00, 0x00, 0x00, 0x00, 0x00,  // Code for char |
        0x03, 0x02, 0x10, 0xBC, 0x0F, 0x40, 0x00, 0x00, 0x00, 0x00, 0x00, 0x00, 0x00, 0x00, 0x00, 0x00, 0x00, 0x00, 0x00, 0x00, 0x00,  // Code for char }
        0x05, 0x30, 0x00, 0x10, 0x00, 0x30, 0x00, 0x20, 0x00, 0x10, 0x00, 0x00, 0x00, 0x00, 0x00, 0x00, 0x00, 0x00, 0x00, 0x00, 0x00,  // Code for char ~
        0x03, 0xFF, 0x03, 0x01, 0x02, 0xFF, 0x03, 0x00, 0x00, 0x00, 0x00, 0x00, 0x00, 0x00, 0x00, 0x00, 0x00, 0x00, 0x00, 0x00, 0x00   // Code for char 
        };

const uint8_t Arial_Narrow12x16[] = {
		/* Offset, Width, Height, BPL */
		25,12,16,2,

        0x07, 0x00, 0x00, 0x00, 0x00, 0x00, 0x00, 0x00, 0x00, 0x00, 0x00, 0x00, 0x00, 0x00, 0x00, 0x00, 0x00, 0x00, 0x00, 0x00, 0x00, 0x00, 0x00, 0x00, 0x00,  // Code for char
        0x02, 0x00, 0x00, 0xFE, 0x0B, 0x00, 0x00, 0x00, 0x00, 0x00, 0x00, 0x00, 0x00, 0x00, 0x00, 0x00, 0x00, 0x00, 0x00, 0x00, 0x00, 0x00, 0x00, 0x00, 0x00,  // Code for char !
        0x04, 0x00, 0x00, 0x1E, 0x00, 0x00, 0x00, 0x1E, 0x00, 0x00, 0x00, 0x00, 0x00, 0x00, 0x00, 0x00, 0x00, 0x00, 0x00, 0x00, 0x00, 0x00, 0x00, 0x00, 0x00,  // Code for char "
        0x08, 0x10, 0x01, 0x10, 0x0F, 0xF0, 0x01, 0x1E, 0x01, 0x10, 0x0F, 0xF0, 0x01, 0x1E, 0x01, 0x10, 0x01, 0x00, 0x00, 0x00, 0x00, 0x00, 0x00, 0x00, 0x00,  // Code for char #
        0x06, 0x1C, 0x06, 0x22, 0x08, 0x42, 0x08, 0xFF, 0x1F, 0x42, 0x08, 0x8C, 0x07, 0x00, 0x00, 0x00, 0x00, 0x00, 0x00, 0x00, 0x00, 0x00, 0x00, 0x00, 0x00,  // Code for char $
        0x0B, 0x00, 0x00, 0x3C, 0x00, 0x42, 0x00, 0x42, 0x08, 0x3C, 0x06, 0x80, 0x01, 0x70, 0x00, 0x8C, 0x07, 0x42, 0x08, 0x40, 0x08, 0x80, 0x07, 0x00, 0x00,  // Code for char %
        0x09, 0x00, 0x00, 0x80, 0x07, 0xDC, 0x08, 0x62, 0x08, 0xA2, 0x08, 0x1C, 0x07, 0x00, 0x07, 0x80, 0x09, 0x00, 0x08, 0x00, 0x00, 0x00, 0x00, 0x00, 0x00,  // Code for char &
        0x02, 0x00, 0x00, 0x1E, 0x00, 0x00, 0x00, 0x00, 0x00, 0x00, 0x00, 0x00, 0x00, 0x00, 0x00, 0x00, 0x00, 0x00, 0x00, 0x00, 0x00, 0x00, 0x00, 0x00, 0x00,  // Code for char '
        0x04, 0x00, 0x00, 0xF0, 0x0F, 0x0C, 0x38, 0x02, 0x40, 0x00, 0x00, 0x00, 0x00, 0x00, 0x00, 0x00, 0x00, 0x00, 0x00, 0x00, 0x00, 0x00, 0x00, 0x00, 0x00,  // Code for char (
        0x03, 0x02, 0x40, 0x0C, 0x38, 0xF0, 0x0F, 0x00, 0x00, 0x00, 0x00, 0x00, 0x00, 0x00, 0x00, 0x00, 0x00, 0x00, 0x00, 0x00, 0x00, 0x00, 0x00, 0x00, 0x00,  // Code for char )
        0x05, 0x04, 0x00, 0x34, 0x00, 0x0E, 0x00, 0x34, 0x00, 0x04, 0x00, 0x00, 0x00, 0x00, 0x00, 0x00, 0x00, 0x00, 0x00, 0x00, 0x00, 0x00, 0x00, 0x00, 0x00,  // Code for char *
        0x07, 0x40, 0x00, 0x40, 0x00, 0x40, 0x00, 0xF8, 0x03, 0x40, 0x00, 0x40, 0x00, 0x40, 0x00, 0x00, 0x00, 0x00, 0x00, 0x00, 0x00, 0x00, 0x00, 0x00, 0x00,  // Code for char +
        0x02, 0x00, 0x20, 0x00, 0x18, 0x00, 0x00, 0x00, 0x00, 0x00, 0x00, 0x00, 0x00, 0x00, 0x00, 0x00, 0x00, 0x00, 0x00, 0x00, 0x00, 0x00, 0x00, 0x00, 0x00,  // Code for char ,
        0x04, 0x00, 0x01, 0x00, 0x01, 0x00, 0x01, 0x00, 0x01, 0x00, 0x00, 0x00, 0x00, 0x00, 0x00, 0x00, 0x00, 0x00, 0x00, 0x00, 0x00, 0x00, 0x00, 0x00, 0x00,  // Code for char -
        0x02, 0x00, 0x00, 0x00, 0x08, 0x00, 0x00, 0x00, 0x00, 0x00, 0x00, 0x00, 0x00, 0x00, 0x00, 0x00, 0x00, 0x00, 0x00, 0x00, 0x00, 0x00, 0x00, 0x00, 0x00,  // Code for char .
        0x04, 0x00, 0x0C, 0x80, 0x03, 0x70, 0x00, 0x0E, 0x00, 0x00, 0x00, 0x00, 0x00, 0x00, 0x00, 0x00, 0x00, 0x00, 0x00, 0x00, 0x00, 0x00, 0x00, 0x00, 0x00,  // Code for char /
        0x06, 0xF8, 0x03, 0x04, 0x04, 0x02, 0x08, 0x02, 0x08, 0x04, 0x04, 0xF8, 0x03, 0x00, 0x00, 0x00, 0x00, 0x00, 0x00, 0x00, 0x00, 0x00, 0x00, 0x00, 0x00,  // Code for char 0
        0x04, 0x00, 0x00, 0x10, 0x00, 0x08, 0x00, 0xFE, 0x0F, 0x00, 0x00, 0x00, 0x00, 0x00, 0x00, 0x00, 0x00, 0x00, 0x00, 0x00, 0x00, 0x00, 0x00, 0x00, 0x00,  // Code for char 1
        0x06, 0x0C, 0x0C, 0x02, 0x0A, 0x02, 0x09, 0x82, 0x08, 0x44, 0x08, 0x38, 0x08, 0x00, 0x00, 0x00, 0x00, 0x00, 0x00, 0x00, 0x00, 0x00, 0x00, 0x00, 0x00,  // Code for char 2
        0x06, 0x0C, 0x06, 0x02, 0x08, 0x42, 0x08, 0x42, 0x08, 0xA4, 0x04, 0x18, 0x03, 0x00, 0x00, 0x00, 0x00, 0x00, 0x00, 0x00, 0x00, 0x00, 0x00, 0x00, 0x00,  // Code for char 3
        0x06, 0x80, 0x01, 0x40, 0x01, 0x30, 0x01, 0x0C, 0x01, 0xFE, 0x0F, 0x00, 0x01, 0x00, 0x00, 0x00, 0x00, 0x00, 0x00, 0x00, 0x00, 0x00, 0x00, 0x00, 0x00,  // Code for char 4
        0x06, 0x70, 0x06, 0x4E, 0x08, 0x22, 0x08, 0x22, 0x08, 0x42, 0x04, 0x82, 0x03, 0x00, 0x00, 0x00, 0x00, 0x00, 0x00, 0x00, 0x00, 0x00, 0x00, 0x00, 0x00,  // Code for char 5
        0x06, 0xF8, 0x03, 0x44, 0x04, 0x22, 0x08, 0x22, 0x08, 0x42, 0x04, 0x8C, 0x03, 0x00, 0x00, 0x00, 0x00, 0x00, 0x00, 0x00, 0x00, 0x00, 0x00, 0x00, 0x00,  // Code for char 6
        0x06, 0x02, 0x00, 0x02, 0x0E, 0xC2, 0x01, 0x32, 0x00, 0x0A, 0x00, 0x06, 0x00, 0x00, 0x00, 0x00, 0x00, 0x00, 0x00, 0x00, 0x00, 0x00, 0x00, 0x00, 0x00,  // Code for char 7
        0x06, 0x18, 0x03, 0xA4, 0x04, 0x42, 0x08, 0x42, 0x08, 0xA4, 0x04, 0x18, 0x03, 0x00, 0x00, 0x00, 0x00, 0x00, 0x00, 0x00, 0x00, 0x00, 0x00, 0x00, 0x00,  // Code for char 8
        0x06, 0x38, 0x06, 0x44, 0x08, 0x82, 0x08, 0x82, 0x08, 0x44, 0x04, 0xF8, 0x03, 0x00, 0x00, 0x00, 0x00, 0x00, 0x00, 0x00, 0x00, 0x00, 0x00, 0x00, 0x00,  // Code for char 9
        0x02, 0x00, 0x00, 0x10, 0x08, 0x00, 0x00, 0x00, 0x00, 0x00, 0x00, 0x00, 0x00, 0x00, 0x00, 0x00, 0x00, 0x00, 0x00, 0x00, 0x00, 0x00, 0x00, 0x00, 0x00,  // Code for char :
        0x02, 0x00, 0x20, 0x10, 0x18, 0x00, 0x00, 0x00, 0x00, 0x00, 0x00, 0x00, 0x00, 0x00, 0x00, 0x00, 0x00, 0x00, 0x00, 0x00, 0x00, 0x00, 0x00, 0x00, 0x00,  // Code for char ;
        0x07, 0x00, 0x00, 0x40, 0x00, 0xA0, 0x00, 0xA0, 0x00, 0x10, 0x01, 0x10, 0x01, 0x08, 0x02, 0x00, 0x00, 0x00, 0x00, 0x00, 0x00, 0x00, 0x00, 0x00, 0x00,  // Code for char <
        0x07, 0x00, 0x00, 0x20, 0x01, 0x20, 0x01, 0x20, 0x01, 0x20, 0x01, 0x20, 0x01, 0x20, 0x01, 0x00, 0x00, 0x00, 0x00, 0x00, 0x00, 0x00, 0x00, 0x00, 0x00,  // Code for char =
        0x07, 0x00, 0x00, 0x08, 0x02, 0x10, 0x01, 0x10, 0x01, 0xA0, 0x00, 0xA0, 0x00, 0x40, 0x00, 0x00, 0x00, 0x00, 0x00, 0x00, 0x00, 0x00, 0x00, 0x00, 0x00,  // Code for char >
        0x06, 0x0C, 0x00, 0x02, 0x00, 0x02, 0x0B, 0x82, 0x00, 0x42, 0x00, 0x3C, 0x00, 0x00, 0x00, 0x00, 0x00, 0x00, 0x00, 0x00, 0x00, 0x00, 0x00, 0x00, 0x00,  // Code for char ?
        0x0C, 0x00, 0x00, 0xE0, 0x07, 0x10, 0x08, 0xE8, 0x17, 0x14, 0x28, 0x12, 0x48, 0x12, 0x44, 0x22, 0x47, 0xF2, 0x48, 0x04, 0x28, 0x08, 0x28, 0xF0, 0x17,  // Code for char @
        0x09, 0x00, 0x08, 0x00, 0x07, 0xE0, 0x00, 0x9C, 0x00, 0x82, 0x00, 0x9C, 0x00, 0xE0, 0x00, 0x00, 0x07, 0x00, 0x08, 0x00, 0x00, 0x00, 0x00, 0x00, 0x00,  // Code for char A
        0x08, 0x00, 0x00, 0xFE, 0x0F, 0x42, 0x08, 0x42, 0x08, 0x42, 0x08, 0x42, 0x08, 0x42, 0x08, 0xBC, 0x07, 0x00, 0x00, 0x00, 0x00, 0x00, 0x00, 0x00, 0x00,  // Code for char B
        0x08, 0x00, 0x00, 0xF8, 0x03, 0x04, 0x04, 0x02, 0x08, 0x02, 0x08, 0x02, 0x08, 0x04, 0x04, 0x18, 0x03, 0x00, 0x00, 0x00, 0x00, 0x00, 0x00, 0x00, 0x00,  // Code for char C
        0x08, 0x00, 0x00, 0xFE, 0x0F, 0x02, 0x08, 0x02, 0x08, 0x02, 0x08, 0x02, 0x08, 0x04, 0x04, 0xF8, 0x03, 0x00, 0x00, 0x00, 0x00, 0x00, 0x00, 0x00, 0x00,  // Code for char D
        0x08, 0x00, 0x00, 0xFE, 0x0F, 0x42, 0x08, 0x42, 0x08, 0x42, 0x08, 0x42, 0x08, 0x42, 0x08, 0x42, 0x08, 0x00, 0x00, 0x00, 0x00, 0x00, 0x00, 0x00, 0x00,  // Code for char E
        0x07, 0x00, 0x00, 0xFE, 0x0F, 0x42, 0x00, 0x42, 0x00, 0x42, 0x00, 0x42, 0x00, 0x02, 0x00, 0x00, 0x00, 0x00, 0x00, 0x00, 0x00, 0x00, 0x00, 0x00, 0x00,  // Code for char F
        0x09, 0x00, 0x00, 0xF8, 0x03, 0x04, 0x04, 0x02, 0x08, 0x02, 0x08, 0x82, 0x08, 0x82, 0x08, 0x84, 0x08, 0x98, 0x07, 0x00, 0x00, 0x00, 0x00, 0x00, 0x00,  // Code for char G
        0x08, 0x00, 0x00, 0xFE, 0x0F, 0x40, 0x00, 0x40, 0x00, 0x40, 0x00, 0x40, 0x00, 0x40, 0x00, 0xFE, 0x0F, 0x00, 0x00, 0x00, 0x00, 0x00, 0x00, 0x00, 0x00,  // Code for char H
        0x02, 0x00, 0x00, 0xFE, 0x0F, 0x00, 0x00, 0x00, 0x00, 0x00, 0x00, 0x00, 0x00, 0x00, 0x00, 0x00, 0x00, 0x00, 0x00, 0x00, 0x00, 0x00, 0x00, 0x00, 0x00,  // Code for char I
        0x06, 0x00, 0x00, 0x00, 0x07, 0x00, 0x08, 0x00, 0x08, 0x00, 0x08, 0xFE, 0x07, 0x00, 0x00, 0x00, 0x00, 0x00, 0x00, 0x00, 0x00, 0x00, 0x00, 0x00, 0x00,  // Code for char J
        0x08, 0x00, 0x00, 0xFE, 0x0F, 0x40, 0x00, 0x20, 0x00, 0xD0, 0x00, 0x08, 0x01, 0x04, 0x06, 0x02, 0x08, 0x00, 0x00, 0x00, 0x00, 0x00, 0x00, 0x00, 0x00,  // Code for char K
        0x07, 0x00, 0x00, 0xFE, 0x0F, 0x00, 0x08, 0x00, 0x08, 0x00, 0x08, 0x00, 0x08, 0x00, 0x08, 0x00, 0x00, 0x00, 0x00, 0x00, 0x00, 0x00, 0x00, 0x00, 0x00,  // Code for char L
        0x0A, 0x00, 0x00, 0xFE, 0x0F, 0x06, 0x00, 0x78, 0x00, 0x80, 0x03, 0x00, 0x0C, 0x80, 0x03, 0x78, 0x00, 0x06, 0x00, 0xFE, 0x0F, 0x00, 0x00, 0x00, 0x00,  // Code for char M
        0x08, 0x00, 0x00, 0xFE, 0x0F, 0x0C, 0x00, 0x30, 0x00, 0xC0, 0x00, 0x00, 0x01, 0x00, 0x06, 0xFE, 0x0F, 0x00, 0x00, 0x00, 0x00, 0x00, 0x00, 0x00, 0x00,  // Code for char N
        0x09, 0x00, 0x00, 0xF8, 0x03, 0x04, 0x04, 0x02, 0x08, 0x02, 0x08, 0x02, 0x08, 0x02, 0x08, 0x04, 0x04, 0xF8, 0x03, 0x00, 0x00, 0x00, 0x00, 0x00, 0x00,  // Code for char O
        0x08, 0x00, 0x00, 0xFE, 0x0F, 0x42, 0x00, 0x42, 0x00, 0x42, 0x00, 0x42, 0x00, 0x42, 0x00, 0x3C, 0x00, 0x00, 0x00, 0x00, 0x00, 0x00, 0x00, 0x00, 0x00,  // Code for char P
        0x09, 0x00, 0x00, 0xF8, 0x03, 0x04, 0x04, 0x02, 0x08, 0x02, 0x08, 0x02, 0x0A, 0x02, 0x04, 0x04, 0x06, 0xF8, 0x1B, 0x00, 0x00, 0x00, 0x00, 0x00, 0x00,  // Code for char Q
        0x09, 0x00, 0x00, 0xFE, 0x0F, 0x42, 0x00, 0x42, 0x00, 0x42, 0x00, 0xC2, 0x00, 0xC2, 0x01, 0x3C, 0x06, 0x00, 0x08, 0x00, 0x00, 0x00, 0x00, 0x00, 0x00,  // Code for char R
        0x08, 0x00, 0x00, 0x18, 0x03, 0x24, 0x04, 0x42, 0x08, 0x42, 0x08, 0x42, 0x08, 0x84, 0x04, 0x18, 0x03, 0x00, 0x00, 0x00, 0x00, 0x00, 0x00, 0x00, 0x00,  // Code for char S
        0x07, 0x02, 0x00, 0x02, 0x00, 0x02, 0x00, 0xFE, 0x0F, 0x02, 0x00, 0x02, 0x00, 0x02, 0x00, 0x00, 0x00, 0x00, 0x00, 0x00, 0x00, 0x00, 0x00, 0x00, 0x00,  // Code for char T
        0x08, 0x00, 0x00, 0xFE, 0x03, 0x00, 0x04, 0x00, 0x08, 0x00, 0x08, 0x00, 0x08, 0x00, 0x04, 0xFE, 0x03, 0x00, 0x00, 0x00, 0x00, 0x00, 0x00, 0x00, 0x00,  // Code for char U
        0x09, 0x02, 0x00, 0x1C, 0x00, 0xE0, 0x00, 0x00, 0x07, 0x00, 0x08, 0x00, 0x07, 0xE0, 0x00, 0x1C, 0x00, 0x02, 0x00, 0x00, 0x00, 0x00, 0x00, 0x00, 0x00,  // Code for char V
        0x0B, 0x1E, 0x00, 0xE0, 0x03, 0x00, 0x0C, 0xC0, 0x03, 0x3C, 0x00, 0x02, 0x00, 0x3C, 0x00, 0xC0, 0x03, 0x00, 0x0C, 0xE0, 0x03, 0x1E, 0x00, 0x00, 0x00,  // Code for char W
        0x08, 0x02, 0x08, 0x04, 0x04, 0x18, 0x03, 0xE0, 0x00, 0xA0, 0x00, 0x18, 0x03, 0x04, 0x04, 0x02, 0x08, 0x00, 0x00, 0x00, 0x00, 0x00, 0x00, 0x00, 0x00,  // Code for char X
        0x09, 0x02, 0x00, 0x04, 0x00, 0x18, 0x00, 0x60, 0x00, 0x80, 0x0F, 0x60, 0x00, 0x18, 0x00, 0x04, 0x00, 0x02, 0x00, 0x00, 0x00, 0x00, 0x00, 0x00, 0x00,  // Code for char Y
        0x07, 0x02, 0x0C, 0x02, 0x0A, 0x82, 0x09, 0x42, 0x08, 0x32, 0x08, 0x0A, 0x08, 0x06, 0x08, 0x00, 0x00, 0x00, 0x00, 0x00, 0x00, 0x00, 0x00, 0x00, 0x00,  // Code for char Z
        0x03, 0x00, 0x00, 0xFE, 0x7F, 0x02, 0x40, 0x00, 0x00, 0x00, 0x00, 0x00, 0x00, 0x00, 0x00, 0x00, 0x00, 0x00, 0x00, 0x00, 0x00, 0x00, 0x00, 0x00, 0x00,  // Code for char [
        0x04, 0x06, 0x00, 0x78, 0x00, 0x80, 0x03, 0x00, 0x0C, 0x00, 0x00, 0x00, 0x00, 0x00, 0x00, 0x00, 0x00, 0x00, 0x00, 0x00, 0x00, 0x00, 0x00, 0x00, 0x00,  // Code for char BackSlash
        0x03, 0x00, 0x00, 0x02, 0x40, 0xFE, 0x7F, 0x00, 0x00, 0x00, 0x00, 0x00, 0x00, 0x00, 0x00, 0x00, 0x00, 0x00, 0x00, 0x00, 0x00, 0x00, 0x00, 0x00, 0x00,  // Code for char ]
        0x05, 0x40, 0x00, 0x38, 0x00, 0x06, 0x00, 0x38, 0x00, 0x40, 0x00, 0x00, 0x00, 0x00, 0x00, 0x00, 0x00, 0x00, 0x00, 0x00, 0x00, 0x00, 0x00, 0x00, 0x00,  // Code for char ^
        0x07, 0x00, 0x20, 0x00, 0x20, 0x00, 0x20, 0x00, 0x20, 0x00, 0x20, 0x00, 0x20, 0x00, 0x20, 0x00, 0x00, 0x00, 0x00, 0x00, 0x00, 0x00, 0x00, 0x00, 0x00,  // Code for char _
        0x03, 0x00, 0x00, 0x02, 0x00, 0x04, 0x00, 0x00, 0x00, 0x00, 0x00, 0x00, 0x00, 0x00, 0x00, 0x00, 0x00, 0x00, 0x00, 0x00, 0x00, 0x00, 0x00, 0x00, 0x00,  // Code for char `
        0x06, 0x00, 0x00, 0x60, 0x06, 0x10, 0x09, 0x10, 0x09, 0xA0, 0x04, 0xC0, 0x0F, 0x00, 0x00, 0x00, 0x00, 0x00, 0x00, 0x00, 0x00, 0x00, 0x00, 0x00, 0x00,  // Code for char a
        0x07, 0x00, 0x00, 0xFE, 0x0F, 0x20, 0x04, 0x10, 0x08, 0x10, 0x08, 0x20, 0x04, 0xC0, 0x03, 0x00, 0x00, 0x00, 0x00, 0x00, 0x00, 0x00, 0x00, 0x00, 0x00,  // Code for char b
        0x06, 0x00, 0x00, 0xC0, 0x03, 0x20, 0x04, 0x10, 0x08, 0x10, 0x08, 0x60, 0x06, 0x00, 0x00, 0x00, 0x00, 0x00, 0x00, 0x00, 0x00, 0x00, 0x00, 0x00, 0x00,  // Code for char c
        0x07, 0x00, 0x00, 0xC0, 0x03, 0x20, 0x04, 0x10, 0x08, 0x10, 0x08, 0x20, 0x04, 0xFE, 0x0F, 0x00, 0x00, 0x00, 0x00, 0x00, 0x00, 0x00, 0x00, 0x00, 0x00,  // Code for char d
        0x07, 0x00, 0x00, 0xC0, 0x03, 0xA0, 0x04, 0x90, 0x08, 0x90, 0x08, 0xA0, 0x04, 0xC0, 0x02, 0x00, 0x00, 0x00, 0x00, 0x00, 0x00, 0x00, 0x00, 0x00, 0x00,  // Code for char e
        0x03, 0x10, 0x00, 0xFE, 0x0F, 0x12, 0x00, 0x00, 0x00, 0x00, 0x00, 0x00, 0x00, 0x00, 0x00, 0x00, 0x00, 0x00, 0x00, 0x00, 0x00, 0x00, 0x00, 0x00, 0x00,  // Code for char f
        0x07, 0x00, 0x00, 0xC0, 0x33, 0x20, 0x44, 0x10, 0x48, 0x10, 0x48, 0x20, 0x24, 0xF0, 0x1F, 0x00, 0x00, 0x00, 0x00, 0x00, 0x00, 0x00, 0x00, 0x00, 0x00,  // Code for char g
        0x06, 0x00, 0x00, 0xFE, 0x0F, 0x20, 0x00, 0x10, 0x00, 0x10, 0x00, 0xE0, 0x0F, 0x00, 0x00, 0x00, 0x00, 0x00, 0x00, 0x00, 0x00, 0x00, 0x00, 0x00, 0x00,  // Code for char h
        0x02, 0x00, 0x00, 0xF2, 0x0F, 0x00, 0x00, 0x00, 0x00, 0x00, 0x00, 0x00, 0x00, 0x00, 0x00, 0x00, 0x00, 0x00, 0x00, 0x00, 0x00, 0x00, 0x00, 0x00, 0x00,  // Code for char i
        0x02, 0x00, 0x40, 0xF2, 0x7F, 0x00, 0x00, 0x00, 0x00, 0x00, 0x00, 0x00, 0x00, 0x00, 0x00, 0x00, 0x00, 0x00, 0x00, 0x00, 0x00, 0x00, 0x00, 0x00, 0x00,  // Code for char j
        0x06, 0x00, 0x00, 0xFE, 0x0F, 0x80, 0x00, 0xC0, 0x00, 0x20, 0x03, 0x10, 0x0C, 0x00, 0x00, 0x00, 0x00, 0x00, 0x00, 0x00, 0x00, 0x00, 0x00, 0x00, 0x00,  // Code for char k
        0x02, 0x00, 0x00, 0xFE, 0x0F, 0x00, 0x00, 0x00, 0x00, 0x00, 0x00, 0x00, 0x00, 0x00, 0x00, 0x00, 0x00, 0x00, 0x00, 0x00, 0x00, 0x00, 0x00, 0x00, 0x00,  // Code for char l
        0x0A, 0x00, 0x00, 0xF0, 0x0F, 0x20, 0x00, 0x10, 0x00, 0x10, 0x00, 0xE0, 0x0F, 0x30, 0x00, 0x10, 0x00, 0x10, 0x00, 0xE0, 0x0F, 0x00, 0x00, 0x00, 0x00,  // Code for char m
        0x06, 0x00, 0x00, 0xF0, 0x0F, 0x20, 0x00, 0x10, 0x00, 0x10, 0x00, 0xE0, 0x0F, 0x00, 0x00, 0x00, 0x00, 0x00, 0x00, 0x00, 0x00, 0x00, 0x00, 0x00, 0x00,  // Code for char n
        0x07, 0x00, 0x00, 0xC0, 0x03, 0x20, 0x04, 0x10, 0x08, 0x10, 0x08, 0x20, 0x04, 0xC0, 0x03, 0x00, 0x00, 0x00, 0x00, 0x00, 0x00, 0x00, 0x00, 0x00, 0x00,  // Code for char o
        0x07, 0x00, 0x00, 0xF0, 0x7F, 0x20, 0x04, 0x10, 0x08, 0x10, 0x08, 0x20, 0x04, 0xC0, 0x03, 0x00, 0x00, 0x00, 0x00, 0x00, 0x00, 0x00, 0x00, 0x00, 0x00,  // Code for char p
        0x07, 0x00, 0x00, 0xC0, 0x03, 0x20, 0x04, 0x10, 0x08, 0x10, 0x08, 0x20, 0x04, 0xF0, 0x7F, 0x00, 0x00, 0x00, 0x00, 0x00, 0x00, 0x00, 0x00, 0x00, 0x00,  // Code for char q
        0x04, 0x00, 0x00, 0xF0, 0x0F, 0x20, 0x00, 0x10, 0x00, 0x00, 0x00, 0x00, 0x00, 0x00, 0x00, 0x00, 0x00, 0x00, 0x00, 0x00, 0x00, 0x00, 0x00, 0x00, 0x00,  // Code for char r
        0x06, 0x00, 0x00, 0x60, 0x06, 0x90, 0x08, 0x90, 0x08, 0x10, 0x09, 0x20, 0x06, 0x00, 0x00, 0x00, 0x00, 0x00, 0x00, 0x00, 0x00, 0x00, 0x00, 0x00, 0x00,  // Code for char s
        0x03, 0x10, 0x00, 0xFE, 0x0F, 0x10, 0x08, 0x00, 0x00, 0x00, 0x00, 0x00, 0x00, 0x00, 0x00, 0x00, 0x00, 0x00, 0x00, 0x00, 0x00, 0x00, 0x00, 0x00, 0x00,  // Code for char t
        0x06, 0x00, 0x00, 0xF0, 0x07, 0x00, 0x08, 0x00, 0x08, 0x00, 0x04, 0xF0, 0x0F, 0x00, 0x00, 0x00, 0x00, 0x00, 0x00, 0x00, 0x00, 0x00, 0x00, 0x00, 0x00,  // Code for char u
        0x07, 0x10, 0x00, 0xE0, 0x00, 0x00, 0x07, 0x00, 0x08, 0x00, 0x07, 0xE0, 0x00, 0x10, 0x00, 0x00, 0x00, 0x00, 0x00, 0x00, 0x00, 0x00, 0x00, 0x00, 0x00,  // Code for char v
        0x09, 0x30, 0x00, 0xC0, 0x03, 0x00, 0x0C, 0xC0, 0x03, 0x30, 0x00, 0xC0, 0x03, 0x00, 0x0C, 0xC0, 0x03, 0x30, 0x00, 0x00, 0x00, 0x00, 0x00, 0x00, 0x00,  // Code for char w
        0x06, 0x00, 0x00, 0x10, 0x08, 0x60, 0x06, 0x80, 0x01, 0x60, 0x06, 0x10, 0x08, 0x00, 0x00, 0x00, 0x00, 0x00, 0x00, 0x00, 0x00, 0x00, 0x00, 0x00, 0x00,  // Code for char x
        0x07, 0x10, 0x00, 0xE0, 0x40, 0x00, 0x47, 0x00, 0x38, 0x00, 0x07, 0xE0, 0x00, 0x10, 0x00, 0x00, 0x00, 0x00, 0x00, 0x00, 0x00, 0x00, 0x00, 0x00, 0x00,  // Code for char y
        0x06, 0x00, 0x00, 0x10, 0x0C, 0x10, 0x0A, 0x90, 0x09, 0x50, 0x08, 0x30, 0x08, 0x00, 0x00, 0x00, 0x00, 0x00, 0x00, 0x00, 0x00, 0x00, 0x00, 0x00, 0x00,  // Code for char z
        0x03, 0x00, 0x01, 0xFE, 0x7E, 0x02, 0x40, 0x00, 0x00, 0x00, 0x00, 0x00, 0x00, 0x00, 0x00, 0x00, 0x00, 0x00, 0x00, 0x00, 0x00, 0x00, 0x00, 0x00, 0x00,  // Code for char {
        0x02, 0x00, 0x00, 0xFE, 0xFF, 0x00, 0x00, 0x00, 0x00, 0x00, 0x00, 0x00, 0x00, 0x00, 0x00, 0x00, 0x00, 0x00, 0x00, 0x00, 0x00, 0x00, 0x00, 0x00, 0x00,  // Code for char |
        0x03, 0x02, 0x40, 0xFE, 0x7E, 0x00, 0x01, 0x00, 0x00, 0x00, 0x00, 0x00, 0x00, 0x00, 0x00, 0x00, 0x00, 0x00, 0x00, 0x00, 0x00, 0x00, 0x00, 0x00, 0x00,  // Code for char }
        0x07, 0x40, 0x00, 0x20, 0x00, 0x20, 0x00, 0x60, 0x00, 0x40, 0x00, 0x40, 0x00, 0x60, 0x00, 0x00, 0x00, 0x00, 0x00, 0x00, 0x00, 0x00, 0x00, 0x00, 0x00,  // Code for char ~
        0x04, 0xFF, 0x0F, 0x01, 0x08, 0x01, 0x08, 0xFF, 0x0F, 0x00, 0x00, 0x00, 0x00, 0x00, 0x00, 0x00, 0x00, 0x00, 0x00, 0x00, 0x00, 0x00, 0x00, 0x00, 0x00   // Code for char 
        };

const uint8_t Arial_Narrow15x19[] = {
		/* Offset, Width, Height, BPL */
		46,15,19,3,

        0x08, 0x00, 0x00, 0x00, 0x00, 0x00, 0x00, 0x00, 0x00, 0x00, 0x00, 0x00, 0x00, 0x00, 0x00, 0x00, 0x00, 0x00, 0x00, 0x00, 0x00, 0x00, 0x00, 0x00, 0x00, 0x00, 0x00, 0x00, 0x00, 0x00, 0x00, 0x00, 0x00, 0x00, 0x00, 0x00, 0x00, 0x00, 0x00, 0x00, 0x00, 0x00, 0x00, 0x00, 0x00, 0x00,  // Code for char
        0x02, 0x00, 0x00, 0x00, 0xFE, 0x47, 0x00, 0x00, 0x00, 0x00, 0x00, 0x00, 0x00, 0x00, 0x00, 0x00, 0x00, 0x00, 0x00, 0x00, 0x00, 0x00, 0x00, 0x00, 0x00, 0x00, 0x00, 0x00, 0x00, 0x00, 0x00, 0x00, 0x00, 0x00, 0x00, 0x00, 0x00, 0x00, 0x00, 0x00, 0x00, 0x00, 0x00, 0x00, 0x00, 0x00,  // Code for char !
        0x04, 0x00, 0x00, 0x00, 0x3E, 0x00, 0x00, 0x00, 0x00, 0x00, 0x3E, 0x00, 0x00, 0x00, 0x00, 0x00, 0x00, 0x00, 0x00, 0x00, 0x00, 0x00, 0x00, 0x00, 0x00, 0x00, 0x00, 0x00, 0x00, 0x00, 0x00, 0x00, 0x00, 0x00, 0x00, 0x00, 0x00, 0x00, 0x00, 0x00, 0x00, 0x00, 0x00, 0x00, 0x00, 0x00,  // Code for char "
        0x08, 0x20, 0x04, 0x00, 0x20, 0x74, 0x00, 0xF0, 0x0F, 0x00, 0x2E, 0x04, 0x00, 0x20, 0x74, 0x00, 0xF0, 0x0F, 0x00, 0x2E, 0x04, 0x00, 0x20, 0x04, 0x00, 0x00, 0x00, 0x00, 0x00, 0x00, 0x00, 0x00, 0x00, 0x00, 0x00, 0x00, 0x00, 0x00, 0x00, 0x00, 0x00, 0x00, 0x00, 0x00, 0x00, 0x00,  // Code for char #
        0x08, 0x00, 0x00, 0x00, 0x78, 0x18, 0x00, 0xC6, 0x20, 0x00, 0x82, 0x40, 0x00, 0xFF, 0xFF, 0x01, 0x02, 0x41, 0x00, 0x06, 0x23, 0x00, 0x0C, 0x1E, 0x00, 0x00, 0x00, 0x00, 0x00, 0x00, 0x00, 0x00, 0x00, 0x00, 0x00, 0x00, 0x00, 0x00, 0x00, 0x00, 0x00, 0x00, 0x00, 0x00, 0x00, 0x00,  // Code for char $
        0x0B, 0x00, 0x00, 0x00, 0x7C, 0x00, 0x00, 0x82, 0x00, 0x00, 0x82, 0x40, 0x00, 0x7C, 0x38, 0x00, 0x00, 0x07, 0x00, 0xE0, 0x00, 0x00, 0x18, 0x3E, 0x00, 0x06, 0x41, 0x00, 0x00, 0x41, 0x00, 0x00, 0x3E, 0x00, 0x00, 0x00, 0x00, 0x00, 0x00, 0x00, 0x00, 0x00, 0x00, 0x00, 0x00, 0x00,  // Code for char %
        0x0B, 0x00, 0x00, 0x00, 0x00, 0x1F, 0x00, 0xBC, 0x21, 0x00, 0xC6, 0x40, 0x00, 0xC2, 0x41, 0x00, 0x42, 0x42, 0x00, 0x66, 0x64, 0x00, 0x3C, 0x3C, 0x00, 0x00, 0x2E, 0x00, 0x00, 0x63, 0x00, 0x00, 0x40, 0x00, 0x00, 0x00, 0x00, 0x00, 0x00, 0x00, 0x00, 0x00, 0x00, 0x00, 0x00, 0x00,  // Code for char &
        0x02, 0x00, 0x00, 0x00, 0x3E, 0x00, 0x00, 0x00, 0x00, 0x00, 0x00, 0x00, 0x00, 0x00, 0x00, 0x00, 0x00, 0x00, 0x00, 0x00, 0x00, 0x00, 0x00, 0x00, 0x00, 0x00, 0x00, 0x00, 0x00, 0x00, 0x00, 0x00, 0x00, 0x00, 0x00, 0x00, 0x00, 0x00, 0x00, 0x00, 0x00, 0x00, 0x00, 0x00, 0x00, 0x00,  // Code for char '
        0x05, 0x00, 0x00, 0x00, 0x00, 0x00, 0x00, 0xE0, 0x7F, 0x00, 0x1C, 0xC0, 0x03, 0x02, 0x00, 0x04, 0x00, 0x00, 0x00, 0x00, 0x00, 0x00, 0x00, 0x00, 0x00, 0x00, 0x00, 0x00, 0x00, 0x00, 0x00, 0x00, 0x00, 0x00, 0x00, 0x00, 0x00, 0x00, 0x00, 0x00, 0x00, 0x00, 0x00, 0x00, 0x00, 0x00,  // Code for char (
        0x03, 0x02, 0x00, 0x04, 0x1C, 0xC0, 0x03, 0xE0, 0x7F, 0x00, 0x00, 0x00, 0x00, 0x00, 0x00, 0x00, 0x00, 0x00, 0x00, 0x00, 0x00, 0x00, 0x00, 0x00, 0x00, 0x00, 0x00, 0x00, 0x00, 0x00, 0x00, 0x00, 0x00, 0x00, 0x00, 0x00, 0x00, 0x00, 0x00, 0x00, 0x00, 0x00, 0x00, 0x00, 0x00, 0x00,  // Code for char )
        0x05, 0x04, 0x00, 0x00, 0x34, 0x00, 0x00, 0x0E, 0x00, 0x00, 0x34, 0x00, 0x00, 0x04, 0x00, 0x00, 0x00, 0x00, 0x00, 0x00, 0x00, 0x00, 0x00, 0x00, 0x00, 0x00, 0x00, 0x00, 0x00, 0x00, 0x00, 0x00, 0x00, 0x00, 0x00, 0x00, 0x00, 0x00, 0x00, 0x00, 0x00, 0x00, 0x00, 0x00, 0x00, 0x00,  // Code for char *
        0x0A, 0x00, 0x00, 0x00, 0x00, 0x02, 0x00, 0x00, 0x02, 0x00, 0x00, 0x02, 0x00, 0x00, 0x02, 0x00, 0xC0, 0x1F, 0x00, 0x00, 0x02, 0x00, 0x00, 0x02, 0x00, 0x00, 0x02, 0x00, 0x00, 0x02, 0x00, 0x00, 0x00, 0x00, 0x00, 0x00, 0x00, 0x00, 0x00, 0x00, 0x00, 0x00, 0x00, 0x00, 0x00, 0x00,  // Code for char +
        0x02, 0x00, 0x00, 0x02, 0x00, 0xC0, 0x01, 0x00, 0x00, 0x00, 0x00, 0x00, 0x00, 0x00, 0x00, 0x00, 0x00, 0x00, 0x00, 0x00, 0x00, 0x00, 0x00, 0x00, 0x00, 0x00, 0x00, 0x00, 0x00, 0x00, 0x00, 0x00, 0x00, 0x00, 0x00, 0x00, 0x00, 0x00, 0x00, 0x00, 0x00, 0x00, 0x00, 0x00, 0x00, 0x00,  // Code for char ,
        0x04, 0x00, 0x04, 0x00, 0x00, 0x04, 0x00, 0x00, 0x04, 0x00, 0x00, 0x04, 0x00, 0x00, 0x00, 0x00, 0x00, 0x00, 0x00, 0x00, 0x00, 0x00, 0x00, 0x00, 0x00, 0x00, 0x00, 0x00, 0x00, 0x00, 0x00, 0x00, 0x00, 0x00, 0x00, 0x00, 0x00, 0x00, 0x00, 0x00, 0x00, 0x00, 0x00, 0x00, 0x00, 0x00,  // Code for char -
        0x02, 0x00, 0x00, 0x00, 0x00, 0x40, 0x00, 0x00, 0x00, 0x00, 0x00, 0x00, 0x00, 0x00, 0x00, 0x00, 0x00, 0x00, 0x00, 0x00, 0x00, 0x00, 0x00, 0x00, 0x00, 0x00, 0x00, 0x00, 0x00, 0x00, 0x00, 0x00, 0x00, 0x00, 0x00, 0x00, 0x00, 0x00, 0x00, 0x00, 0x00, 0x00, 0x00, 0x00, 0x00, 0x00,  // Code for char .
        0x04, 0x00, 0x40, 0x00, 0x00, 0x3E, 0x00, 0xE0, 0x01, 0x00, 0x1E, 0x00, 0x00, 0x00, 0x00, 0x00, 0x00, 0x00, 0x00, 0x00, 0x00, 0x00, 0x00, 0x00, 0x00, 0x00, 0x00, 0x00, 0x00, 0x00, 0x00, 0x00, 0x00, 0x00, 0x00, 0x00, 0x00, 0x00, 0x00, 0x00, 0x00, 0x00, 0x00, 0x00, 0x00, 0x00,  // Code for char /
        0x08, 0xF8, 0x0F, 0x00, 0x06, 0x30, 0x00, 0x03, 0x60, 0x00, 0x01, 0x40, 0x00, 0x01, 0x40, 0x00, 0x03, 0x60, 0x00, 0x06, 0x30, 0x00, 0xF8, 0x0F, 0x00, 0x00, 0x00, 0x00, 0x00, 0x00, 0x00, 0x00, 0x00, 0x00, 0x00, 0x00, 0x00, 0x00, 0x00, 0x00, 0x00, 0x00, 0x00, 0x00, 0x00, 0x00,  // Code for char 0
        0x05, 0x00, 0x00, 0x00, 0x10, 0x00, 0x00, 0x08, 0x00, 0x00, 0x04, 0x00, 0x00, 0xFF, 0x7F, 0x00, 0x00, 0x00, 0x00, 0x00, 0x00, 0x00, 0x00, 0x00, 0x00, 0x00, 0x00, 0x00, 0x00, 0x00, 0x00, 0x00, 0x00, 0x00, 0x00, 0x00, 0x00, 0x00, 0x00, 0x00, 0x00, 0x00, 0x00, 0x00, 0x00, 0x00,  // Code for char 1
        0x08, 0x0C, 0x60, 0x00, 0x02, 0x50, 0x00, 0x01, 0x48, 0x00, 0x01, 0x44, 0x00, 0x01, 0x42, 0x00, 0x81, 0x41, 0x00, 0xC2, 0x40, 0x00, 0x3C, 0x40, 0x00, 0x00, 0x00, 0x00, 0x00, 0x00, 0x00, 0x00, 0x00, 0x00, 0x00, 0x00, 0x00, 0x00, 0x00, 0x00, 0x00, 0x00, 0x00, 0x00, 0x00, 0x00,  // Code for char 2
        0x08, 0x04, 0x18, 0x00, 0x02, 0x20, 0x00, 0x01, 0x40, 0x00, 0x81, 0x40, 0x00, 0x81, 0x40, 0x00, 0x81, 0x40, 0x00, 0xC2, 0x21, 0x00, 0x3C, 0x1F, 0x00, 0x00, 0x00, 0x00, 0x00, 0x00, 0x00, 0x00, 0x00, 0x00, 0x00, 0x00, 0x00, 0x00, 0x00, 0x00, 0x00, 0x00, 0x00, 0x00, 0x00, 0x00,  // Code for char 3
        0x08, 0x00, 0x06, 0x00, 0x80, 0x05, 0x00, 0x40, 0x04, 0x00, 0x30, 0x04, 0x00, 0x0C, 0x04, 0x00, 0xFF, 0x7F, 0x00, 0x00, 0x04, 0x00, 0x00, 0x04, 0x00, 0x00, 0x00, 0x00, 0x00, 0x00, 0x00, 0x00, 0x00, 0x00, 0x00, 0x00, 0x00, 0x00, 0x00, 0x00, 0x00, 0x00, 0x00, 0x00, 0x00, 0x00,  // Code for char 4
        0x08, 0xF0, 0x18, 0x00, 0x6F, 0x20, 0x00, 0x21, 0x40, 0x00, 0x21, 0x40, 0x00, 0x21, 0x40, 0x00, 0x61, 0x60, 0x00, 0xC1, 0x30, 0x00, 0x81, 0x0F, 0x00, 0x00, 0x00, 0x00, 0x00, 0x00, 0x00, 0x00, 0x00, 0x00, 0x00, 0x00, 0x00, 0x00, 0x00, 0x00, 0x00, 0x00, 0x00, 0x00, 0x00, 0x00,  // Code for char 5
        0x08, 0xF8, 0x0F, 0x00, 0x86, 0x30, 0x00, 0x42, 0x60, 0x00, 0x41, 0x40, 0x00, 0x41, 0x40, 0x00, 0x41, 0x40, 0x00, 0x82, 0x20, 0x00, 0x04, 0x1F, 0x00, 0x00, 0x00, 0x00, 0x00, 0x00, 0x00, 0x00, 0x00, 0x00, 0x00, 0x00, 0x00, 0x00, 0x00, 0x00, 0x00, 0x00, 0x00, 0x00, 0x00, 0x00,  // Code for char 6
        0x08, 0x01, 0x00, 0x00, 0x01, 0x00, 0x00, 0x01, 0x78, 0x00, 0x01, 0x07, 0x00, 0xE1, 0x00, 0x00, 0x39, 0x00, 0x00, 0x0D, 0x00, 0x00, 0x03, 0x00, 0x00, 0x00, 0x00, 0x00, 0x00, 0x00, 0x00, 0x00, 0x00, 0x00, 0x00, 0x00, 0x00, 0x00, 0x00, 0x00, 0x00, 0x00, 0x00, 0x00, 0x00, 0x00,  // Code for char 7
        0x08, 0x3C, 0x1F, 0x00, 0xC2, 0x21, 0x00, 0x81, 0x40, 0x00, 0x81, 0x40, 0x00, 0x81, 0x40, 0x00, 0x81, 0x40, 0x00, 0xC2, 0x21, 0x00, 0x7C, 0x1F, 0x00, 0x00, 0x00, 0x00, 0x00, 0x00, 0x00, 0x00, 0x00, 0x00, 0x00, 0x00, 0x00, 0x00, 0x00, 0x00, 0x00, 0x00, 0x00, 0x00, 0x00, 0x00,  // Code for char 8
        0x08, 0x7C, 0x10, 0x00, 0x86, 0x20, 0x00, 0x03, 0x41, 0x00, 0x01, 0x41, 0x00, 0x01, 0x41, 0x00, 0x01, 0x21, 0x00, 0x86, 0x38, 0x00, 0xF8, 0x07, 0x00, 0x00, 0x00, 0x00, 0x00, 0x00, 0x00, 0x00, 0x00, 0x00, 0x00, 0x00, 0x00, 0x00, 0x00, 0x00, 0x00, 0x00, 0x00, 0x00, 0x00, 0x00,  // Code for char 9
        0x02, 0x00, 0x00, 0x00, 0x20, 0x40, 0x00, 0x00, 0x00, 0x00, 0x00, 0x00, 0x00, 0x00, 0x00, 0x00, 0x00, 0x00, 0x00, 0x00, 0x00, 0x00, 0x00, 0x00, 0x00, 0x00, 0x00, 0x00, 0x00, 0x00, 0x00, 0x00, 0x00, 0x00, 0x00, 0x00, 0x00, 0x00, 0x00, 0x00, 0x00, 0x00, 0x00, 0x00, 0x00, 0x00,  // Code for char :
        0x02, 0x00, 0x00, 0x02, 0x20, 0xC0, 0x01, 0x00, 0x00, 0x00, 0x00, 0x00, 0x00, 0x00, 0x00, 0x00, 0x00, 0x00, 0x00, 0x00, 0x00, 0x00, 0x00, 0x00, 0x00, 0x00, 0x00, 0x00, 0x00, 0x00, 0x00, 0x00, 0x00, 0x00, 0x00, 0x00, 0x00, 0x00, 0x00, 0x00, 0x00, 0x00, 0x00, 0x00, 0x00, 0x00,  // Code for char ;
        0x08, 0x00, 0x00, 0x00, 0x00, 0x01, 0x00, 0x80, 0x02, 0x00, 0x80, 0x02, 0x00, 0x40, 0x04, 0x00, 0x20, 0x08, 0x00, 0x20, 0x08, 0x00, 0x10, 0x10, 0x00, 0x00, 0x00, 0x00, 0x00, 0x00, 0x00, 0x00, 0x00, 0x00, 0x00, 0x00, 0x00, 0x00, 0x00, 0x00, 0x00, 0x00, 0x00, 0x00, 0x00, 0x00,  // Code for char <
        0x08, 0x00, 0x00, 0x00, 0x40, 0x04, 0x00, 0x40, 0x04, 0x00, 0x40, 0x04, 0x00, 0x40, 0x04, 0x00, 0x40, 0x04, 0x00, 0x40, 0x04, 0x00, 0x40, 0x04, 0x00, 0x00, 0x00, 0x00, 0x00, 0x00, 0x00, 0x00, 0x00, 0x00, 0x00, 0x00, 0x00, 0x00, 0x00, 0x00, 0x00, 0x00, 0x00, 0x00, 0x00, 0x00,  // Code for char =
        0x08, 0x00, 0x00, 0x00, 0x10, 0x10, 0x00, 0x20, 0x08, 0x00, 0x20, 0x08, 0x00, 0x40, 0x04, 0x00, 0x80, 0x02, 0x00, 0x80, 0x02, 0x00, 0x00, 0x01, 0x00, 0x00, 0x00, 0x00, 0x00, 0x00, 0x00, 0x00, 0x00, 0x00, 0x00, 0x00, 0x00, 0x00, 0x00, 0x00, 0x00, 0x00, 0x00, 0x00, 0x00, 0x00,  // Code for char >
        0x07, 0x18, 0x00, 0x00, 0x04, 0x00, 0x00, 0x02, 0x00, 0x00, 0x02, 0x5C, 0x00, 0x02, 0x03, 0x00, 0x84, 0x01, 0x00, 0x78, 0x00, 0x00, 0x00, 0x00, 0x00, 0x00, 0x00, 0x00, 0x00, 0x00, 0x00, 0x00, 0x00, 0x00, 0x00, 0x00, 0x00, 0x00, 0x00, 0x00, 0x00, 0x00, 0x00, 0x00, 0x00, 0x00,  // Code for char ?
        0x0F, 0x00, 0x00, 0x00, 0x80, 0x3F, 0x00, 0x60, 0xC0, 0x00, 0x18, 0x00, 0x01, 0x0C, 0x1F, 0x02, 0xC4, 0x60, 0x02, 0x62, 0x40, 0x04, 0x22, 0x40, 0x04, 0x22, 0x20, 0x04, 0x42, 0x38, 0x04, 0xE2, 0x47, 0x04, 0x04, 0x40, 0x02, 0x0C, 0x20, 0x02, 0x38, 0x18, 0x01, 0xE0, 0x87, 0x00,  // Code for char @
        0x0B, 0x00, 0x40, 0x00, 0x00, 0x38, 0x00, 0x00, 0x07, 0x00, 0xE0, 0x02, 0x00, 0x1C, 0x02, 0x00, 0x02, 0x02, 0x00, 0x1C, 0x02, 0x00, 0xE0, 0x02, 0x00, 0x00, 0x07, 0x00, 0x00, 0x38, 0x00, 0x00, 0x40, 0x00, 0x00, 0x00, 0x00, 0x00, 0x00, 0x00, 0x00, 0x00, 0x00, 0x00, 0x00, 0x00,  // Code for char A
        0x09, 0x00, 0x00, 0x00, 0xFE, 0x7F, 0x00, 0x82, 0x40, 0x00, 0x82, 0x40, 0x00, 0x82, 0x40, 0x00, 0x82, 0x40, 0x00, 0x82, 0x40, 0x00, 0xC4, 0x21, 0x00, 0x78, 0x1F, 0x00, 0x00, 0x00, 0x00, 0x00, 0x00, 0x00, 0x00, 0x00, 0x00, 0x00, 0x00, 0x00, 0x00, 0x00, 0x00, 0x00, 0x00, 0x00,  // Code for char B
        0x0A, 0x00, 0x00, 0x00, 0xE0, 0x07, 0x00, 0x18, 0x18, 0x00, 0x04, 0x20, 0x00, 0x02, 0x40, 0x00, 0x02, 0x40, 0x00, 0x02, 0x40, 0x00, 0x02, 0x40, 0x00, 0x04, 0x20, 0x00, 0x18, 0x1C, 0x00, 0x00, 0x00, 0x00, 0x00, 0x00, 0x00, 0x00, 0x00, 0x00, 0x00, 0x00, 0x00, 0x00, 0x00, 0x00,  // Code for char C
        0x0A, 0x00, 0x00, 0x00, 0xFE, 0x7F, 0x00, 0x02, 0x40, 0x00, 0x02, 0x40, 0x00, 0x02, 0x40, 0x00, 0x02, 0x40, 0x00, 0x02, 0x40, 0x00, 0x04, 0x20, 0x00, 0x0C, 0x18, 0x00, 0xF0, 0x0F, 0x00, 0x00, 0x00, 0x00, 0x00, 0x00, 0x00, 0x00, 0x00, 0x00, 0x00, 0x00, 0x00, 0x00, 0x00, 0x00,  // Code for char D
        0x09, 0x00, 0x00, 0x00, 0xFE, 0x7F, 0x00, 0x82, 0x40, 0x00, 0x82, 0x40, 0x00, 0x82, 0x40, 0x00, 0x82, 0x40, 0x00, 0x82, 0x40, 0x00, 0x82, 0x40, 0x00, 0x82, 0x40, 0x00, 0x00, 0x00, 0x00, 0x00, 0x00, 0x00, 0x00, 0x00, 0x00, 0x00, 0x00, 0x00, 0x00, 0x00, 0x00, 0x00, 0x00, 0x00,  // Code for char E
        0x09, 0x00, 0x00, 0x00, 0xFE, 0x7F, 0x00, 0x82, 0x00, 0x00, 0x82, 0x00, 0x00, 0x82, 0x00, 0x00, 0x82, 0x00, 0x00, 0x82, 0x00, 0x00, 0x82, 0x00, 0x00, 0x02, 0x00, 0x00, 0x00, 0x00, 0x00, 0x00, 0x00, 0x00, 0x00, 0x00, 0x00, 0x00, 0x00, 0x00, 0x00, 0x00, 0x00, 0x00, 0x00, 0x00,  // Code for char F
        0x0B, 0x00, 0x00, 0x00, 0xE0, 0x07, 0x00, 0x18, 0x18, 0x00, 0x04, 0x20, 0x00, 0x02, 0x40, 0x00, 0x02, 0x40, 0x00, 0x02, 0x41, 0x00, 0x02, 0x41, 0x00, 0x02, 0x61, 0x00, 0x04, 0x21, 0x00, 0x18, 0x3F, 0x00, 0x00, 0x00, 0x00, 0x00, 0x00, 0x00, 0x00, 0x00, 0x00, 0x00, 0x00, 0x00,  // Code for char G
        0x0A, 0x00, 0x00, 0x00, 0xFE, 0x7F, 0x00, 0x80, 0x00, 0x00, 0x80, 0x00, 0x00, 0x80, 0x00, 0x00, 0x80, 0x00, 0x00, 0x80, 0x00, 0x00, 0x80, 0x00, 0x00, 0x80, 0x00, 0x00, 0xFE, 0x7F, 0x00, 0x00, 0x00, 0x00, 0x00, 0x00, 0x00, 0x00, 0x00, 0x00, 0x00, 0x00, 0x00, 0x00, 0x00, 0x00,  // Code for char H
        0x02, 0x00, 0x00, 0x00, 0xFE, 0x7F, 0x00, 0x00, 0x00, 0x00, 0x00, 0x00, 0x00, 0x00, 0x00, 0x00, 0x00, 0x00, 0x00, 0x00, 0x00, 0x00, 0x00, 0x00, 0x00, 0x00, 0x00, 0x00, 0x00, 0x00, 0x00, 0x00, 0x00, 0x00, 0x00, 0x00, 0x00, 0x00, 0x00, 0x00, 0x00, 0x00, 0x00, 0x00, 0x00, 0x00,  // Code for char I
        0x07, 0x00, 0x00, 0x00, 0x00, 0x38, 0x00, 0x00, 0x40, 0x00, 0x00, 0x40, 0x00, 0x00, 0x40, 0x00, 0x00, 0x40, 0x00, 0xFE, 0x3F, 0x00, 0x00, 0x00, 0x00, 0x00, 0x00, 0x00, 0x00, 0x00, 0x00, 0x00, 0x00, 0x00, 0x00, 0x00, 0x00, 0x00, 0x00, 0x00, 0x00, 0x00, 0x00, 0x00, 0x00, 0x00,  // Code for char J
        0x0A, 0x00, 0x00, 0x00, 0xFE, 0x7F, 0x00, 0x00, 0x03, 0x00, 0x80, 0x00, 0x00, 0xC0, 0x00, 0x00, 0x20, 0x01, 0x00, 0x10, 0x06, 0x00, 0x08, 0x18, 0x00, 0x06, 0x20, 0x00, 0x00, 0x40, 0x00, 0x00, 0x00, 0x00, 0x00, 0x00, 0x00, 0x00, 0x00, 0x00, 0x00, 0x00, 0x00, 0x00, 0x00, 0x00,  // Code for char K
        0x08, 0x00, 0x00, 0x00, 0xFE, 0x7F, 0x00, 0x00, 0x40, 0x00, 0x00, 0x40, 0x00, 0x00, 0x40, 0x00, 0x00, 0x40, 0x00, 0x00, 0x40, 0x00, 0x00, 0x40, 0x00, 0x00, 0x00, 0x00, 0x00, 0x00, 0x00, 0x00, 0x00, 0x00, 0x00, 0x00, 0x00, 0x00, 0x00, 0x00, 0x00, 0x00, 0x00, 0x00, 0x00, 0x00,  // Code for char L
        0x0C, 0x00, 0x00, 0x00, 0xFE, 0x7F, 0x00, 0x06, 0x00, 0x00, 0x38, 0x00, 0x00, 0xC0, 0x03, 0x00, 0x00, 0x1C, 0x00, 0x00, 0x60, 0x00, 0x00, 0x1C, 0x00, 0x80, 0x03, 0x00, 0x70, 0x00, 0x00, 0x0E, 0x00, 0x00, 0xFE, 0x7F, 0x00, 0x00, 0x00, 0x00, 0x00, 0x00, 0x00, 0x00, 0x00, 0x00,  // Code for char M
        0x0A, 0x00, 0x00, 0x00, 0xFE, 0x7F, 0x00, 0x04, 0x00, 0x00, 0x18, 0x00, 0x00, 0x60, 0x00, 0x00, 0x80, 0x01, 0x00, 0x00, 0x06, 0x00, 0x00, 0x18, 0x00, 0x00, 0x20, 0x00, 0xFE, 0x7F, 0x00, 0x00, 0x00, 0x00, 0x00, 0x00, 0x00, 0x00, 0x00, 0x00, 0x00, 0x00, 0x00, 0x00, 0x00, 0x00,  // Code for char N
        0x0B, 0x00, 0x00, 0x00, 0xE0, 0x07, 0x00, 0x18, 0x18, 0x00, 0x04, 0x20, 0x00, 0x02, 0x40, 0x00, 0x02, 0x40, 0x00, 0x02, 0x40, 0x00, 0x02, 0x40, 0x00, 0x04, 0x20, 0x00, 0x18, 0x18, 0x00, 0xE0, 0x07, 0x00, 0x00, 0x00, 0x00, 0x00, 0x00, 0x00, 0x00, 0x00, 0x00, 0x00, 0x00, 0x00,  // Code for char O
        0x09, 0x00, 0x00, 0x00, 0xFE, 0x7F, 0x00, 0x02, 0x01, 0x00, 0x02, 0x01, 0x00, 0x02, 0x01, 0x00, 0x02, 0x01, 0x00, 0x02, 0x01, 0x00, 0x86, 0x00, 0x00, 0x78, 0x00, 0x00, 0x00, 0x00, 0x00, 0x00, 0x00, 0x00, 0x00, 0x00, 0x00, 0x00, 0x00, 0x00, 0x00, 0x00, 0x00, 0x00, 0x00, 0x00,  // Code for char P
        0x0B, 0x00, 0x00, 0x00, 0xE0, 0x07, 0x00, 0x18, 0x18, 0x00, 0x04, 0x20, 0x00, 0x02, 0x40, 0x00, 0x02, 0x40, 0x00, 0x02, 0x58, 0x00, 0x02, 0x70, 0x00, 0x04, 0x20, 0x00, 0x18, 0x78, 0x00, 0xE0, 0xCF, 0x00, 0x00, 0x00, 0x00, 0x00, 0x00, 0x00, 0x00, 0x00, 0x00, 0x00, 0x00, 0x00,  // Code for char Q
        0x0B, 0x00, 0x00, 0x00, 0xFE, 0x7F, 0x00, 0x02, 0x01, 0x00, 0x02, 0x01, 0x00, 0x02, 0x01, 0x00, 0x02, 0x01, 0x00, 0x02, 0x01, 0x00, 0x02, 0x07, 0x00, 0x86, 0x0C, 0x00, 0x78, 0x30, 0x00, 0x00, 0x40, 0x00, 0x00, 0x00, 0x00, 0x00, 0x00, 0x00, 0x00, 0x00, 0x00, 0x00, 0x00, 0x00,  // Code for char R
        0x09, 0x00, 0x00, 0x00, 0x38, 0x18, 0x00, 0x44, 0x20, 0x00, 0x82, 0x40, 0x00, 0x82, 0x40, 0x00, 0x02, 0x41, 0x00, 0x02, 0x41, 0x00, 0x04, 0x22, 0x00, 0x18, 0x1C, 0x00, 0x00, 0x00, 0x00, 0x00, 0x00, 0x00, 0x00, 0x00, 0x00, 0x00, 0x00, 0x00, 0x00, 0x00, 0x00, 0x00, 0x00, 0x00,  // Code for char S
        0x09, 0x02, 0x00, 0x00, 0x02, 0x00, 0x00, 0x02, 0x00, 0x00, 0x02, 0x00, 0x00, 0xFE, 0x7F, 0x00, 0x02, 0x00, 0x00, 0x02, 0x00, 0x00, 0x02, 0x00, 0x00, 0x02, 0x00, 0x00, 0x00, 0x00, 0x00, 0x00, 0x00, 0x00, 0x00, 0x00, 0x00, 0x00, 0x00, 0x00, 0x00, 0x00, 0x00, 0x00, 0x00, 0x00,  // Code for char T
        0x0A, 0x00, 0x00, 0x00, 0xFE, 0x1F, 0x00, 0x00, 0x20, 0x00, 0x00, 0x40, 0x00, 0x00, 0x40, 0x00, 0x00, 0x40, 0x00, 0x00, 0x40, 0x00, 0x00, 0x40, 0x00, 0x00, 0x20, 0x00, 0xFE, 0x1F, 0x00, 0x00, 0x00, 0x00, 0x00, 0x00, 0x00, 0x00, 0x00, 0x00, 0x00, 0x00, 0x00, 0x00, 0x00, 0x00,  // Code for char U
        0x0B, 0x02, 0x00, 0x00, 0x1C, 0x00, 0x00, 0xE0, 0x00, 0x00, 0x00, 0x07, 0x00, 0x00, 0x38, 0x00, 0x00, 0x40, 0x00, 0x00, 0x38, 0x00, 0x00, 0x07, 0x00, 0xE0, 0x00, 0x00, 0x1C, 0x00, 0x00, 0x02, 0x00, 0x00, 0x00, 0x00, 0x00, 0x00, 0x00, 0x00, 0x00, 0x00, 0x00, 0x00, 0x00, 0x00,  // Code for char V
        0x0E, 0x00, 0x00, 0x00, 0x3E, 0x00, 0x00, 0xC0, 0x1F, 0x00, 0x00, 0x60, 0x00, 0x00, 0x1C, 0x00, 0xC0, 0x03, 0x00, 0x38, 0x00, 0x00, 0x06, 0x00, 0x00, 0x38, 0x00, 0x00, 0xC0, 0x03, 0x00, 0x00, 0x1E, 0x00, 0x00, 0x60, 0x00, 0xC0, 0x1F, 0x00, 0x3E, 0x00, 0x00, 0x00, 0x00, 0x00,  // Code for char W
        0x0A, 0x02, 0x40, 0x00, 0x04, 0x20, 0x00, 0x18, 0x18, 0x00, 0x20, 0x04, 0x00, 0xC0, 0x03, 0x00, 0xC0, 0x03, 0x00, 0x20, 0x04, 0x00, 0x18, 0x18, 0x00, 0x04, 0x20, 0x00, 0x02, 0x40, 0x00, 0x00, 0x00, 0x00, 0x00, 0x00, 0x00, 0x00, 0x00, 0x00, 0x00, 0x00, 0x00, 0x00, 0x00, 0x00,  // Code for char X
        0x09, 0x02, 0x00, 0x00, 0x0C, 0x00, 0x00, 0x30, 0x00, 0x00, 0xC0, 0x00, 0x00, 0x00, 0x7F, 0x00, 0xC0, 0x00, 0x00, 0x30, 0x00, 0x00, 0x0C, 0x00, 0x00, 0x02, 0x00, 0x00, 0x00, 0x00, 0x00, 0x00, 0x00, 0x00, 0x00, 0x00, 0x00, 0x00, 0x00, 0x00, 0x00, 0x00, 0x00, 0x00, 0x00, 0x00,  // Code for char Y
        0x09, 0x02, 0x60, 0x00, 0x02, 0x50, 0x00, 0x02, 0x4C, 0x00, 0x02, 0x42, 0x00, 0x82, 0x41, 0x00, 0x42, 0x40, 0x00, 0x32, 0x40, 0x00, 0x0A, 0x40, 0x00, 0x06, 0x40, 0x00, 0x00, 0x00, 0x00, 0x00, 0x00, 0x00, 0x00, 0x00, 0x00, 0x00, 0x00, 0x00, 0x00, 0x00, 0x00, 0x00, 0x00, 0x00,  // Code for char Z
        0x04, 0x00, 0x00, 0x00, 0xFE, 0xFF, 0x07, 0x02, 0x00, 0x04, 0x02, 0x00, 0x04, 0x00, 0x00, 0x00, 0x00, 0x00, 0x00, 0x00, 0x00, 0x00, 0x00, 0x00, 0x00, 0x00, 0x00, 0x00, 0x00, 0x00, 0x00, 0x00, 0x00, 0x00, 0x00, 0x00, 0x00, 0x00, 0x00, 0x00, 0x00, 0x00, 0x00, 0x00, 0x00, 0x00,  // Code for char [
        0x04, 0x06, 0x00, 0x00, 0xF8, 0x00, 0x00, 0x00, 0x1F, 0x00, 0x00, 0x60, 0x00, 0x00, 0x00, 0x00, 0x00, 0x00, 0x00, 0x00, 0x00, 0x00, 0x00, 0x00, 0x00, 0x00, 0x00, 0x00, 0x00, 0x00, 0x00, 0x00, 0x00, 0x00, 0x00, 0x00, 0x00, 0x00, 0x00, 0x00, 0x00, 0x00, 0x00, 0x00, 0x00, 0x00,  // Code for char BackSlash
        0x03, 0x02, 0x00, 0x04, 0x02, 0x00, 0x04, 0xFE, 0xFF, 0x07, 0x00, 0x00, 0x00, 0x00, 0x00, 0x00, 0x00, 0x00, 0x00, 0x00, 0x00, 0x00, 0x00, 0x00, 0x00, 0x00, 0x00, 0x00, 0x00, 0x00, 0x00, 0x00, 0x00, 0x00, 0x00, 0x00, 0x00, 0x00, 0x00, 0x00, 0x00, 0x00, 0x00, 0x00, 0x00, 0x00,  // Code for char ]
        0x07, 0x80, 0x00, 0x00, 0x60, 0x00, 0x00, 0x18, 0x00, 0x00, 0x06, 0x00, 0x00, 0x18, 0x00, 0x00, 0x60, 0x00, 0x00, 0x80, 0x00, 0x00, 0x00, 0x00, 0x00, 0x00, 0x00, 0x00, 0x00, 0x00, 0x00, 0x00, 0x00, 0x00, 0x00, 0x00, 0x00, 0x00, 0x00, 0x00, 0x00, 0x00, 0x00, 0x00, 0x00, 0x00,  // Code for char ^
        0x09, 0x00, 0x00, 0x01, 0x00, 0x00, 0x01, 0x00, 0x00, 0x01, 0x00, 0x00, 0x01, 0x00, 0x00, 0x01, 0x00, 0x00, 0x01, 0x00, 0x00, 0x01, 0x00, 0x00, 0x01, 0x00, 0x00, 0x01, 0x00, 0x00, 0x00, 0x00, 0x00, 0x00, 0x00, 0x00, 0x00, 0x00, 0x00, 0x00, 0x00, 0x00, 0x00, 0x00, 0x00, 0x00,  // Code for char _
        0x03, 0x00, 0x00, 0x00, 0x02, 0x00, 0x00, 0x0C, 0x00, 0x00, 0x00, 0x00, 0x00, 0x00, 0x00, 0x00, 0x00, 0x00, 0x00, 0x00, 0x00, 0x00, 0x00, 0x00, 0x00, 0x00, 0x00, 0x00, 0x00, 0x00, 0x00, 0x00, 0x00, 0x00, 0x00, 0x00, 0x00, 0x00, 0x00, 0x00, 0x00, 0x00, 0x00, 0x00, 0x00, 0x00,  // Code for char `
        0x08, 0x00, 0x00, 0x00, 0x80, 0x3C, 0x00, 0x40, 0x66, 0x00, 0x20, 0x42, 0x00, 0x20, 0x42, 0x00, 0x20, 0x42, 0x00, 0x20, 0x31, 0x00, 0xC0, 0x7F, 0x00, 0x00, 0x00, 0x00, 0x00, 0x00, 0x00, 0x00, 0x00, 0x00, 0x00, 0x00, 0x00, 0x00, 0x00, 0x00, 0x00, 0x00, 0x00, 0x00, 0x00, 0x00,  // Code for char a
        0x08, 0x00, 0x00, 0x00, 0xFE, 0x7F, 0x00, 0x40, 0x20, 0x00, 0x20, 0x40, 0x00, 0x20, 0x40, 0x00, 0x20, 0x40, 0x00, 0x40, 0x20, 0x00, 0x80, 0x1F, 0x00, 0x00, 0x00, 0x00, 0x00, 0x00, 0x00, 0x00, 0x00, 0x00, 0x00, 0x00, 0x00, 0x00, 0x00, 0x00, 0x00, 0x00, 0x00, 0x00, 0x00, 0x00,  // Code for char b
        0x07, 0x80, 0x1F, 0x00, 0x40, 0x20, 0x00, 0x20, 0x40, 0x00, 0x20, 0x40, 0x00, 0x20, 0x40, 0x00, 0x60, 0x20, 0x00, 0x80, 0x18, 0x00, 0x00, 0x00, 0x00, 0x00, 0x00, 0x00, 0x00, 0x00, 0x00, 0x00, 0x00, 0x00, 0x00, 0x00, 0x00, 0x00, 0x00, 0x00, 0x00, 0x00, 0x00, 0x00, 0x00, 0x00,  // Code for char c
        0x08, 0x00, 0x00, 0x00, 0x80, 0x1F, 0x00, 0x40, 0x20, 0x00, 0x20, 0x40, 0x00, 0x20, 0x40, 0x00, 0x20, 0x40, 0x00, 0x40, 0x20, 0x00, 0xFE, 0x7F, 0x00, 0x00, 0x00, 0x00, 0x00, 0x00, 0x00, 0x00, 0x00, 0x00, 0x00, 0x00, 0x00, 0x00, 0x00, 0x00, 0x00, 0x00, 0x00, 0x00, 0x00, 0x00,  // Code for char d
        0x08, 0x00, 0x00, 0x00, 0x80, 0x1F, 0x00, 0x40, 0x22, 0x00, 0x20, 0x42, 0x00, 0x20, 0x42, 0x00, 0x20, 0x42, 0x00, 0x40, 0x22, 0x00, 0x80, 0x13, 0x00, 0x00, 0x00, 0x00, 0x00, 0x00, 0x00, 0x00, 0x00, 0x00, 0x00, 0x00, 0x00, 0x00, 0x00, 0x00, 0x00, 0x00, 0x00, 0x00, 0x00, 0x00,  // Code for char e
        0x05, 0x20, 0x00, 0x00, 0xFC, 0x7F, 0x00, 0x22, 0x00, 0x00, 0x22, 0x00, 0x00, 0x02, 0x00, 0x00, 0x00, 0x00, 0x00, 0x00, 0x00, 0x00, 0x00, 0x00, 0x00, 0x00, 0x00, 0x00, 0x00, 0x00, 0x00, 0x00, 0x00, 0x00, 0x00, 0x00, 0x00, 0x00, 0x00, 0x00, 0x00, 0x00, 0x00, 0x00, 0x00, 0x00,  // Code for char f
        0x08, 0x00, 0x00, 0x00, 0x80, 0x1F, 0x03, 0x40, 0x20, 0x04, 0x20, 0x40, 0x04, 0x20, 0x40, 0x04, 0x20, 0x40, 0x04, 0x40, 0x20, 0x02, 0xE0, 0xFF, 0x01, 0x00, 0x00, 0x00, 0x00, 0x00, 0x00, 0x00, 0x00, 0x00, 0x00, 0x00, 0x00, 0x00, 0x00, 0x00, 0x00, 0x00, 0x00, 0x00, 0x00, 0x00,  // Code for char g
        0x08, 0x00, 0x00, 0x00, 0xFE, 0x7F, 0x00, 0x40, 0x00, 0x00, 0x20, 0x00, 0x00, 0x20, 0x00, 0x00, 0x20, 0x00, 0x00, 0x60, 0x00, 0x00, 0xC0, 0x7F, 0x00, 0x00, 0x00, 0x00, 0x00, 0x00, 0x00, 0x00, 0x00, 0x00, 0x00, 0x00, 0x00, 0x00, 0x00, 0x00, 0x00, 0x00, 0x00, 0x00, 0x00, 0x00,  // Code for char h
        0x02, 0x00, 0x00, 0x00, 0xE2, 0x7F, 0x00, 0x00, 0x00, 0x00, 0x00, 0x00, 0x00, 0x00, 0x00, 0x00, 0x00, 0x00, 0x00, 0x00, 0x00, 0x00, 0x00, 0x00, 0x00, 0x00, 0x00, 0x00, 0x00, 0x00, 0x00, 0x00, 0x00, 0x00, 0x00, 0x00, 0x00, 0x00, 0x00, 0x00, 0x00, 0x00, 0x00, 0x00, 0x00, 0x00,  // Code for char i
        0x02, 0x00, 0x00, 0x04, 0xE2, 0xFF, 0x07, 0x00, 0x00, 0x00, 0x00, 0x00, 0x00, 0x00, 0x00, 0x00, 0x00, 0x00, 0x00, 0x00, 0x00, 0x00, 0x00, 0x00, 0x00, 0x00, 0x00, 0x00, 0x00, 0x00, 0x00, 0x00, 0x00, 0x00, 0x00, 0x00, 0x00, 0x00, 0x00, 0x00, 0x00, 0x00, 0x00, 0x00, 0x00, 0x00,  // Code for char j
        0x07, 0x00, 0x00, 0x00, 0xFE, 0x7F, 0x00, 0x00, 0x02, 0x00, 0x00, 0x03, 0x00, 0x80, 0x04, 0x00, 0x40, 0x18, 0x00, 0x20, 0x60, 0x00, 0x00, 0x00, 0x00, 0x00, 0x00, 0x00, 0x00, 0x00, 0x00, 0x00, 0x00, 0x00, 0x00, 0x00, 0x00, 0x00, 0x00, 0x00, 0x00, 0x00, 0x00, 0x00, 0x00, 0x00,  // Code for char k
        0x02, 0x00, 0x00, 0x00, 0xFE, 0x7F, 0x00, 0x00, 0x00, 0x00, 0x00, 0x00, 0x00, 0x00, 0x00, 0x00, 0x00, 0x00, 0x00, 0x00, 0x00, 0x00, 0x00, 0x00, 0x00, 0x00, 0x00, 0x00, 0x00, 0x00, 0x00, 0x00, 0x00, 0x00, 0x00, 0x00, 0x00, 0x00, 0x00, 0x00, 0x00, 0x00, 0x00, 0x00, 0x00, 0x00,  // Code for char l
        0x0C, 0x00, 0x00, 0x00, 0xE0, 0x7F, 0x00, 0x40, 0x00, 0x00, 0x20, 0x00, 0x00, 0x20, 0x00, 0x00, 0x20, 0x00, 0x00, 0xC0, 0x7F, 0x00, 0x40, 0x00, 0x00, 0x20, 0x00, 0x00, 0x20, 0x00, 0x00, 0x20, 0x00, 0x00, 0xC0, 0x7F, 0x00, 0x00, 0x00, 0x00, 0x00, 0x00, 0x00, 0x00, 0x00, 0x00,  // Code for char m
        0x08, 0x00, 0x00, 0x00, 0xE0, 0x7F, 0x00, 0x40, 0x00, 0x00, 0x20, 0x00, 0x00, 0x20, 0x00, 0x00, 0x20, 0x00, 0x00, 0x60, 0x00, 0x00, 0xC0, 0x7F, 0x00, 0x00, 0x00, 0x00, 0x00, 0x00, 0x00, 0x00, 0x00, 0x00, 0x00, 0x00, 0x00, 0x00, 0x00, 0x00, 0x00, 0x00, 0x00, 0x00, 0x00, 0x00,  // Code for char n
        0x08, 0x00, 0x00, 0x00, 0x80, 0x1F, 0x00, 0x40, 0x20, 0x00, 0x20, 0x40, 0x00, 0x20, 0x40, 0x00, 0x20, 0x40, 0x00, 0x40, 0x20, 0x00, 0x80, 0x1F, 0x00, 0x00, 0x00, 0x00, 0x00, 0x00, 0x00, 0x00, 0x00, 0x00, 0x00, 0x00, 0x00, 0x00, 0x00, 0x00, 0x00, 0x00, 0x00, 0x00, 0x00, 0x00,  // Code for char o
        0x08, 0x00, 0x00, 0x00, 0xE0, 0xFF, 0x07, 0x40, 0x20, 0x00, 0x20, 0x40, 0x00, 0x20, 0x40, 0x00, 0x20, 0x40, 0x00, 0x40, 0x20, 0x00, 0x80, 0x1F, 0x00, 0x00, 0x00, 0x00, 0x00, 0x00, 0x00, 0x00, 0x00, 0x00, 0x00, 0x00, 0x00, 0x00, 0x00, 0x00, 0x00, 0x00, 0x00, 0x00, 0x00, 0x00,  // Code for char p
        0x08, 0x00, 0x00, 0x00, 0x80, 0x1F, 0x00, 0x40, 0x20, 0x00, 0x20, 0x40, 0x00, 0x20, 0x40, 0x00, 0x20, 0x40, 0x00, 0x40, 0x20, 0x00, 0xE0, 0xFF, 0x07, 0x00, 0x00, 0x00, 0x00, 0x00, 0x00, 0x00, 0x00, 0x00, 0x00, 0x00, 0x00, 0x00, 0x00, 0x00, 0x00, 0x00, 0x00, 0x00, 0x00, 0x00,  // Code for char q
        0x05, 0x00, 0x00, 0x00, 0xE0, 0x7F, 0x00, 0x40, 0x00, 0x00, 0x20, 0x00, 0x00, 0x60, 0x00, 0x00, 0x00, 0x00, 0x00, 0x00, 0x00, 0x00, 0x00, 0x00, 0x00, 0x00, 0x00, 0x00, 0x00, 0x00, 0x00, 0x00, 0x00, 0x00, 0x00, 0x00, 0x00, 0x00, 0x00, 0x00, 0x00, 0x00, 0x00, 0x00, 0x00, 0x00,  // Code for char r
        0x07, 0x00, 0x00, 0x00, 0xC0, 0x31, 0x00, 0x20, 0x42, 0x00, 0x20, 0x42, 0x00, 0x20, 0x44, 0x00, 0x20, 0x44, 0x00, 0xC0, 0x38, 0x00, 0x00, 0x00, 0x00, 0x00, 0x00, 0x00, 0x00, 0x00, 0x00, 0x00, 0x00, 0x00, 0x00, 0x00, 0x00, 0x00, 0x00, 0x00, 0x00, 0x00, 0x00, 0x00, 0x00, 0x00,  // Code for char s
        0x03, 0x20, 0x00, 0x00, 0xFC, 0x7F, 0x00, 0x20, 0x40, 0x00, 0x00, 0x00, 0x00, 0x00, 0x00, 0x00, 0x00, 0x00, 0x00, 0x00, 0x00, 0x00, 0x00, 0x00, 0x00, 0x00, 0x00, 0x00, 0x00, 0x00, 0x00, 0x00, 0x00, 0x00, 0x00, 0x00, 0x00, 0x00, 0x00, 0x00, 0x00, 0x00, 0x00, 0x00, 0x00, 0x00,  // Code for char t
        0x08, 0x00, 0x00, 0x00, 0xE0, 0x3F, 0x00, 0x00, 0x60, 0x00, 0x00, 0x40, 0x00, 0x00, 0x40, 0x00, 0x00, 0x40, 0x00, 0x00, 0x20, 0x00, 0xE0, 0x7F, 0x00, 0x00, 0x00, 0x00, 0x00, 0x00, 0x00, 0x00, 0x00, 0x00, 0x00, 0x00, 0x00, 0x00, 0x00, 0x00, 0x00, 0x00, 0x00, 0x00, 0x00, 0x00,  // Code for char u
        0x07, 0x60, 0x00, 0x00, 0x80, 0x03, 0x00, 0x00, 0x3C, 0x00, 0x00, 0x40, 0x00, 0x00, 0x3C, 0x00, 0x80, 0x03, 0x00, 0x60, 0x00, 0x00, 0x00, 0x00, 0x00, 0x00, 0x00, 0x00, 0x00, 0x00, 0x00, 0x00, 0x00, 0x00, 0x00, 0x00, 0x00, 0x00, 0x00, 0x00, 0x00, 0x00, 0x00, 0x00, 0x00, 0x00,  // Code for char v
        0x0B, 0x60, 0x00, 0x00, 0x80, 0x03, 0x00, 0x00, 0x1C, 0x00, 0x00, 0x60, 0x00, 0x80, 0x1F, 0x00, 0x60, 0x00, 0x00, 0x80, 0x1F, 0x00, 0x00, 0x60, 0x00, 0x00, 0x1C, 0x00, 0x80, 0x03, 0x00, 0x60, 0x00, 0x00, 0x00, 0x00, 0x00, 0x00, 0x00, 0x00, 0x00, 0x00, 0x00, 0x00, 0x00, 0x00,  // Code for char w
        0x07, 0x20, 0x40, 0x00, 0xC0, 0x30, 0x00, 0x00, 0x09, 0x00, 0x00, 0x06, 0x00, 0x00, 0x09, 0x00, 0xC0, 0x30, 0x00, 0x20, 0x40, 0x00, 0x00, 0x00, 0x00, 0x00, 0x00, 0x00, 0x00, 0x00, 0x00, 0x00, 0x00, 0x00, 0x00, 0x00, 0x00, 0x00, 0x00, 0x00, 0x00, 0x00, 0x00, 0x00, 0x00, 0x00,  // Code for char x
        0x07, 0x60, 0x00, 0x04, 0x80, 0x03, 0x04, 0x00, 0x3C, 0x02, 0x00, 0xC0, 0x01, 0x00, 0x3C, 0x00, 0x80, 0x03, 0x00, 0x60, 0x00, 0x00, 0x00, 0x00, 0x00, 0x00, 0x00, 0x00, 0x00, 0x00, 0x00, 0x00, 0x00, 0x00, 0x00, 0x00, 0x00, 0x00, 0x00, 0x00, 0x00, 0x00, 0x00, 0x00, 0x00, 0x00,  // Code for char y
        0x07, 0x20, 0x60, 0x00, 0x20, 0x50, 0x00, 0x20, 0x48, 0x00, 0x20, 0x46, 0x00, 0x20, 0x41, 0x00, 0xA0, 0x40, 0x00, 0x60, 0x40, 0x00, 0x00, 0x00, 0x00, 0x00, 0x00, 0x00, 0x00, 0x00, 0x00, 0x00, 0x00, 0x00, 0x00, 0x00, 0x00, 0x00, 0x00, 0x00, 0x00, 0x00, 0x00, 0x00, 0x00, 0x00,  // Code for char z
        0x05, 0x00, 0x04, 0x00, 0x00, 0x0E, 0x00, 0xFC, 0xFB, 0x03, 0x02, 0x00, 0x04, 0x02, 0x00, 0x04, 0x00, 0x00, 0x00, 0x00, 0x00, 0x00, 0x00, 0x00, 0x00, 0x00, 0x00, 0x00, 0x00, 0x00, 0x00, 0x00, 0x00, 0x00, 0x00, 0x00, 0x00, 0x00, 0x00, 0x00, 0x00, 0x00, 0x00, 0x00, 0x00, 0x00,  // Code for char {
        0x02, 0x00, 0x00, 0x00, 0xFE, 0xFF, 0x07, 0x00, 0x00, 0x00, 0x00, 0x00, 0x00, 0x00, 0x00, 0x00, 0x00, 0x00, 0x00, 0x00, 0x00, 0x00, 0x00, 0x00, 0x00, 0x00, 0x00, 0x00, 0x00, 0x00, 0x00, 0x00, 0x00, 0x00, 0x00, 0x00, 0x00, 0x00, 0x00, 0x00, 0x00, 0x00, 0x00, 0x00, 0x00, 0x00,  // Code for char |
        0x05, 0x02, 0x00, 0x04, 0x02, 0x00, 0x04, 0xFC, 0xFB, 0x03, 0x00, 0x0E, 0x00, 0x00, 0x04, 0x00, 0x00, 0x00, 0x00, 0x00, 0x00, 0x00, 0x00, 0x00, 0x00, 0x00, 0x00, 0x00, 0x00, 0x00, 0x00, 0x00, 0x00, 0x00, 0x00, 0x00, 0x00, 0x00, 0x00, 0x00, 0x00, 0x00, 0x00, 0x00, 0x00, 0x00,  // Code for char }
        0x08, 0x00, 0x01, 0x00, 0x80, 0x00, 0x00, 0x80, 0x00, 0x00, 0x80, 0x00, 0x00, 0x00, 0x01, 0x00, 0x00, 0x01, 0x00, 0x00, 0x01, 0x00, 0x80, 0x01, 0x00, 0x00, 0x00, 0x00, 0x00, 0x00, 0x00, 0x00, 0x00, 0x00, 0x00, 0x00, 0x00, 0x00, 0x00, 0x00, 0x00, 0x00, 0x00, 0x00, 0x00, 0x00,  // Code for char ~
        0x05, 0xFE, 0x3F, 0x00, 0x02, 0x20, 0x00, 0x02, 0x20, 0x00, 0x02, 0x20, 0x00, 0xFE, 0x3F, 0x00, 0x00, 0x00, 0x00, 0x00, 0x00, 0x00, 0x00, 0x00, 0x00, 0x00, 0x00, 0x00, 0x00, 0x00, 0x00, 0x00, 0x00, 0x00, 0x00, 0x00, 0x00, 0x00, 0x00, 0x00, 0x00, 0x00, 0x00, 0x00, 0x00, 0x00   // Code for char 
        };


const unsigned char Arial24x23[] = {
        73,24,23,3,
        0x0D, 0x00, 0x00, 0x00, 0x00, 0x00, 0x00, 0x00, 0x00, 0x00, 0x00, 0x00, 0x00, 0x00, 0x00, 0x00, 0x00, 0x00, 0x00, 0x00, 0x00, 0x00, 0x00, 0x00, 0x00, 0x00, 0x00, 0x00, 0x00, 0x00, 0x00, 0x00, 0x00, 0x00, 0x00, 0x00, 0x00, 0x00, 0x00, 0x00, 0x00, 0x00, 0x00, 0x00, 0x00, 0x00, 0x00, 0x00, 0x00, 0x00, 0x00, 0x00, 0x00, 0x00, 0x00, 0x00, 0x00, 0x00, 0x00, 0x00, 0x00, 0x00, 0x00, 0x00, 0x00, 0x00, 0x00, 0x00, 0x00, 0x00, 0x00, 0x00, 0x00,  // Code for char
        0x0A, 0x00, 0x00, 0x00, 0x00, 0x00, 0x00, 0x00, 0x00, 0x02, 0x00, 0x00, 0x03, 0x00, 0x30, 0x01, 0x00, 0x0F, 0x00, 0xE0, 0x03, 0x00, 0x7C, 0x00, 0x00, 0x1E, 0x00, 0x00, 0x02, 0x00, 0x00, 0x00, 0x00, 0x00, 0x00, 0x00, 0x00, 0x00, 0x00, 0x00, 0x00, 0x00, 0x00, 0x00, 0x00, 0x00, 0x00, 0x00, 0x00, 0x00, 0x00, 0x00, 0x00, 0x00, 0x00, 0x00, 0x00, 0x00, 0x00, 0x00, 0x00, 0x00, 0x00, 0x00, 0x00, 0x00, 0x00, 0x00, 0x00, 0x00, 0x00, 0x00, 0x00,  // Code for char !
        0x0D, 0x00, 0x00, 0x00, 0x00, 0x00, 0x00, 0x00, 0x00, 0x00, 0x00, 0x00, 0x00, 0x00, 0x00, 0x00, 0x40, 0x00, 0x00, 0x7C, 0x00, 0x00, 0x0E, 0x00, 0x00, 0x02, 0x00, 0x00, 0x40, 0x00, 0x00, 0x7C, 0x00, 0x00, 0x0E, 0x00, 0x00, 0x02, 0x00, 0x00, 0x00, 0x00, 0x00, 0x00, 0x00, 0x00, 0x00, 0x00, 0x00, 0x00, 0x00, 0x00, 0x00, 0x00, 0x00, 0x00, 0x00, 0x00, 0x00, 0x00, 0x00, 0x00, 0x00, 0x00, 0x00, 0x00, 0x00, 0x00, 0x00, 0x00, 0x00, 0x00, 0x00,  // Code for char "
        0x11, 0x00, 0x00, 0x00, 0x00, 0x00, 0x02, 0x00, 0x98, 0x03, 0x80, 0xF8, 0x01, 0xC0, 0x78, 0x00, 0xC0, 0x1E, 0x00, 0xC0, 0x1F, 0x02, 0xE0, 0x99, 0x03, 0xF8, 0xF8, 0x01, 0xDE, 0x78, 0x00, 0xC6, 0x1E, 0x00, 0xC2, 0x1F, 0x00, 0xE0, 0x19, 0x00, 0xF8, 0x18, 0x00, 0xDE, 0x00, 0x00, 0xC6, 0x00, 0x00, 0x02, 0x00, 0x00, 0x00, 0x00, 0x00, 0x00, 0x00, 0x00, 0x00, 0x00, 0x00, 0x00, 0x00, 0x00, 0x00, 0x00, 0x00, 0x00, 0x00, 0x00, 0x00, 0x00, 0x00,  // Code for char #
        0x10, 0x00, 0x00, 0x00, 0x00, 0x00, 0x00, 0x00, 0x00, 0x00, 0x00, 0xF0, 0x01, 0x00, 0xF0, 0x03, 0xE0, 0x80, 0x0B, 0xF8, 0x01, 0x07, 0x9C, 0xC3, 0x03, 0x0C, 0x3B, 0x03, 0x06, 0x87, 0x01, 0xE6, 0x87, 0x01, 0x1E, 0xC6, 0x00, 0x07, 0x7E, 0x00, 0x0E, 0x3C, 0x00, 0x3E, 0x00, 0x00, 0x3C, 0x00, 0x00, 0x00, 0x00, 0x00, 0x00, 0x00, 0x00, 0x00, 0x00, 0x00, 0x00, 0x00, 0x00, 0x00, 0x00, 0x00, 0x00, 0x00, 0x00, 0x00, 0x00, 0x00, 0x00, 0x00, 0x00,  // Code for char $
        0x16, 0x00, 0x00, 0x00, 0x00, 0x00, 0x00, 0x00, 0x00, 0x00, 0x00, 0x00, 0x00, 0x00, 0x00, 0x04, 0x00, 0x00, 0x04, 0xE0, 0x01, 0x06, 0xF8, 0x83, 0x03, 0x1C, 0xC2, 0x01, 0x06, 0x62, 0x00, 0x82, 0x31, 0x00, 0xE2, 0x18, 0x00, 0x7E, 0x0C, 0x00, 0x1C, 0xC6, 0x03, 0x80, 0xF3, 0x07, 0xC0, 0x39, 0x04, 0x60, 0x0C, 0x04, 0x30, 0x04, 0x03, 0x18, 0xE4, 0x01, 0x0C, 0xFC, 0x00, 0x06, 0x10, 0x00, 0x02, 0x00, 0x00, 0x00, 0x00, 0x00, 0x00, 0x00, 0x00,  // Code for char %
        0x11, 0x00, 0x00, 0x00, 0x00, 0x00, 0x00, 0x00, 0xC0, 0x00, 0x00, 0xF0, 0x01, 0x00, 0xF8, 0x03, 0x00, 0x0C, 0x03, 0x00, 0x06, 0x03, 0x60, 0x02, 0x03, 0xF8, 0x03, 0x03, 0xDC, 0x87, 0x01, 0x8C, 0x8F, 0x01, 0xC6, 0xFC, 0x00, 0xC6, 0xF0, 0x00, 0x6E, 0xF0, 0x03, 0x3E, 0x98, 0x01, 0x1C, 0x0C, 0x01, 0x00, 0x04, 0x00, 0x00, 0x00, 0x00, 0x00, 0x00, 0x00, 0x00, 0x00, 0x00, 0x00, 0x00, 0x00, 0x00, 0x00, 0x00, 0x00, 0x00, 0x00, 0x00, 0x00, 0x00,  // Code for char &
        0x09, 0x00, 0x00, 0x00, 0x00, 0x00, 0x00, 0x00, 0x00, 0x00, 0x00, 0x00, 0x00, 0x00, 0x00, 0x00, 0x40, 0x00, 0x00, 0x7C, 0x00, 0x00, 0x0E, 0x00, 0x00, 0x02, 0x00, 0x00, 0x00, 0x00, 0x00, 0x00, 0x00, 0x00, 0x00, 0x00, 0x00, 0x00, 0x00, 0x00, 0x00, 0x00, 0x00, 0x00, 0x00, 0x00, 0x00, 0x00, 0x00, 0x00, 0x00, 0x00, 0x00, 0x00, 0x00, 0x00, 0x00, 0x00, 0x00, 0x00, 0x00, 0x00, 0x00, 0x00, 0x00, 0x00, 0x00, 0x00, 0x00, 0x00, 0x00, 0x00, 0x00,  // Code for char '
        0x17, 0x00, 0x00, 0x00, 0x00, 0x00, 0x00, 0x00, 0x00, 0x00, 0x00, 0x00, 0x00, 0x00, 0x00, 0x00, 0x00, 0x00, 0x00, 0x00, 0x00, 0x00, 0x00, 0x00, 0x00, 0x00, 0x00, 0x00, 0x00, 0x00, 0x00, 0x00, 0x00, 0x00, 0x00, 0x00, 0x00, 0x00, 0x00, 0x00, 0x00, 0x00, 0x00, 0x00, 0xF8, 0x1F, 0x00, 0x1F, 0x3C, 0x80, 0x03, 0x10, 0xE0, 0x00, 0x00, 0x30, 0x00, 0x00, 0x18, 0x00, 0x00, 0x0C, 0x00, 0x00, 0x06, 0x00, 0x00, 0x03, 0x00, 0x00, 0x00, 0x00, 0x00,  // Code for char (
        0x09, 0x00, 0x00, 0x18, 0x00, 0x00, 0x0C, 0x00, 0x00, 0x06, 0x00, 0x00, 0x03, 0x00, 0xC0, 0x01, 0x02, 0xF0, 0x00, 0x0F, 0x3E, 0x00, 0xFE, 0x0F, 0x00, 0x60, 0x00, 0x00, 0x00, 0x00, 0x00, 0x00, 0x00, 0x00, 0x00, 0x00, 0x00, 0x00, 0x00, 0x00, 0x00, 0x00, 0x00, 0x00, 0x00, 0x00, 0x00, 0x00, 0x00, 0x00, 0x00, 0x00, 0x00, 0x00, 0x00, 0x00, 0x00, 0x00, 0x00, 0x00, 0x00, 0x00, 0x00, 0x00, 0x00, 0x00, 0x00, 0x00, 0x00, 0x00, 0x00, 0x00, 0x00,  // Code for char )
        0x0E, 0x00, 0x00, 0x00, 0x00, 0x00, 0x00, 0x00, 0x00, 0x00, 0x00, 0x00, 0x00, 0x00, 0x00, 0x00, 0x90, 0x00, 0x00, 0xD8, 0x00, 0x00, 0x58, 0x00, 0x00, 0x30, 0x00, 0x00, 0x3C, 0x00, 0x00, 0xFE, 0x00, 0x00, 0x52, 0x00, 0x00, 0x18, 0x00, 0x00, 0x08, 0x00, 0x00, 0x00, 0x00, 0x00, 0x00, 0x00, 0x00, 0x00, 0x00, 0x00, 0x00, 0x00, 0x00, 0x00, 0x00, 0x00, 0x00, 0x00, 0x00, 0x00, 0x00, 0x00, 0x00, 0x00, 0x00, 0x00, 0x00, 0x00, 0x00, 0x00, 0x00,  // Code for char *
        0x10, 0x00, 0x00, 0x00, 0x00, 0x00, 0x00, 0x00, 0x00, 0x00, 0x00, 0x04, 0x00, 0x00, 0x06, 0x00, 0x00, 0x06, 0x00, 0x00, 0x06, 0x00, 0x00, 0xC6, 0x00, 0x00, 0xFE, 0x00, 0x00, 0x3F, 0x00, 0xE0, 0x07, 0x00, 0xF0, 0x06, 0x00, 0x10, 0x06, 0x00, 0x00, 0x06, 0x00, 0x00, 0x06, 0x00, 0x00, 0x06, 0x00, 0x00, 0x00, 0x00, 0x00, 0x00, 0x00, 0x00, 0x00, 0x00, 0x00, 0x00, 0x00, 0x00, 0x00, 0x00, 0x00, 0x00, 0x00, 0x00, 0x00, 0x00, 0x00, 0x00, 0x00,  // Code for char +
        0x05, 0x00, 0x00, 0x00, 0x00, 0x00, 0x10, 0x00, 0x00, 0x0A, 0x00, 0x00, 0x07, 0x00, 0x00, 0x01, 0x00, 0x00, 0x00, 0x00, 0x00, 0x00, 0x00, 0x00, 0x00, 0x00, 0x00, 0x00, 0x00, 0x00, 0x00, 0x00, 0x00, 0x00, 0x00, 0x00, 0x00, 0x00, 0x00, 0x00, 0x00, 0x00, 0x00, 0x00, 0x00, 0x00, 0x00, 0x00, 0x00, 0x00, 0x00, 0x00, 0x00, 0x00, 0x00, 0x00, 0x00, 0x00, 0x00, 0x00, 0x00, 0x00, 0x00, 0x00, 0x00, 0x00, 0x00, 0x00, 0x00, 0x00, 0x00, 0x00, 0x00,  // Code for char ,
        0x09, 0x00, 0x00, 0x00, 0x00, 0x00, 0x00, 0x00, 0x00, 0x00, 0x00, 0x18, 0x00, 0x00, 0x18, 0x00, 0x00, 0x18, 0x00, 0x00, 0x18, 0x00, 0x00, 0x18, 0x00, 0x00, 0x18, 0x00, 0x00, 0x00, 0x00, 0x00, 0x00, 0x00, 0x00, 0x00, 0x00, 0x00, 0x00, 0x00, 0x00, 0x00, 0x00, 0x00, 0x00, 0x00, 0x00, 0x00, 0x00, 0x00, 0x00, 0x00, 0x00, 0x00, 0x00, 0x00, 0x00, 0x00, 0x00, 0x00, 0x00, 0x00, 0x00, 0x00, 0x00, 0x00, 0x00, 0x00, 0x00, 0x00, 0x00, 0x00, 0x00,  // Code for char -
        0x05, 0x00, 0x00, 0x00, 0x00, 0x00, 0x00, 0x00, 0x00, 0x02, 0x00, 0x00, 0x03, 0x00, 0x00, 0x01, 0x00, 0x00, 0x00, 0x00, 0x00, 0x00, 0x00, 0x00, 0x00, 0x00, 0x00, 0x00, 0x00, 0x00, 0x00, 0x00, 0x00, 0x00, 0x00, 0x00, 0x00, 0x00, 0x00, 0x00, 0x00, 0x00, 0x00, 0x00, 0x00, 0x00, 0x00, 0x00, 0x00, 0x00, 0x00, 0x00, 0x00, 0x00, 0x00, 0x00, 0x00, 0x00, 0x00, 0x00, 0x00, 0x00, 0x00, 0x00, 0x00, 0x00, 0x00, 0x00, 0x00, 0x00, 0x00, 0x00, 0x00,  // Code for char .
        0x0D, 0x00, 0x00, 0x02, 0x00, 0x00, 0x03, 0x00, 0xC0, 0x01, 0x00, 0xF0, 0x00, 0x00, 0x38, 0x00, 0x00, 0x0E, 0x00, 0x00, 0x07, 0x00, 0xC0, 0x01, 0x00, 0xE0, 0x00, 0x00, 0x38, 0x00, 0x00, 0x1E, 0x00, 0x00, 0x06, 0x00, 0x00, 0x02, 0x00, 0x00, 0x00, 0x00, 0x00, 0x00, 0x00, 0x00, 0x00, 0x00, 0x00, 0x00, 0x00, 0x00, 0x00, 0x00, 0x00, 0x00, 0x00, 0x00, 0x00, 0x00, 0x00, 0x00, 0x00, 0x00, 0x00, 0x00, 0x00, 0x00, 0x00, 0x00, 0x00, 0x00, 0x00,  // Code for char /
        0x11, 0x00, 0x00, 0x00, 0x00, 0x00, 0x00, 0x00, 0x00, 0x00, 0x00, 0xF8, 0x01, 0x00, 0xFF, 0x03, 0xC0, 0x87, 0x03, 0xF0, 0x00, 0x03, 0x38, 0x00, 0x03, 0x0C, 0x00, 0x03, 0x0C, 0x80, 0x01, 0x06, 0xC0, 0x01, 0x06, 0xE0, 0x00, 0x06, 0x38, 0x00, 0x8E, 0x1F, 0x00, 0xFC, 0x07, 0x00, 0x78, 0x00, 0x00, 0x00, 0x00, 0x00, 0x00, 0x00, 0x00, 0x00, 0x00, 0x00, 0x00, 0x00, 0x00, 0x00, 0x00, 0x00, 0x00, 0x00, 0x00, 0x00, 0x00, 0x00, 0x00, 0x00, 0x00,  // Code for char 0
        0x11, 0x00, 0x00, 0x00, 0x00, 0x00, 0x00, 0x00, 0x00, 0x00, 0x00, 0x00, 0x00, 0x00, 0x00, 0x00, 0x00, 0x00, 0x00, 0x00, 0x00, 0x00, 0x60, 0x00, 0x02, 0x20, 0xC0, 0x03, 0x30, 0xF8, 0x01, 0x10, 0x3F, 0x00, 0xE8, 0x07, 0x00, 0xFC, 0x00, 0x00, 0x1E, 0x00, 0x00, 0x02, 0x00, 0x00, 0x00, 0x00, 0x00, 0x00, 0x00, 0x00, 0x00, 0x00, 0x00, 0x00, 0x00, 0x00, 0x00, 0x00, 0x00, 0x00, 0x00, 0x00, 0x00, 0x00, 0x00, 0x00, 0x00, 0x00, 0x00, 0x00, 0x00,  // Code for char 1
        0x11, 0x00, 0x00, 0x00, 0x00, 0x00, 0x02, 0x00, 0x00, 0x03, 0x00, 0x80, 0x03, 0x00, 0xC0, 0x03, 0x20, 0x60, 0x03, 0x30, 0x30, 0x03, 0x18, 0x30, 0x03, 0x0C, 0x18, 0x03, 0x04, 0x0C, 0x03, 0x06, 0x0C, 0x03, 0x06, 0x06, 0x03, 0x06, 0x03, 0x01, 0x86, 0x01, 0x00, 0xFE, 0x00, 0x00, 0x7C, 0x00, 0x00, 0x00, 0x00, 0x00, 0x00, 0x00, 0x00, 0x00, 0x00, 0x00, 0x00, 0x00, 0x00, 0x00, 0x00, 0x00, 0x00, 0x00, 0x00, 0x00, 0x00, 0x00, 0x00, 0x00, 0x00,  // Code for char 2
        0x11, 0x00, 0x00, 0x00, 0x00, 0x00, 0x00, 0x00, 0x40, 0x00, 0x00, 0xE0, 0x01, 0x00, 0xE0, 0x03, 0x20, 0x00, 0x03, 0x30, 0x00, 0x03, 0x18, 0x00, 0x03, 0x0C, 0x03, 0x03, 0x06, 0x03, 0x01, 0x06, 0x83, 0x01, 0x86, 0xE7, 0x00, 0x86, 0x7E, 0x00, 0xFE, 0x1C, 0x00, 0x7C, 0x00, 0x00, 0x10, 0x00, 0x00, 0x00, 0x00, 0x00, 0x00, 0x00, 0x00, 0x00, 0x00, 0x00, 0x00, 0x00, 0x00, 0x00, 0x00, 0x00, 0x00, 0x00, 0x00, 0x00, 0x00, 0x00, 0x00, 0x00, 0x00,  // Code for char 3
        0x11, 0x00, 0x00, 0x00, 0x00, 0x20, 0x00, 0x00, 0x30, 0x00, 0x00, 0x38, 0x00, 0x00, 0x3C, 0x00, 0x00, 0x36, 0x00, 0x00, 0x33, 0x00, 0x80, 0x31, 0x00, 0xC0, 0x30, 0x02, 0x60, 0xF0, 0x03, 0x30, 0xF8, 0x01, 0x18, 0x3F, 0x00, 0xEC, 0x37, 0x00, 0xFC, 0x30, 0x00, 0x1E, 0x00, 0x00, 0x02, 0x00, 0x00, 0x00, 0x00, 0x00, 0x00, 0x00, 0x00, 0x00, 0x00, 0x00, 0x00, 0x00, 0x00, 0x00, 0x00, 0x00, 0x00, 0x00, 0x00, 0x00, 0x00, 0x00, 0x00, 0x00, 0x00,  // Code for char 4
        0x11, 0x00, 0x00, 0x00, 0x00, 0x00, 0x00, 0x00, 0x40, 0x00, 0x00, 0xE0, 0x01, 0x00, 0xE1, 0x03, 0xC0, 0x01, 0x03, 0xF0, 0x01, 0x03, 0xBE, 0x00, 0x03, 0xCE, 0x00, 0x03, 0xC6, 0x80, 0x01, 0xC6, 0xC0, 0x01, 0xC6, 0xE1, 0x00, 0xC6, 0x7F, 0x00, 0x86, 0x1F, 0x00, 0x06, 0x02, 0x00, 0x06, 0x00, 0x00, 0x02, 0x00, 0x00, 0x00, 0x00, 0x00, 0x00, 0x00, 0x00, 0x00, 0x00, 0x00, 0x00, 0x00, 0x00, 0x00, 0x00, 0x00, 0x00, 0x00, 0x00, 0x00, 0x00, 0x00,  // Code for char 5
        0x11, 0x00, 0x00, 0x00, 0x00, 0x00, 0x00, 0x00, 0x00, 0x00, 0x00, 0xF8, 0x01, 0x00, 0xFF, 0x01, 0xC0, 0x87, 0x03, 0xF0, 0x02, 0x03, 0x38, 0x03, 0x03, 0x9C, 0x01, 0x03, 0x8C, 0x81, 0x01, 0x86, 0x81, 0x01, 0x86, 0xE3, 0x00, 0x86, 0x7F, 0x00, 0x06, 0x1F, 0x00, 0x1E, 0x00, 0x00, 0x1C, 0x00, 0x00, 0x18, 0x00, 0x00, 0x00, 0x00, 0x00, 0x00, 0x00, 0x00, 0x00, 0x00, 0x00, 0x00, 0x00, 0x00, 0x00, 0x00, 0x00, 0x00, 0x00, 0x00, 0x00, 0x00, 0x00,  // Code for char 6
        0x11, 0x00, 0x00, 0x00, 0x00, 0x00, 0x00, 0x00, 0x00, 0x00, 0x00, 0x00, 0x02, 0x00, 0x80, 0x03, 0x00, 0xE0, 0x01, 0x04, 0x70, 0x00, 0x06, 0x3C, 0x00, 0x06, 0x0E, 0x00, 0x06, 0x07, 0x00, 0x86, 0x01, 0x00, 0xC6, 0x00, 0x00, 0x66, 0x00, 0x00, 0x36, 0x00, 0x00, 0x1E, 0x00, 0x00, 0x0E, 0x00, 0x00, 0x06, 0x00, 0x00, 0x02, 0x00, 0x00, 0x00, 0x00, 0x00, 0x00, 0x00, 0x00, 0x00, 0x00, 0x00, 0x00, 0x00, 0x00, 0x00, 0x00, 0x00, 0x00, 0x00, 0x00,  // Code for char 7
        0x11, 0x00, 0x00, 0x00, 0x00, 0x00, 0x00, 0x00, 0xC0, 0x00, 0x00, 0xF8, 0x01, 0x00, 0xFC, 0x03, 0x00, 0x0C, 0x03, 0xE0, 0x06, 0x03, 0xF8, 0x03, 0x03, 0x9C, 0x03, 0x03, 0x0C, 0x83, 0x01, 0x06, 0x83, 0x01, 0x06, 0xE7, 0x00, 0x86, 0x7F, 0x00, 0xFE, 0x3C, 0x00, 0x7C, 0x00, 0x00, 0x08, 0x00, 0x00, 0x00, 0x00, 0x00, 0x00, 0x00, 0x00, 0x00, 0x00, 0x00, 0x00, 0x00, 0x00, 0x00, 0x00, 0x00, 0x00, 0x00, 0x00, 0x00, 0x00, 0x00, 0x00, 0x00, 0x00,  // Code for char 8
        0x11, 0x00, 0x00, 0x00, 0x00, 0x00, 0x00, 0x00, 0xC0, 0x01, 0x00, 0xC0, 0x01, 0x00, 0x81, 0x03, 0xE0, 0x07, 0x03, 0xF0, 0x0F, 0x03, 0x18, 0x0C, 0x03, 0x0C, 0x0C, 0x03, 0x0C, 0x8C, 0x01, 0x06, 0xC4, 0x00, 0x06, 0x66, 0x00, 0x06, 0x3A, 0x00, 0x8E, 0x1F, 0x00, 0xFC, 0x07, 0x00, 0xF8, 0x00, 0x00, 0x00, 0x00, 0x00, 0x00, 0x00, 0x00, 0x00, 0x00, 0x00, 0x00, 0x00, 0x00, 0x00, 0x00, 0x00, 0x00, 0x00, 0x00, 0x00, 0x00, 0x00, 0x00, 0x00, 0x00,  // Code for char 9
        0x0A, 0x00, 0x00, 0x00, 0x00, 0x00, 0x00, 0x00, 0x00, 0x02, 0x00, 0x00, 0x03, 0x00, 0x00, 0x01, 0x80, 0x00, 0x00, 0xC0, 0x00, 0x00, 0xC0, 0x00, 0x00, 0x00, 0x00, 0x00, 0x00, 0x00, 0x00, 0x00, 0x00, 0x00, 0x00, 0x00, 0x00, 0x00, 0x00, 0x00, 0x00, 0x00, 0x00, 0x00, 0x00, 0x00, 0x00, 0x00, 0x00, 0x00, 0x00, 0x00, 0x00, 0x00, 0x00, 0x00, 0x00, 0x00, 0x00, 0x00, 0x00, 0x00, 0x00, 0x00, 0x00, 0x00, 0x00, 0x00, 0x00, 0x00, 0x00, 0x00, 0x00,  // Code for char :
        0x08, 0x00, 0x00, 0x00, 0x00, 0x00, 0x10, 0x00, 0x00, 0x0A, 0x00, 0x00, 0x07, 0x00, 0x00, 0x01, 0x80, 0x00, 0x00, 0xC0, 0x00, 0x00, 0xC0, 0x00, 0x00, 0x00, 0x00, 0x00, 0x00, 0x00, 0x00, 0x00, 0x00, 0x00, 0x00, 0x00, 0x00, 0x00, 0x00, 0x00, 0x00, 0x00, 0x00, 0x00, 0x00, 0x00, 0x00, 0x00, 0x00, 0x00, 0x00, 0x00, 0x00, 0x00, 0x00, 0x00, 0x00, 0x00, 0x00, 0x00, 0x00, 0x00, 0x00, 0x00, 0x00, 0x00, 0x00, 0x00, 0x00, 0x00, 0x00, 0x00, 0x00,  // Code for char ;
        0x11, 0x00, 0x00, 0x00, 0x00, 0x00, 0x00, 0x00, 0x00, 0x00, 0x00, 0x00, 0x00, 0x00, 0x00, 0x00, 0x00, 0x07, 0x00, 0x00, 0x0F, 0x00, 0x00, 0x0D, 0x00, 0x80, 0x1D, 0x00, 0x80, 0x19, 0x00, 0xC0, 0x38, 0x00, 0xC0, 0x30, 0x00, 0x40, 0x70, 0x00, 0x60, 0x20, 0x00, 0x60, 0x00, 0x00, 0x30, 0x00, 0x00, 0x10, 0x00, 0x00, 0x00, 0x00, 0x00, 0x00, 0x00, 0x00, 0x00, 0x00, 0x00, 0x00, 0x00, 0x00, 0x00, 0x00, 0x00, 0x00, 0x00, 0x00, 0x00, 0x00, 0x00,  // Code for char <
        0x10, 0x00, 0x00, 0x00, 0x00, 0x00, 0x00, 0x00, 0x00, 0x00, 0x00, 0x00, 0x00, 0x00, 0x18, 0x00, 0x80, 0x18, 0x00, 0xC0, 0x18, 0x00, 0xC0, 0x18, 0x00, 0xC0, 0x18, 0x00, 0xC0, 0x18, 0x00, 0xC0, 0x18, 0x00, 0xC0, 0x18, 0x00, 0xC0, 0x18, 0x00, 0xC0, 0x18, 0x00, 0xC0, 0x00, 0x00, 0xC0, 0x00, 0x00, 0x00, 0x00, 0x00, 0x00, 0x00, 0x00, 0x00, 0x00, 0x00, 0x00, 0x00, 0x00, 0x00, 0x00, 0x00, 0x00, 0x00, 0x00, 0x00, 0x00, 0x00, 0x00, 0x00, 0x00,  // Code for char =
        0x0F, 0x00, 0x00, 0x00, 0x00, 0x00, 0x00, 0x00, 0x00, 0x00, 0x00, 0x40, 0x00, 0x00, 0x20, 0x00, 0x00, 0x30, 0x00, 0x20, 0x30, 0x00, 0x70, 0x18, 0x00, 0x60, 0x18, 0x00, 0xE0, 0x18, 0x00, 0xC0, 0x0C, 0x00, 0xC0, 0x0D, 0x00, 0x80, 0x05, 0x00, 0x80, 0x07, 0x00, 0x00, 0x07, 0x00, 0x00, 0x00, 0x00, 0x00, 0x00, 0x00, 0x00, 0x00, 0x00, 0x00, 0x00, 0x00, 0x00, 0x00, 0x00, 0x00, 0x00, 0x00, 0x00, 0x00, 0x00, 0x00, 0x00, 0x00, 0x00, 0x00, 0x00,  // Code for char >
        0x10, 0x00, 0x00, 0x00, 0x00, 0x00, 0x00, 0x00, 0x00, 0x00, 0x00, 0x00, 0x00, 0x00, 0x00, 0x00, 0x20, 0x00, 0x02, 0x30, 0x20, 0x03, 0x18, 0x38, 0x01, 0x0C, 0x3C, 0x00, 0x04, 0x0C, 0x00, 0x06, 0x06, 0x00, 0x06, 0x03, 0x00, 0x06, 0x01, 0x00, 0x86, 0x01, 0x00, 0xFE, 0x00, 0x00, 0x7C, 0x00, 0x00, 0x00, 0x00, 0x00, 0x00, 0x00, 0x00, 0x00, 0x00, 0x00, 0x00, 0x00, 0x00, 0x00, 0x00, 0x00, 0x00, 0x00, 0x00, 0x00, 0x00, 0x00, 0x00, 0x00, 0x00,  // Code for char ?
        0x17, 0x00, 0xC0, 0x03, 0x00, 0xF8, 0x0F, 0x00, 0x3E, 0x1E, 0x00, 0x07, 0x38, 0x80, 0x01, 0x30, 0xC0, 0xC0, 0x70, 0x60, 0xF8, 0x71, 0x30, 0xBC, 0x63, 0x18, 0x06, 0x63, 0x18, 0x03, 0x63, 0x8C, 0x01, 0x61, 0x8C, 0x81, 0x61, 0xC4, 0x80, 0x60, 0xC6, 0xC0, 0x63, 0xC6, 0xE0, 0x63, 0xC6, 0x79, 0x33, 0x86, 0x1F, 0x33, 0x86, 0x87, 0x11, 0xC6, 0x81, 0x18, 0xCE, 0xC0, 0x08, 0x0C, 0x70, 0x0C, 0xFC, 0x3F, 0x04, 0xF0, 0x0F, 0x00, 0x00, 0x00, 0x00,  // Code for char @
        0x0F, 0x00, 0x00, 0x02, 0x00, 0x00, 0x03, 0x00, 0xC0, 0x01, 0x00, 0xE0, 0x00, 0x00, 0x38, 0x00, 0x00, 0x1C, 0x00, 0x00, 0x1E, 0x00, 0x80, 0x1B, 0x00, 0xC0, 0x19, 0x00, 0x60, 0x18, 0x00, 0x38, 0x18, 0x00, 0x1C, 0x18, 0x00, 0x06, 0x18, 0x00, 0xFE, 0xFF, 0x03, 0xFE, 0xFF, 0x03, 0x00, 0x00, 0x00, 0x00, 0x00, 0x00, 0x00, 0x00, 0x00, 0x00, 0x00, 0x00, 0x00, 0x00, 0x00, 0x00, 0x00, 0x00, 0x00, 0x00, 0x00, 0x00, 0x00, 0x00, 0x00, 0x00, 0x00,  // Code for char A
        0x10, 0x00, 0x00, 0x00, 0x00, 0x00, 0x02, 0x00, 0xC0, 0x03, 0x00, 0xF8, 0x03, 0x00, 0x3F, 0x03, 0xE0, 0x07, 0x03, 0xFC, 0x03, 0x03, 0x1E, 0x03, 0x03, 0x06, 0x03, 0x03, 0x06, 0x03, 0x03, 0x06, 0x03, 0x01, 0x06, 0x83, 0x01, 0x06, 0xC7, 0x00, 0x86, 0x7E, 0x00, 0xFE, 0x3C, 0x00, 0x3C, 0x00, 0x00, 0x00, 0x00, 0x00, 0x00, 0x00, 0x00, 0x00, 0x00, 0x00, 0x00, 0x00, 0x00, 0x00, 0x00, 0x00, 0x00, 0x00, 0x00, 0x00, 0x00, 0x00, 0x00, 0x00, 0x00,  // Code for char B
        0x11, 0x00, 0x00, 0x00, 0x00, 0x78, 0x00, 0x00, 0xFF, 0x01, 0xC0, 0xC7, 0x01, 0xE0, 0x80, 0x03, 0x30, 0x00, 0x03, 0x18, 0x00, 0x03, 0x0C, 0x00, 0x03, 0x0C, 0x00, 0x03, 0x06, 0x80, 0x01, 0x06, 0x80, 0x01, 0x06, 0xC0, 0x00, 0x06, 0xE0, 0x00, 0x06, 0x30, 0x00, 0x1E, 0x10, 0x00, 0x7C, 0x00, 0x00, 0x78, 0x00, 0x00, 0x00, 0x00, 0x00, 0x00, 0x00, 0x00, 0x00, 0x00, 0x00, 0x00, 0x00, 0x00, 0x00, 0x00, 0x00, 0x00, 0x00, 0x00, 0x00, 0x00, 0x00,  // Code for char C
        0x12, 0x00, 0x00, 0x00, 0x00, 0x00, 0x02, 0x00, 0xC0, 0x03, 0x00, 0xF8, 0x03, 0x00, 0x3F, 0x03, 0xE0, 0x07, 0x03, 0xFC, 0x00, 0x03, 0x1E, 0x00, 0x03, 0x06, 0x00, 0x03, 0x06, 0x00, 0x03, 0x06, 0x80, 0x01, 0x06, 0x80, 0x01, 0x06, 0xC0, 0x00, 0x06, 0x60, 0x00, 0x0E, 0x38, 0x00, 0x9E, 0x1F, 0x00, 0xFC, 0x07, 0x00, 0x70, 0x00, 0x00, 0x00, 0x00, 0x00, 0x00, 0x00, 0x00, 0x00, 0x00, 0x00, 0x00, 0x00, 0x00, 0x00, 0x00, 0x00, 0x00, 0x00, 0x00,  // Code for char D
        0x14, 0x00, 0x00, 0x00, 0x00, 0x00, 0x00, 0x00, 0x00, 0x02, 0x00, 0xC0, 0x03, 0x00, 0xF8, 0x03, 0x00, 0x3F, 0x03, 0xE0, 0x07, 0x03, 0xFC, 0x03, 0x03, 0x1E, 0x03, 0x03, 0x06, 0x03, 0x03, 0x06, 0x03, 0x03, 0x06, 0x03, 0x03, 0x06, 0x03, 0x03, 0x06, 0x03, 0x03, 0x06, 0x03, 0x01, 0x06, 0x03, 0x00, 0x06, 0x00, 0x00, 0x06, 0x00, 0x00, 0x06, 0x00, 0x00, 0x02, 0x00, 0x00, 0x00, 0x00, 0x00, 0x00, 0x00, 0x00, 0x00, 0x00, 0x00, 0x00, 0x00, 0x00,  // Code for char E
        0x13, 0x00, 0x00, 0x00, 0x00, 0x00, 0x00, 0x00, 0x00, 0x02, 0x00, 0xC0, 0x03, 0x00, 0xF8, 0x01, 0x00, 0x3F, 0x00, 0xE0, 0x07, 0x00, 0xFC, 0x03, 0x00, 0x1E, 0x03, 0x00, 0x06, 0x03, 0x00, 0x06, 0x03, 0x00, 0x06, 0x03, 0x00, 0x06, 0x03, 0x00, 0x06, 0x03, 0x00, 0x06, 0x03, 0x00, 0x06, 0x00, 0x00, 0x06, 0x00, 0x00, 0x06, 0x00, 0x00, 0x02, 0x00, 0x00, 0x00, 0x00, 0x00, 0x00, 0x00, 0x00, 0x00, 0x00, 0x00, 0x00, 0x00, 0x00, 0x00, 0x00, 0x00,  // Code for char F
        0x14, 0x00, 0x00, 0x00, 0x00, 0x00, 0x00, 0x00, 0x38, 0x00, 0x00, 0xFF, 0x00, 0xC0, 0xE7, 0x01, 0xE0, 0x80, 0x01, 0x30, 0x80, 0x03, 0x18, 0x00, 0x03, 0x18, 0x00, 0x03, 0x0C, 0x00, 0x03, 0x0C, 0x00, 0x03, 0x06, 0x04, 0x03, 0x06, 0x86, 0x01, 0x06, 0x86, 0x01, 0x06, 0x86, 0x01, 0x06, 0xC6, 0x00, 0x0E, 0xFE, 0x00, 0x1E, 0x3E, 0x00, 0x7C, 0x06, 0x00, 0x78, 0x00, 0x00, 0x00, 0x00, 0x00, 0x00, 0x00, 0x00, 0x00, 0x00, 0x00, 0x00, 0x00, 0x00,  // Code for char G
        0x14, 0x00, 0x00, 0x00, 0x00, 0x00, 0x00, 0x00, 0x00, 0x02, 0x00, 0xC0, 0x03, 0x00, 0xF8, 0x01, 0x00, 0x3F, 0x00, 0xE0, 0x07, 0x00, 0xFC, 0x03, 0x00, 0x1E, 0x03, 0x00, 0x02, 0x03, 0x00, 0x00, 0x03, 0x00, 0x00, 0x03, 0x00, 0x00, 0x03, 0x02, 0x00, 0xC3, 0x03, 0x00, 0xFB, 0x01, 0x00, 0x3F, 0x00, 0xE0, 0x07, 0x00, 0xFC, 0x00, 0x00, 0x1E, 0x00, 0x00, 0x02, 0x00, 0x00, 0x00, 0x00, 0x00, 0x00, 0x00, 0x00, 0x00, 0x00, 0x00, 0x00, 0x00, 0x00,  // Code for char H
        0x0A, 0x00, 0x00, 0x00, 0x00, 0x00, 0x00, 0x00, 0x00, 0x02, 0x00, 0xC0, 0x03, 0x00, 0xF8, 0x01, 0x00, 0x3F, 0x00, 0xE0, 0x07, 0x00, 0xFC, 0x00, 0x00, 0x1E, 0x00, 0x00, 0x02, 0x00, 0x00, 0x00, 0x00, 0x00, 0x00, 0x00, 0x00, 0x00, 0x00, 0x00, 0x00, 0x00, 0x00, 0x00, 0x00, 0x00, 0x00, 0x00, 0x00, 0x00, 0x00, 0x00, 0x00, 0x00, 0x00, 0x00, 0x00, 0x00, 0x00, 0x00, 0x00, 0x00, 0x00, 0x00, 0x00, 0x00, 0x00, 0x00, 0x00, 0x00, 0x00, 0x00, 0x00,  // Code for char I
        0x0F, 0x00, 0x00, 0x00, 0x00, 0x00, 0x00, 0x00, 0xC0, 0x01, 0x00, 0xE0, 0x03, 0x00, 0xA0, 0x03, 0x00, 0x00, 0x03, 0x00, 0x00, 0x03, 0x00, 0x80, 0x01, 0x00, 0xC0, 0x01, 0x00, 0x78, 0x00, 0x00, 0x1F, 0x00, 0xE0, 0x07, 0x00, 0xFC, 0x00, 0x00, 0x1E, 0x00, 0x00, 0x02, 0x00, 0x00, 0x00, 0x00, 0x00, 0x00, 0x00, 0x00, 0x00, 0x00, 0x00, 0x00, 0x00, 0x00, 0x00, 0x00, 0x00, 0x00, 0x00, 0x00, 0x00, 0x00, 0x00, 0x00, 0x00, 0x00, 0x00, 0x00, 0x00,  // Code for char J
        0x15, 0x00, 0x00, 0x00, 0x00, 0x00, 0x00, 0x00, 0x00, 0x02, 0x00, 0xC0, 0x03, 0x00, 0xF8, 0x01, 0x00, 0x3F, 0x00, 0xE0, 0x0F, 0x00, 0xFC, 0x0C, 0x00, 0x1E, 0x06, 0x00, 0x02, 0x03, 0x00, 0x80, 0x0F, 0x00, 0x80, 0x1D, 0x00, 0xC0, 0x78, 0x00, 0x60, 0xE0, 0x01, 0x30, 0x80, 0x03, 0x10, 0x00, 0x02, 0x18, 0x00, 0x00, 0x0C, 0x00, 0x00, 0x06, 0x00, 0x00, 0x02, 0x00, 0x00, 0x02, 0x00, 0x00, 0x00, 0x00, 0x00, 0x00, 0x00, 0x00, 0x00, 0x00, 0x00,  // Code for char K
        0x0D, 0x00, 0x00, 0x00, 0x00, 0x00, 0x00, 0x00, 0x00, 0x02, 0x00, 0xC0, 0x03, 0x00, 0xF8, 0x03, 0x00, 0x3F, 0x03, 0xE0, 0x07, 0x03, 0xFC, 0x00, 0x03, 0x1E, 0x00, 0x03, 0x02, 0x00, 0x03, 0x00, 0x00, 0x03, 0x00, 0x00, 0x03, 0x00, 0x00, 0x01, 0x00, 0x00, 0x00, 0x00, 0x00, 0x00, 0x00, 0x00, 0x00, 0x00, 0x00, 0x00, 0x00, 0x00, 0x00, 0x00, 0x00, 0x00, 0x00, 0x00, 0x00, 0x00, 0x00, 0x00, 0x00, 0x00, 0x00, 0x00, 0x00, 0x00, 0x00, 0x00, 0x00,  // Code for char L
        0x17, 0x00, 0x00, 0x00, 0x00, 0x00, 0x00, 0x00, 0x00, 0x02, 0x00, 0xC0, 0x03, 0x00, 0xF8, 0x01, 0x00, 0x3F, 0x00, 0xE0, 0x07, 0x00, 0xFC, 0x00, 0x00, 0x1E, 0xF0, 0x03, 0xFE, 0xFF, 0x03, 0xFE, 0x8F, 0x03, 0x00, 0xC0, 0x01, 0x00, 0x70, 0x00, 0x00, 0x38, 0x00, 0x00, 0x0E, 0x00, 0x80, 0x07, 0x02, 0xC0, 0xC1, 0x03, 0x70, 0xF8, 0x01, 0x38, 0x3F, 0x00, 0xEE, 0x07, 0x00, 0xFE, 0x00, 0x00, 0x1E, 0x00, 0x00, 0x02, 0x00, 0x00, 0x00, 0x00, 0x00,  // Code for char M
        0x14, 0x00, 0x00, 0x00, 0x00, 0x00, 0x00, 0x00, 0x00, 0x02, 0x00, 0xC0, 0x03, 0x00, 0xF8, 0x01, 0x00, 0x3F, 0x00, 0xE0, 0x07, 0x00, 0xFC, 0x00, 0x00, 0x1E, 0x00, 0x00, 0xFE, 0x00, 0x00, 0xF8, 0x0F, 0x00, 0x00, 0xFF, 0x01, 0x00, 0xF0, 0x03, 0x00, 0xC0, 0x03, 0x00, 0xF8, 0x01, 0x00, 0x3F, 0x00, 0xE0, 0x07, 0x00, 0xFC, 0x00, 0x00, 0x1E, 0x00, 0x00, 0x02, 0x00, 0x00, 0x00, 0x00, 0x00, 0x00, 0x00, 0x00, 0x00, 0x00, 0x00, 0x00, 0x00, 0x00,  // Code for char N
        0x14, 0x00, 0x00, 0x00, 0x00, 0x00, 0x00, 0x00, 0x38, 0x00, 0x00, 0xFF, 0x00, 0xC0, 0xC3, 0x01, 0xE0, 0x80, 0x03, 0x30, 0x00, 0x03, 0x18, 0x00, 0x03, 0x0C, 0x00, 0x03, 0x0C, 0x00, 0x03, 0x04, 0x00, 0x03, 0x06, 0x80, 0x01, 0x06, 0x80, 0x01, 0x06, 0xC0, 0x00, 0x06, 0xC0, 0x00, 0x06, 0x70, 0x00, 0x0E, 0x38, 0x00, 0x3C, 0x0E, 0x00, 0xF8, 0x07, 0x00, 0xE0, 0x01, 0x00, 0x00, 0x00, 0x00, 0x00, 0x00, 0x00, 0x00, 0x00, 0x00, 0x00, 0x00, 0x00,  // Code for char O
        0x12, 0x00, 0x00, 0x00, 0x00, 0x00, 0x00, 0x00, 0x00, 0x02, 0x00, 0xC0, 0x03, 0x00, 0xF8, 0x01, 0x00, 0x3F, 0x00, 0xE0, 0x07, 0x00, 0xFC, 0x06, 0x00, 0x1E, 0x06, 0x00, 0x06, 0x06, 0x00, 0x06, 0x06, 0x00, 0x06, 0x06, 0x00, 0x06, 0x06, 0x00, 0x06, 0x06, 0x00, 0x06, 0x03, 0x00, 0x86, 0x03, 0x00, 0xFE, 0x01, 0x00, 0x7C, 0x00, 0x00, 0x00, 0x00, 0x00, 0x00, 0x00, 0x00, 0x00, 0x00, 0x00, 0x00, 0x00, 0x00, 0x00, 0x00, 0x00, 0x00, 0x00, 0x00,  // Code for char P
        0x14, 0x00, 0x00, 0x00, 0x00, 0x00, 0x00, 0x00, 0x38, 0x00, 0x00, 0xFF, 0x00, 0xC0, 0xE7, 0x01, 0xE0, 0x80, 0x03, 0x30, 0x00, 0x03, 0x18, 0x00, 0x03, 0x0C, 0x00, 0x03, 0x0C, 0x40, 0x03, 0x04, 0x60, 0x03, 0x06, 0xC0, 0x01, 0x06, 0xC0, 0x01, 0x06, 0xC0, 0x03, 0x06, 0x60, 0x07, 0x06, 0x70, 0x02, 0x0E, 0x38, 0x00, 0x3C, 0x0E, 0x00, 0xF8, 0x07, 0x00, 0xE0, 0x01, 0x00, 0x00, 0x00, 0x00, 0x00, 0x00, 0x00, 0x00, 0x00, 0x00, 0x00, 0x00, 0x00,  // Code for char Q
        0x13, 0x00, 0x00, 0x00, 0x00, 0x00, 0x00, 0x00, 0x00, 0x02, 0x00, 0xC0, 0x03, 0x00, 0xF8, 0x01, 0x00, 0x3F, 0x00, 0xE0, 0x07, 0x00, 0xFC, 0x03, 0x00, 0x1E, 0x03, 0x00, 0x06, 0x03, 0x00, 0x06, 0x03, 0x00, 0x06, 0x03, 0x00, 0x06, 0x0F, 0x00, 0x06, 0x7F, 0x00, 0x06, 0xFB, 0x03, 0x86, 0x81, 0x03, 0x86, 0x01, 0x00, 0xFE, 0x00, 0x00, 0x7C, 0x00, 0x00, 0x00, 0x00, 0x00, 0x00, 0x00, 0x00, 0x00, 0x00, 0x00, 0x00, 0x00, 0x00, 0x00, 0x00, 0x00,  // Code for char R
        0x10, 0x00, 0x00, 0x00, 0x00, 0x00, 0x00, 0x00, 0xF0, 0x01, 0x00, 0xF0, 0x01, 0x00, 0x80, 0x03, 0xE0, 0x00, 0x03, 0xF8, 0x01, 0x03, 0x9C, 0x03, 0x03, 0x0C, 0x03, 0x03, 0x06, 0x03, 0x03, 0x06, 0x83, 0x01, 0x06, 0x87, 0x01, 0x06, 0xC6, 0x00, 0x06, 0x7E, 0x00, 0x3E, 0x3C, 0x00, 0x3C, 0x00, 0x00, 0x00, 0x00, 0x00, 0x00, 0x00, 0x00, 0x00, 0x00, 0x00, 0x00, 0x00, 0x00, 0x00, 0x00, 0x00, 0x00, 0x00, 0x00, 0x00, 0x00, 0x00, 0x00, 0x00, 0x00,  // Code for char S
        0x11, 0x00, 0x00, 0x00, 0x00, 0x00, 0x00, 0x04, 0x00, 0x00, 0x06, 0x00, 0x02, 0x06, 0xC0, 0x03, 0x06, 0xF8, 0x01, 0x06, 0x3F, 0x00, 0xE6, 0x07, 0x00, 0xFE, 0x00, 0x00, 0x1E, 0x00, 0x00, 0x06, 0x00, 0x00, 0x06, 0x00, 0x00, 0x06, 0x00, 0x00, 0x06, 0x00, 0x00, 0x06, 0x00, 0x00, 0x06, 0x00, 0x00, 0x02, 0x00, 0x00, 0x00, 0x00, 0x00, 0x00, 0x00, 0x00, 0x00, 0x00, 0x00, 0x00, 0x00, 0x00, 0x00, 0x00, 0x00, 0x00, 0x00, 0x00, 0x00, 0x00, 0x00,  // Code for char T
        0x12, 0x00, 0x00, 0x00, 0x00, 0x00, 0x00, 0x00, 0xF8, 0x01, 0x00, 0xFF, 0x03, 0xE0, 0x07, 0x03, 0xFC, 0x00, 0x03, 0x1E, 0x00, 0x03, 0x02, 0x00, 0x03, 0x00, 0x00, 0x03, 0x00, 0x00, 0x03, 0x00, 0x80, 0x01, 0x00, 0xE0, 0x00, 0x00, 0x78, 0x00, 0x00, 0x1F, 0x00, 0xE0, 0x07, 0x00, 0xFC, 0x00, 0x00, 0x1E, 0x00, 0x00, 0x02, 0x00, 0x00, 0x00, 0x00, 0x00, 0x00, 0x00, 0x00, 0x00, 0x00, 0x00, 0x00, 0x00, 0x00, 0x00, 0x00, 0x00, 0x00, 0x00, 0x00,  // Code for char U
        0x11, 0x00, 0x00, 0x00, 0x00, 0x00, 0x00, 0xFE, 0xFF, 0x03, 0xFE, 0xFF, 0x03, 0x00, 0x00, 0x03, 0x00, 0xC0, 0x01, 0x00, 0xE0, 0x00, 0x00, 0x38, 0x00, 0x00, 0x1C, 0x00, 0x00, 0x07, 0x00, 0x80, 0x03, 0x00, 0xC0, 0x01, 0x00, 0x70, 0x00, 0x00, 0x38, 0x00, 0x00, 0x0E, 0x00, 0x00, 0x06, 0x00, 0x00, 0x02, 0x00, 0x00, 0x00, 0x00, 0x00, 0x00, 0x00, 0x00, 0x00, 0x00, 0x00, 0x00, 0x00, 0x00, 0x00, 0x00, 0x00, 0x00, 0x00, 0x00, 0x00, 0x00, 0x00,  // Code for char V
        0x18, 0x00, 0x00, 0x00, 0x00, 0x00, 0x00, 0x00, 0xE0, 0x03, 0xF0, 0xFF, 0x03, 0xFE, 0xFF, 0x03, 0x0E, 0xC0, 0x01, 0x00, 0x70, 0x00, 0x00, 0x38, 0x00, 0x00, 0x0E, 0x00, 0x00, 0x07, 0x00, 0xC0, 0x01, 0x00, 0xE0, 0x00, 0x00, 0x38, 0x00, 0x00, 0x1C, 0xC0, 0x03, 0xFE, 0xFF, 0x03, 0xFE, 0xBF, 0x03, 0x1E, 0xC0, 0x01, 0x00, 0x70, 0x00, 0x00, 0x38, 0x00, 0x00, 0x0E, 0x00, 0x80, 0x07, 0x00, 0xE0, 0x01, 0x00, 0x78, 0x00, 0x00, 0x1E, 0x00, 0x00,  // Code for char W
        0x16, 0x00, 0x00, 0x02, 0x00, 0x00, 0x02, 0x00, 0x00, 0x03, 0x00, 0x80, 0x01, 0x00, 0xC0, 0x00, 0x00, 0x60, 0x00, 0x00, 0x30, 0x00, 0x06, 0x38, 0x00, 0x1E, 0x18, 0x00, 0xFC, 0x0C, 0x00, 0xE0, 0x07, 0x00, 0x80, 0x1F, 0x00, 0x80, 0x7D, 0x00, 0xC0, 0xF0, 0x01, 0x60, 0xC0, 0x03, 0x30, 0x00, 0x02, 0x30, 0x00, 0x00, 0x18, 0x00, 0x00, 0x0C, 0x00, 0x00, 0x06, 0x00, 0x00, 0x02, 0x00, 0x00, 0x02, 0x00, 0x00, 0x00, 0x00, 0x00, 0x00, 0x00, 0x00,  // Code for char X
        0x12, 0x00, 0x00, 0x00, 0x00, 0x00, 0x00, 0x06, 0x00, 0x00, 0x3E, 0x00, 0x02, 0xF8, 0xC0, 0x03, 0xE0, 0xFB, 0x01, 0x80, 0x3F, 0x00, 0x00, 0x06, 0x00, 0x00, 0x03, 0x00, 0x80, 0x01, 0x00, 0xC0, 0x00, 0x00, 0x60, 0x00, 0x00, 0x30, 0x00, 0x00, 0x18, 0x00, 0x00, 0x0C, 0x00, 0x00, 0x06, 0x00, 0x00, 0x02, 0x00, 0x00, 0x02, 0x00, 0x00, 0x00, 0x00, 0x00, 0x00, 0x00, 0x00, 0x00, 0x00, 0x00, 0x00, 0x00, 0x00, 0x00, 0x00, 0x00, 0x00, 0x00, 0x00,  // Code for char Y
        0x14, 0x00, 0x00, 0x02, 0x00, 0x80, 0x03, 0x00, 0xC0, 0x03, 0x00, 0x60, 0x03, 0x00, 0x60, 0x03, 0x00, 0x30, 0x03, 0x04, 0x18, 0x03, 0x06, 0x0C, 0x03, 0x06, 0x0C, 0x03, 0x06, 0x06, 0x03, 0x06, 0x03, 0x03, 0x86, 0x01, 0x03, 0x86, 0x01, 0x03, 0xC6, 0x00, 0x03, 0x66, 0x00, 0x01, 0x36, 0x00, 0x00, 0x36, 0x00, 0x00, 0x1E, 0x00, 0x00, 0x0E, 0x00, 0x00, 0x02, 0x00, 0x00, 0x00, 0x00, 0x00, 0x00, 0x00, 0x00, 0x00, 0x00, 0x00, 0x00, 0x00, 0x00,  // Code for char Z
        0x0C, 0x00, 0x00, 0x78, 0x00, 0x00, 0x7E, 0x00, 0xC0, 0x67, 0x00, 0xF8, 0x61, 0x00, 0x3F, 0x20, 0xE0, 0x07, 0x00, 0xFC, 0x00, 0x00, 0x1E, 0x00, 0x00, 0x06, 0x00, 0x00, 0x06, 0x00, 0x00, 0x06, 0x00, 0x00, 0x02, 0x00, 0x00, 0x00, 0x00, 0x00, 0x00, 0x00, 0x00, 0x00, 0x00, 0x00, 0x00, 0x00, 0x00, 0x00, 0x00, 0x00, 0x00, 0x00, 0x00, 0x00, 0x00, 0x00, 0x00, 0x00, 0x00, 0x00, 0x00, 0x00, 0x00, 0x00, 0x00, 0x00, 0x00, 0x00, 0x00, 0x00, 0x00,  // Code for char [
        0x08, 0x00, 0x00, 0x00, 0x00, 0x00, 0x00, 0x00, 0x00, 0x00, 0x00, 0x00, 0x00, 0x00, 0x00, 0x00, 0x80, 0xFF, 0x03, 0xFE, 0xFF, 0x03, 0x7E, 0x00, 0x00, 0x00, 0x00, 0x00, 0x00, 0x00, 0x00, 0x00, 0x00, 0x00, 0x00, 0x00, 0x00, 0x00, 0x00, 0x00, 0x00, 0x00, 0x00, 0x00, 0x00, 0x00, 0x00, 0x00, 0x00, 0x00, 0x00, 0x00, 0x00, 0x00, 0x00, 0x00, 0x00, 0x00, 0x00, 0x00, 0x00, 0x00, 0x00, 0x00, 0x00, 0x00, 0x00, 0x00, 0x00, 0x00, 0x00, 0x00, 0x00,  // Code for char BackSlash
        0x0B, 0x00, 0x00, 0x60, 0x00, 0x00, 0x60, 0x00, 0x00, 0x78, 0x00, 0x00, 0x3E, 0x00, 0xC0, 0x07, 0x04, 0xF8, 0x01, 0x06, 0x3F, 0x00, 0xE6, 0x07, 0x00, 0xFE, 0x00, 0x00, 0x1E, 0x00, 0x00, 0x02, 0x00, 0x00, 0x00, 0x00, 0x00, 0x00, 0x00, 0x00, 0x00, 0x00, 0x00, 0x00, 0x00, 0x00, 0x00, 0x00, 0x00, 0x00, 0x00, 0x00, 0x00, 0x00, 0x00, 0x00, 0x00, 0x00, 0x00, 0x00, 0x00, 0x00, 0x00, 0x00, 0x00, 0x00, 0x00, 0x00, 0x00, 0x00, 0x00, 0x00, 0x00,  // Code for char ]
        0x0D, 0x00, 0x00, 0x00, 0x00, 0x00, 0x00, 0x00, 0x00, 0x00, 0x00, 0x00, 0x00, 0x00, 0x02, 0x00, 0x80, 0x03, 0x00, 0xC0, 0x01, 0x00, 0x60, 0x00, 0x00, 0x38, 0x00, 0x00, 0x1C, 0x00, 0x00, 0x0E, 0x00, 0x00, 0xFE, 0x03, 0x00, 0xFC, 0x03, 0x00, 0x00, 0x00, 0x00, 0x00, 0x00, 0x00, 0x00, 0x00, 0x00, 0x00, 0x00, 0x00, 0x00, 0x00, 0x00, 0x00, 0x00, 0x00, 0x00, 0x00, 0x00, 0x00, 0x00, 0x00, 0x00, 0x00, 0x00, 0x00, 0x00, 0x00, 0x00, 0x00, 0x00,  // Code for char ^
        0x15, 0x00, 0x00, 0x60, 0x00, 0x00, 0x60, 0x00, 0x00, 0x60, 0x00, 0x00, 0x60, 0x00, 0x00, 0x60, 0x00, 0x00, 0x60, 0x00, 0x00, 0x60, 0x00, 0x00, 0x60, 0x00, 0x00, 0x60, 0x00, 0x00, 0x60, 0x00, 0x00, 0x60, 0x00, 0x00, 0x60, 0x00, 0x00, 0x60, 0x00, 0x00, 0x60, 0x00, 0x00, 0x60, 0x00, 0x00, 0x60, 0x00, 0x00, 0x60, 0x00, 0x00, 0x60, 0x00, 0x00, 0x60, 0x00, 0x00, 0x60, 0x00, 0x00, 0x20, 0x00, 0x00, 0x00, 0x00, 0x00, 0x00, 0x00, 0x00, 0x00,  // Code for char _
        0x0A, 0x00, 0x00, 0x00, 0x00, 0x00, 0x00, 0x00, 0x00, 0x00, 0x00, 0x00, 0x00, 0x00, 0x00, 0x00, 0x00, 0x00, 0x00, 0x00, 0x00, 0x00, 0x06, 0x00, 0x00, 0x0E, 0x00, 0x00, 0x0E, 0x00, 0x00, 0x00, 0x00, 0x00, 0x00, 0x00, 0x00, 0x00, 0x00, 0x00, 0x00, 0x00, 0x00, 0x00, 0x00, 0x00, 0x00, 0x00, 0x00, 0x00, 0x00, 0x00, 0x00, 0x00, 0x00, 0x00, 0x00, 0x00, 0x00, 0x00, 0x00, 0x00, 0x00, 0x00, 0x00, 0x00, 0x00, 0x00, 0x00, 0x00, 0x00, 0x00, 0x00,  // Code for char `
        0x0E, 0x00, 0x00, 0x00, 0x00, 0x00, 0x00, 0x00, 0xC0, 0x01, 0x00, 0xF0, 0x03, 0x00, 0x32, 0x03, 0x00, 0x1B, 0x03, 0x80, 0x19, 0x03, 0xC0, 0x18, 0x01, 0xC0, 0x98, 0x01, 0xC0, 0x8C, 0x00, 0xC0, 0xEC, 0x03, 0xC0, 0xFC, 0x03, 0xC0, 0x3F, 0x00, 0x80, 0x07, 0x00, 0x00, 0x00, 0x00, 0x00, 0x00, 0x00, 0x00, 0x00, 0x00, 0x00, 0x00, 0x00, 0x00, 0x00, 0x00, 0x00, 0x00, 0x00, 0x00, 0x00, 0x00, 0x00, 0x00, 0x00, 0x00, 0x00, 0x00, 0x00, 0x00, 0x00,  // Code for char a
        0x0D, 0x00, 0x00, 0x00, 0x00, 0x00, 0x02, 0x00, 0xC0, 0x03, 0x00, 0xF8, 0x01, 0x00, 0xBF, 0x01, 0xE0, 0x07, 0x03, 0xFC, 0x01, 0x03, 0x9E, 0x01, 0x03, 0xC2, 0x00, 0x01, 0xC0, 0x80, 0x01, 0xC0, 0xC0, 0x00, 0xC0, 0x79, 0x00, 0x80, 0x1F, 0x00, 0x00, 0x00, 0x00, 0x00, 0x00, 0x00, 0x00, 0x00, 0x00, 0x00, 0x00, 0x00, 0x00, 0x00, 0x00, 0x00, 0x00, 0x00, 0x00, 0x00, 0x00, 0x00, 0x00, 0x00, 0x00, 0x00, 0x00, 0x00, 0x00, 0x00, 0x00, 0x00, 0x00,  // Code for char b
        0x0C, 0x00, 0x00, 0x00, 0x00, 0x00, 0x00, 0x00, 0xF8, 0x01, 0x00, 0xFE, 0x03, 0x00, 0x07, 0x03, 0x80, 0x01, 0x03, 0x80, 0x00, 0x03, 0xC0, 0x80, 0x01, 0xC0, 0xC0, 0x01, 0xC0, 0x41, 0x00, 0xC0, 0x03, 0x00, 0x80, 0x03, 0x00, 0x00, 0x00, 0x00, 0x00, 0x00, 0x00, 0x00, 0x00, 0x00, 0x00, 0x00, 0x00, 0x00, 0x00, 0x00, 0x00, 0x00, 0x00, 0x00, 0x00, 0x00, 0x00, 0x00, 0x00, 0x00, 0x00, 0x00, 0x00, 0x00, 0x00, 0x00, 0x00, 0x00, 0x00, 0x00, 0x00,  // Code for char c
        0x10, 0x00, 0x00, 0x00, 0x00, 0x00, 0x00, 0x00, 0xF8, 0x01, 0x00, 0xDE, 0x03, 0x00, 0x03, 0x03, 0x80, 0x01, 0x03, 0x80, 0x00, 0x03, 0xC0, 0x80, 0x01, 0xC0, 0x80, 0x02, 0xC0, 0xE0, 0x03, 0xC0, 0xFF, 0x01, 0x00, 0x3F, 0x00, 0xE0, 0x07, 0x00, 0xFC, 0x00, 0x00, 0x1E, 0x00, 0x00, 0x02, 0x00, 0x00, 0x00, 0x00, 0x00, 0x00, 0x00, 0x00, 0x00, 0x00, 0x00, 0x00, 0x00, 0x00, 0x00, 0x00, 0x00, 0x00, 0x00, 0x00, 0x00, 0x00, 0x00, 0x00, 0x00, 0x00,  // Code for char d
        0x0D, 0x00, 0x00, 0x00, 0x00, 0x00, 0x00, 0x00, 0xF8, 0x01, 0x00, 0xFE, 0x03, 0x00, 0x0F, 0x03, 0x80, 0x0D, 0x03, 0x80, 0x0C, 0x03, 0xC0, 0x0C, 0x03, 0xC0, 0x8C, 0x01, 0xC0, 0xCC, 0x00, 0xC0, 0x4D, 0x00, 0x80, 0x0F, 0x00, 0x00, 0x03, 0x00, 0x00, 0x00, 0x00, 0x00, 0x00, 0x00, 0x00, 0x00, 0x00, 0x00, 0x00, 0x00, 0x00, 0x00, 0x00, 0x00, 0x00, 0x00, 0x00, 0x00, 0x00, 0x00, 0x00, 0x00, 0x00, 0x00, 0x00, 0x00, 0x00, 0x00, 0x00, 0x00, 0x00,  // Code for char e
        0x0E, 0x00, 0x00, 0x00, 0x00, 0x00, 0x00, 0x00, 0x00, 0x02, 0x80, 0xC0, 0x03, 0xC0, 0xF8, 0x01, 0xC0, 0x3F, 0x00, 0xE0, 0x07, 0x00, 0xF8, 0x00, 0x00, 0xDC, 0x00, 0x00, 0xC6, 0x00, 0x00, 0xC6, 0x00, 0x00, 0x06, 0x00, 0x00, 0x06, 0x00, 0x00, 0x02, 0x00, 0x00, 0x00, 0x00, 0x00, 0x00, 0x00, 0x00, 0x00, 0x00, 0x00, 0x00, 0x00, 0x00, 0x00, 0x00, 0x00, 0x00, 0x00, 0x00, 0x00, 0x00, 0x00, 0x00, 0x00, 0x00, 0x00, 0x00, 0x00, 0x00, 0x00, 0x00,  // Code for char f
        0x0F, 0x00, 0x00, 0x10, 0x00, 0x00, 0x38, 0x00, 0x00, 0x78, 0x00, 0xF8, 0x61, 0x00, 0xFE, 0x63, 0x00, 0x07, 0x63, 0x80, 0x01, 0x63, 0x80, 0x01, 0x33, 0xC0, 0x00, 0x39, 0xC0, 0x80, 0x1E, 0xC0, 0xE0, 0x07, 0x80, 0xFD, 0x01, 0x00, 0x3F, 0x00, 0xC0, 0x07, 0x00, 0xC0, 0x00, 0x00, 0x00, 0x00, 0x00, 0x00, 0x00, 0x00, 0x00, 0x00, 0x00, 0x00, 0x00, 0x00, 0x00, 0x00, 0x00, 0x00, 0x00, 0x00, 0x00, 0x00, 0x00, 0x00, 0x00, 0x00, 0x00, 0x00, 0x00,  // Code for char g
        0x0E, 0x00, 0x00, 0x00, 0x00, 0x00, 0x02, 0x00, 0xC0, 0x03, 0x00, 0xF8, 0x01, 0x00, 0x3F, 0x00, 0xE0, 0x07, 0x00, 0xFC, 0x01, 0x00, 0x9E, 0x01, 0x00, 0xC2, 0x00, 0x00, 0xC0, 0x00, 0x02, 0xC0, 0xC0, 0x03, 0xC0, 0xF9, 0x01, 0xC0, 0x3F, 0x00, 0x80, 0x07, 0x00, 0x00, 0x00, 0x00, 0x00, 0x00, 0x00, 0x00, 0x00, 0x00, 0x00, 0x00, 0x00, 0x00, 0x00, 0x00, 0x00, 0x00, 0x00, 0x00, 0x00, 0x00, 0x00, 0x00, 0x00, 0x00, 0x00, 0x00, 0x00, 0x00, 0x00,  // Code for char h
        0x09, 0x00, 0x00, 0x00, 0x00, 0x00, 0x02, 0x00, 0xC0, 0x03, 0x00, 0xF8, 0x01, 0x00, 0x3F, 0x00, 0xC0, 0x07, 0x00, 0xC4, 0x00, 0x00, 0x06, 0x00, 0x00, 0x02, 0x00, 0x00, 0x00, 0x00, 0x00, 0x00, 0x00, 0x00, 0x00, 0x00, 0x00, 0x00, 0x00, 0x00, 0x00, 0x00, 0x00, 0x00, 0x00, 0x00, 0x00, 0x00, 0x00, 0x00, 0x00, 0x00, 0x00, 0x00, 0x00, 0x00, 0x00, 0x00, 0x00, 0x00, 0x00, 0x00, 0x00, 0x00, 0x00, 0x00, 0x00, 0x00, 0x00, 0x00, 0x00, 0x00, 0x00,  // Code for char i
        0x09, 0x00, 0x00, 0x38, 0x00, 0x00, 0x1E, 0x00, 0xC0, 0x07, 0x00, 0xF8, 0x01, 0x00, 0x3F, 0x00, 0xC0, 0x07, 0x00, 0xC4, 0x00, 0x00, 0x06, 0x00, 0x00, 0x02, 0x00, 0x00, 0x00, 0x00, 0x00, 0x00, 0x00, 0x00, 0x00, 0x00, 0x00, 0x00, 0x00, 0x00, 0x00, 0x00, 0x00, 0x00, 0x00, 0x00, 0x00, 0x00, 0x00, 0x00, 0x00, 0x00, 0x00, 0x00, 0x00, 0x00, 0x00, 0x00, 0x00, 0x00, 0x00, 0x00, 0x00, 0x00, 0x00, 0x00, 0x00, 0x00, 0x00, 0x00, 0x00, 0x00, 0x00,  // Code for char j
        0x0F, 0x00, 0x00, 0x00, 0x00, 0x00, 0x02, 0x00, 0xC0, 0x03, 0x00, 0xF8, 0x01, 0x00, 0x3F, 0x00, 0xE0, 0x1F, 0x00, 0xFC, 0x18, 0x00, 0x1E, 0x3C, 0x00, 0x02, 0xE6, 0x01, 0x00, 0xC2, 0x03, 0x00, 0x03, 0x02, 0x80, 0x01, 0x00, 0xC0, 0x00, 0x00, 0x40, 0x00, 0x00, 0x40, 0x00, 0x00, 0x00, 0x00, 0x00, 0x00, 0x00, 0x00, 0x00, 0x00, 0x00, 0x00, 0x00, 0x00, 0x00, 0x00, 0x00, 0x00, 0x00, 0x00, 0x00, 0x00, 0x00, 0x00, 0x00, 0x00, 0x00, 0x00, 0x00,  // Code for char k
        0x09, 0x00, 0x00, 0x00, 0x00, 0x00, 0x02, 0x00, 0xC0, 0x03, 0x00, 0xF8, 0x01, 0x00, 0x3F, 0x00, 0xE0, 0x07, 0x00, 0xFC, 0x00, 0x00, 0x1E, 0x00, 0x00, 0x02, 0x00, 0x00, 0x00, 0x00, 0x00, 0x00, 0x00, 0x00, 0x00, 0x00, 0x00, 0x00, 0x00, 0x00, 0x00, 0x00, 0x00, 0x00, 0x00, 0x00, 0x00, 0x00, 0x00, 0x00, 0x00, 0x00, 0x00, 0x00, 0x00, 0x00, 0x00, 0x00, 0x00, 0x00, 0x00, 0x00, 0x00, 0x00, 0x00, 0x00, 0x00, 0x00, 0x00, 0x00, 0x00, 0x00, 0x00,  // Code for char l
        0x14, 0x00, 0x00, 0x00, 0x00, 0x00, 0x02, 0x00, 0xC0, 0x03, 0x00, 0xF8, 0x01, 0x00, 0x3F, 0x00, 0xC0, 0x07, 0x00, 0xC0, 0x01, 0x00, 0x80, 0x00, 0x00, 0xC0, 0x00, 0x02, 0xC0, 0xC0, 0x03, 0xC0, 0xF8, 0x01, 0xC0, 0x3F, 0x00, 0x80, 0x07, 0x00, 0x80, 0x01, 0x00, 0x80, 0x00, 0x00, 0xC0, 0x00, 0x02, 0xC0, 0xC0, 0x03, 0xC0, 0xF8, 0x01, 0xC0, 0x3F, 0x00, 0x80, 0x07, 0x00, 0x00, 0x00, 0x00, 0x00, 0x00, 0x00, 0x00, 0x00, 0x00, 0x00, 0x00, 0x00,  // Code for char m
        0x0E, 0x00, 0x00, 0x00, 0x00, 0x00, 0x02, 0x00, 0xC0, 0x03, 0x00, 0xF8, 0x01, 0x00, 0x3F, 0x00, 0xC0, 0x07, 0x00, 0xC0, 0x01, 0x00, 0x80, 0x01, 0x00, 0xC0, 0x00, 0x00, 0xC0, 0x00, 0x02, 0xC0, 0xC0, 0x03, 0xC0, 0xF9, 0x01, 0xC0, 0x3F, 0x00, 0x80, 0x07, 0x00, 0x00, 0x00, 0x00, 0x00, 0x00, 0x00, 0x00, 0x00, 0x00, 0x00, 0x00, 0x00, 0x00, 0x00, 0x00, 0x00, 0x00, 0x00, 0x00, 0x00, 0x00, 0x00, 0x00, 0x00, 0x00, 0x00, 0x00, 0x00, 0x00, 0x00,  // Code for char n
        0x0E, 0x00, 0x00, 0x00, 0x00, 0x00, 0x00, 0x00, 0x00, 0x00, 0x00, 0xF8, 0x01, 0x00, 0xDE, 0x03, 0x00, 0x03, 0x03, 0x80, 0x01, 0x03, 0x80, 0x00, 0x03, 0xC0, 0x00, 0x01, 0xC0, 0x80, 0x01, 0xC0, 0xC0, 0x00, 0xC0, 0x79, 0x00, 0x80, 0x1F, 0x00, 0x00, 0x07, 0x00, 0x00, 0x00, 0x00, 0x00, 0x00, 0x00, 0x00, 0x00, 0x00, 0x00, 0x00, 0x00, 0x00, 0x00, 0x00, 0x00, 0x00, 0x00, 0x00, 0x00, 0x00, 0x00, 0x00, 0x00, 0x00, 0x00, 0x00, 0x00, 0x00, 0x00,  // Code for char o
        0x0E, 0x00, 0x00, 0x78, 0x00, 0x00, 0x3E, 0x00, 0xC0, 0x07, 0x00, 0xF8, 0x01, 0x00, 0xFF, 0x03, 0xC0, 0x07, 0x03, 0xC0, 0x01, 0x03, 0x80, 0x00, 0x03, 0xC0, 0x00, 0x01, 0xC0, 0x80, 0x01, 0xC0, 0xE0, 0x00, 0xC0, 0x7F, 0x00, 0x80, 0x1F, 0x00, 0x00, 0x03, 0x00, 0x00, 0x00, 0x00, 0x00, 0x00, 0x00, 0x00, 0x00, 0x00, 0x00, 0x00, 0x00, 0x00, 0x00, 0x00, 0x00, 0x00, 0x00, 0x00, 0x00, 0x00, 0x00, 0x00, 0x00, 0x00, 0x00, 0x00, 0x00, 0x00, 0x00,  // Code for char p
        0x0E, 0x00, 0x00, 0x00, 0x00, 0x00, 0x00, 0x00, 0xF8, 0x01, 0x00, 0xFE, 0x03, 0x00, 0x07, 0x03, 0x80, 0x01, 0x03, 0x80, 0x00, 0x43, 0xC0, 0x00, 0x71, 0xC0, 0x80, 0x3E, 0xC0, 0xE0, 0x07, 0x80, 0xFF, 0x01, 0x00, 0x3F, 0x00, 0xC0, 0x07, 0x00, 0xC0, 0x00, 0x00, 0x00, 0x00, 0x00, 0x00, 0x00, 0x00, 0x00, 0x00, 0x00, 0x00, 0x00, 0x00, 0x00, 0x00, 0x00, 0x00, 0x00, 0x00, 0x00, 0x00, 0x00, 0x00, 0x00, 0x00, 0x00, 0x00, 0x00, 0x00, 0x00, 0x00,  // Code for char q
        0x0C, 0x00, 0x00, 0x00, 0x00, 0x00, 0x02, 0x00, 0xC0, 0x03, 0x00, 0xF8, 0x01, 0x00, 0x3F, 0x00, 0xC0, 0x07, 0x00, 0xC0, 0x01, 0x00, 0x80, 0x00, 0x00, 0xC0, 0x00, 0x00, 0xC0, 0x00, 0x00, 0xC0, 0x00, 0x00, 0x40, 0x00, 0x00, 0x00, 0x00, 0x00, 0x00, 0x00, 0x00, 0x00, 0x00, 0x00, 0x00, 0x00, 0x00, 0x00, 0x00, 0x00, 0x00, 0x00, 0x00, 0x00, 0x00, 0x00, 0x00, 0x00, 0x00, 0x00, 0x00, 0x00, 0x00, 0x00, 0x00, 0x00, 0x00, 0x00, 0x00, 0x00, 0x00,  // Code for char r
        0x0D, 0x00, 0x00, 0x00, 0x00, 0x00, 0x00, 0x00, 0xC0, 0x01, 0x00, 0xC0, 0x03, 0x00, 0x8F, 0x03, 0x80, 0x0F, 0x03, 0x80, 0x1D, 0x03, 0xC0, 0x18, 0x03, 0xC0, 0x98, 0x01, 0xC0, 0xF8, 0x01, 0xC0, 0xF1, 0x00, 0xC0, 0x03, 0x00, 0x80, 0x03, 0x00, 0x00, 0x00, 0x00, 0x00, 0x00, 0x00, 0x00, 0x00, 0x00, 0x00, 0x00, 0x00, 0x00, 0x00, 0x00, 0x00, 0x00, 0x00, 0x00, 0x00, 0x00, 0x00, 0x00, 0x00, 0x00, 0x00, 0x00, 0x00, 0x00, 0x00, 0x00, 0x00, 0x00,  // Code for char s
        0x0A, 0x00, 0x00, 0x00, 0x00, 0x00, 0x00, 0x80, 0xC0, 0x03, 0xC0, 0xF8, 0x03, 0xC0, 0x3F, 0x03, 0xE0, 0x07, 0x03, 0xF8, 0x00, 0x00, 0xDC, 0x00, 0x00, 0xC0, 0x00, 0x00, 0xC0, 0x00, 0x00, 0x00, 0x00, 0x00, 0x00, 0x00, 0x00, 0x00, 0x00, 0x00, 0x00, 0x00, 0x00, 0x00, 0x00, 0x00, 0x00, 0x00, 0x00, 0x00, 0x00, 0x00, 0x00, 0x00, 0x00, 0x00, 0x00, 0x00, 0x00, 0x00, 0x00, 0x00, 0x00, 0x00, 0x00, 0x00, 0x00, 0x00, 0x00, 0x00, 0x00, 0x00, 0x00,  // Code for char t
        0x0F, 0x00, 0x00, 0x00, 0x00, 0x00, 0x00, 0x00, 0xC0, 0x01, 0x00, 0xF8, 0x03, 0x00, 0xBF, 0x03, 0xC0, 0x07, 0x03, 0xC0, 0x00, 0x03, 0x00, 0x00, 0x01, 0x00, 0x80, 0x01, 0x00, 0x80, 0x02, 0x00, 0xE0, 0x03, 0x00, 0xF8, 0x01, 0x00, 0x3F, 0x00, 0xC0, 0x07, 0x00, 0xC0, 0x00, 0x00, 0x00, 0x00, 0x00, 0x00, 0x00, 0x00, 0x00, 0x00, 0x00, 0x00, 0x00, 0x00, 0x00, 0x00, 0x00, 0x00, 0x00, 0x00, 0x00, 0x00, 0x00, 0x00, 0x00, 0x00, 0x00, 0x00, 0x00,  // Code for char u
        0x0D, 0x00, 0x00, 0x00, 0x00, 0x00, 0x00, 0xC0, 0xFF, 0x03, 0xC0, 0xFF, 0x03, 0x00, 0x80, 0x03, 0x00, 0xC0, 0x01, 0x00, 0x70, 0x00, 0x00, 0x38, 0x00, 0x00, 0x1C, 0x00, 0x00, 0x07, 0x00, 0x80, 0x03, 0x00, 0xC0, 0x00, 0x00, 0x40, 0x00, 0x00, 0x00, 0x00, 0x00, 0x00, 0x00, 0x00, 0x00, 0x00, 0x00, 0x00, 0x00, 0x00, 0x00, 0x00, 0x00, 0x00, 0x00, 0x00, 0x00, 0x00, 0x00, 0x00, 0x00, 0x00, 0x00, 0x00, 0x00, 0x00, 0x00, 0x00, 0x00, 0x00, 0x00,  // Code for char v
        0x14, 0x00, 0x00, 0x00, 0x00, 0x00, 0x00, 0x00, 0xF0, 0x03, 0xC0, 0xFF, 0x03, 0xC0, 0x9F, 0x03, 0x00, 0xC0, 0x01, 0x00, 0x70, 0x00, 0x00, 0x38, 0x00, 0x00, 0x0E, 0x00, 0x80, 0x07, 0x00, 0xC0, 0xFD, 0x03, 0xC0, 0xFF, 0x03, 0xC0, 0x9F, 0x03, 0x00, 0xC0, 0x01, 0x00, 0x70, 0x00, 0x00, 0x3C, 0x00, 0x00, 0x0E, 0x00, 0x80, 0x03, 0x00, 0xC0, 0x01, 0x00, 0x40, 0x00, 0x00, 0x00, 0x00, 0x00, 0x00, 0x00, 0x00, 0x00, 0x00, 0x00, 0x00, 0x00, 0x00,  // Code for char w
        0x10, 0x00, 0x00, 0x02, 0x00, 0x00, 0x02, 0x00, 0x00, 0x03, 0x00, 0x80, 0x01, 0x40, 0xC0, 0x00, 0xC0, 0x61, 0x00, 0xC0, 0x37, 0x00, 0x00, 0x1F, 0x00, 0x00, 0x78, 0x00, 0x00, 0xEC, 0x03, 0x00, 0x86, 0x03, 0x00, 0x03, 0x02, 0x80, 0x01, 0x00, 0xC0, 0x00, 0x00, 0x40, 0x00, 0x00, 0x40, 0x00, 0x00, 0x00, 0x00, 0x00, 0x00, 0x00, 0x00, 0x00, 0x00, 0x00, 0x00, 0x00, 0x00, 0x00, 0x00, 0x00, 0x00, 0x00, 0x00, 0x00, 0x00, 0x00, 0x00, 0x00, 0x00,  // Code for char x
        0x0F, 0x00, 0x00, 0x60, 0x00, 0x00, 0x60, 0x00, 0x00, 0x60, 0x00, 0x00, 0x38, 0xC0, 0xFF, 0x1F, 0xC0, 0xFF, 0x07, 0x00, 0xF8, 0x03, 0x00, 0xC0, 0x01, 0x00, 0x70, 0x00, 0x00, 0x38, 0x00, 0x00, 0x0E, 0x00, 0x00, 0x07, 0x00, 0x80, 0x03, 0x00, 0xC0, 0x00, 0x00, 0x40, 0x00, 0x00, 0x00, 0x00, 0x00, 0x00, 0x00, 0x00, 0x00, 0x00, 0x00, 0x00, 0x00, 0x00, 0x00, 0x00, 0x00, 0x00, 0x00, 0x00, 0x00, 0x00, 0x00, 0x00, 0x00, 0x00, 0x00, 0x00, 0x00,  // Code for char y
        0x0F, 0x00, 0x00, 0x02, 0x00, 0x00, 0x03, 0x00, 0x80, 0x03, 0x80, 0xC0, 0x03, 0xC0, 0x60, 0x03, 0xC0, 0x20, 0x03, 0xC0, 0x30, 0x03, 0xC0, 0x18, 0x03, 0xC0, 0x0C, 0x03, 0xC0, 0x04, 0x03, 0xC0, 0x06, 0x03, 0xC0, 0x03, 0x01, 0xC0, 0x01, 0x00, 0xC0, 0x00, 0x00, 0xC0, 0x00, 0x00, 0x00, 0x00, 0x00, 0x00, 0x00, 0x00, 0x00, 0x00, 0x00, 0x00, 0x00, 0x00, 0x00, 0x00, 0x00, 0x00, 0x00, 0x00, 0x00, 0x00, 0x00, 0x00, 0x00, 0x00, 0x00, 0x00, 0x00,  // Code for char z
        0x18, 0x00, 0x00, 0x00, 0x00, 0x00, 0x00, 0x00, 0x00, 0x00, 0x00, 0x00, 0x00, 0x00, 0x00, 0x00, 0x00, 0x00, 0x00, 0x00, 0x00, 0x00, 0x00, 0x00, 0x00, 0x00, 0x00, 0x00, 0x00, 0x00, 0x00, 0x00, 0x00, 0x00, 0x00, 0x00, 0x00, 0x00, 0x00, 0x00, 0x00, 0x00, 0x00, 0x00, 0x08, 0x1E, 0x00, 0xFC, 0x3F, 0x00, 0xFE, 0x10, 0x00, 0x03, 0x00, 0xE0, 0x01, 0x00, 0x78, 0x00, 0x00, 0x0C, 0x00, 0x00, 0x06, 0x00, 0x00, 0x03, 0x00, 0x00, 0x02, 0x00, 0x00,  // Code for char {
        0x0A, 0x00, 0x00, 0x40, 0x00, 0x00, 0x78, 0x00, 0x00, 0x3E, 0x00, 0xC0, 0x07, 0x00, 0xF8, 0x01, 0x00, 0x3F, 0x00, 0xE0, 0x07, 0x00, 0xFC, 0x00, 0x00, 0x1E, 0x00, 0x00, 0x02, 0x00, 0x00, 0x00, 0x00, 0x00, 0x00, 0x00, 0x00, 0x00, 0x00, 0x00, 0x00, 0x00, 0x00, 0x00, 0x00, 0x00, 0x00, 0x00, 0x00, 0x00, 0x00, 0x00, 0x00, 0x00, 0x00, 0x00, 0x00, 0x00, 0x00, 0x00, 0x00, 0x00, 0x00, 0x00, 0x00, 0x00, 0x00, 0x00, 0x00, 0x00, 0x00, 0x00, 0x00,  // Code for char |
        0x08, 0x00, 0x00, 0x10, 0x00, 0x00, 0x08, 0x00, 0x00, 0x0F, 0x00, 0xC0, 0x03, 0x00, 0x70, 0x00, 0x82, 0x1B, 0x00, 0xF7, 0x0F, 0x00, 0x3E, 0x04, 0x00, 0x00, 0x00, 0x00, 0x00, 0x00, 0x00, 0x00, 0x00, 0x00, 0x00, 0x00, 0x00, 0x00, 0x00, 0x00, 0x00, 0x00, 0x00, 0x00, 0x00, 0x00, 0x00, 0x00, 0x00, 0x00, 0x00, 0x00, 0x00, 0x00, 0x00, 0x00, 0x00, 0x00, 0x00, 0x00, 0x00, 0x00, 0x00, 0x00, 0x00, 0x00, 0x00, 0x00, 0x00, 0x00, 0x00, 0x00, 0x00,  // Code for char }
        0x0F, 0x00, 0x00, 0x00, 0x00, 0x00, 0x00, 0x00, 0x00, 0x00, 0x00, 0x00, 0x00, 0x00, 0x04, 0x00, 0x00, 0x06, 0x00, 0x00, 0x03, 0x00, 0x00, 0x03, 0x00, 0x00, 0x03, 0x00, 0x00, 0x07, 0x00, 0x00, 0x07, 0x00, 0x00, 0x06, 0x00, 0x00, 0x06, 0x00, 0x00, 0x06, 0x00, 0x00, 0x03, 0x00, 0x00, 0x00, 0x00, 0x00, 0x00, 0x00, 0x00, 0x00, 0x00, 0x00, 0x00, 0x00, 0x00, 0x00, 0x00, 0x00, 0x00, 0x00, 0x00, 0x00, 0x00, 0x00, 0x00, 0x00, 0x00, 0x00, 0x00,  // Code for char ~
        0x01, 0x00, 0x00, 0x00, 0x00, 0x00, 0x00, 0x00, 0x00, 0x00, 0x00, 0x00, 0x00, 0x00, 0x00, 0x00, 0x00, 0x00, 0x00, 0x00, 0x00, 0x00, 0x00, 0x00, 0x00, 0x00, 0x00, 0x00, 0x00, 0x00, 0x00, 0x00, 0x00, 0x00, 0x00, 0x00, 0x00, 0x00, 0x00, 0x00, 0x00, 0x00, 0x00, 0x00, 0x00, 0x00, 0x00, 0x00, 0x00, 0x00, 0x00, 0x00, 0x00, 0x00, 0x00, 0x00, 0x00, 0x00, 0x00, 0x00, 0x00, 0x00, 0x00, 0x00, 0x00, 0x00, 0x00, 0x00, 0x00, 0x00, 0x00, 0x00, 0x00   // Code for char 
        };
const unsigned char Arial28x28[] = {
113,28,28,4,
0x0F, 0x00, 0x00, 0x00, 0x00, 0x00, 0x00, 0x00, 0x00, 0x00, 0x00, 0x00, 0x00, 0x00, 0x00, 0x00, 0x00, 0x00, 0x00, 0x00, 0x00, 0x00, 0x00, 0x00, 0x00, 0x00, 0x00, 0x00,
0x00, 0x00, 0x00, 0x00, 0x00, 0x00, 0x00, 0x00, 0x00, 0x00, 0x00, 0x00, 0x00, 0x00, 0x00, 0x00, 0x00, 0x00, 0x00, 0x00, 0x00, 0x00, 0x00, 0x00, 0x00, 0x00, 0x00, 0x00, 0x00,
0x00, 0x00, 0x00, 0x00, 0x00, 0x00, 0x00, 0x00, 0x00, 0x00, 0x00, 0x00, 0x00, 0x00, 0x00, 0x00, 0x00, 0x00, 0x00, 0x00, 0x00, 0x00, 0x00, 0x00, 0x00, 0x00, 0x00, 0x00, 0x00,
0x00, 0x00, 0x00, 0x00, 0x00, 0x00, 0x00, 0x00, 0x00, 0x00, 0x00, 0x00, 0x00, 0x00, 0x00, 0x00, 0x00, 0x00, 0x00, 0x00, 0x00, 0x00, 0x00, 0x00, 0x00, 0x00, 0x00,  // Code for char

0x05, 0x00, 0x00, 0x00, 0x00, 0x00, 0x00, 0x00, 0x00, 0xFE, 0x3F, 0x38, 0x00, 0xFE, 0x7F, 0x38, 0x00, 0xFE, 0x3F, 0x38, 0x00, 0x00, 0x00, 0x00, 0x00, 0x00, 0x00, 0x00,
0x00, 0x00, 0x00, 0x00, 0x00, 0x00, 0x00, 0x00, 0x00, 0x00, 0x00, 0x00, 0x00, 0x00, 0x00, 0x00, 0x00, 0x00, 0x00, 0x00, 0x00, 0x00, 0x00, 0x00, 0x00, 0x00, 0x00, 0x00, 0x00,
0x00, 0x00, 0x00, 0x00, 0x00, 0x00, 0x00, 0x00, 0x00, 0x00, 0x00, 0x00, 0x00, 0x00, 0x00, 0x00, 0x00, 0x00, 0x00, 0x00, 0x00, 0x00, 0x00, 0x00, 0x00, 0x00, 0x00, 0x00, 0x00,
0x00, 0x00, 0x00, 0x00, 0x00, 0x00, 0x00, 0x00, 0x00, 0x00, 0x00, 0x00, 0x00, 0x00, 0x00, 0x00, 0x00, 0x00, 0x00, 0x00, 0x00, 0x00, 0x00, 0x00, 0x00, 0x00, 0x00,  // Code for char !

0x09, 0x00, 0x00, 0x00, 0x00, 0x7E, 0x00, 0x00, 0x00, 0xFE, 0x00, 0x00, 0x00, 0x7E, 0x00, 0x00, 0x00, 0x00, 0x00, 0x00, 0x00, 0x00, 0x00, 0x00, 0x00, 0x7E, 0x00, 0x00,
0x00, 0xFE, 0x00, 0x00, 0x00, 0x7E, 0x00, 0x00, 0x00, 0x00, 0x00, 0x00, 0x00, 0x00, 0x00, 0x00, 0x00, 0x00, 0x00, 0x00, 0x00, 0x00, 0x00, 0x00, 0x00, 0x00, 0x00, 0x00, 0x00,
0x00, 0x00, 0x00, 0x00, 0x00, 0x00, 0x00, 0x00, 0x00, 0x00, 0x00, 0x00, 0x00, 0x00, 0x00, 0x00, 0x00, 0x00, 0x00, 0x00, 0x00, 0x00, 0x00, 0x00, 0x00, 0x00, 0x00, 0x00, 0x00,
0x00, 0x00, 0x00, 0x00, 0x00, 0x00, 0x00, 0x00, 0x00, 0x00, 0x00, 0x00, 0x00, 0x00, 0x00, 0x00, 0x00, 0x00, 0x00, 0x00, 0x00, 0x00, 0x00, 0x00, 0x00, 0x00, 0x00,  // Code for char "

0x0F, 0x80, 0xC1, 0x00, 0x00, 0x80, 0xC1, 0x38, 0x00, 0x80, 0xC1, 0x3F, 0x00, 0x80, 0xFF, 0x07, 0x00, 0xF8, 0xFF, 0x00, 0x00, 0xFE, 0xC1, 0x00, 0x00, 0x8E, 0xC1, 0x00,
0x00, 0x80, 0xC1, 0x00, 0x00, 0x80, 0xC1, 0x38, 0x00, 0x80, 0xC1, 0x3F, 0x00, 0x80, 0xFF, 0x07, 0x00, 0xF8, 0xFF, 0x00, 0x00, 0xFE, 0xC1, 0x00, 0x00, 0x8E, 0xC1, 0x00, 0x00,
0x80, 0xC1, 0x00, 0x00, 0x00, 0x00, 0x00, 0x00, 0x00, 0x00, 0x00, 0x00, 0x00, 0x00, 0x00, 0x00, 0x00, 0x00, 0x00, 0x00, 0x00, 0x00, 0x00, 0x00, 0x00, 0x00, 0x00, 0x00, 0x00,
0x00, 0x00, 0x00, 0x00, 0x00, 0x00, 0x00, 0x00, 0x00, 0x00, 0x00, 0x00, 0x00, 0x00, 0x00, 0x00, 0x00, 0x00, 0x00, 0x00, 0x00, 0x00, 0x00, 0x00, 0x00, 0x00, 0x00,  // Code for char #

0x0F, 0x00, 0x00, 0x00, 0x00, 0xF0, 0x81, 0x03, 0x00, 0xF8, 0x83, 0x0F, 0x00, 0xFC, 0x87, 0x1F, 0x00, 0x0C, 0x07, 0x1E, 0x00, 0x06, 0x0E, 0x38, 0x00, 0x06, 0x0E, 0x30,
0x00, 0xFF, 0xFF, 0xFF, 0x01, 0xFF, 0xFF, 0xFF, 0x01, 0x06, 0x1C, 0x30, 0x00, 0x0E, 0x1C, 0x38, 0x00, 0x1C, 0x38, 0x1C, 0x00, 0x7C, 0xF8, 0x1F, 0x00, 0x78, 0xF0, 0x0F, 0x00,
0x60, 0xC0, 0x03, 0x00, 0x00, 0x00, 0x00, 0x00, 0x00, 0x00, 0x00, 0x00, 0x00, 0x00, 0x00, 0x00, 0x00, 0x00, 0x00, 0x00, 0x00, 0x00, 0x00, 0x00, 0x00, 0x00, 0x00, 0x00, 0x00,
0x00, 0x00, 0x00, 0x00, 0x00, 0x00, 0x00, 0x00, 0x00, 0x00, 0x00, 0x00, 0x00, 0x00, 0x00, 0x00, 0x00, 0x00, 0x00, 0x00, 0x00, 0x00, 0x00, 0x00, 0x00, 0x00, 0x00,  // Code for char $

0x18, 0x00, 0x00, 0x00, 0x00, 0x00, 0x00, 0x00, 0x00, 0xF0, 0x01, 0x00, 0x00, 0xFC, 0x07, 0x00, 0x00, 0x0E, 0x0E, 0x00, 0x00, 0x06, 0x0C, 0x00, 0x00, 0x06, 0x0C, 0x40,
0x00, 0x06, 0x0C, 0x70, 0x00, 0x0E, 0x06, 0x3C, 0x00, 0xFC, 0x07, 0x0F, 0x00, 0xF0, 0x81, 0x03, 0x00, 0x00, 0xE0, 0x01, 0x00, 0x00, 0x78, 0x00, 0x00, 0x00, 0x1E, 0x00, 0x00,
0x80, 0x07, 0x00, 0x00, 0xC0, 0x81, 0x0F, 0x00, 0xF0, 0xE0, 0x3F, 0x00, 0x3C, 0x70, 0x70, 0x00, 0x0E, 0x30, 0x60, 0x00, 0x02, 0x30, 0x60, 0x00, 0x00, 0x30, 0x60, 0x00, 0x00,
0x70, 0x70, 0x00, 0x00, 0xE0, 0x3F, 0x00, 0x00, 0x80, 0x0F, 0x00, 0x00, 0x00, 0x00, 0x00, 0x00, 0x00, 0x00, 0x00, 0x00, 0x00, 0x00, 0x00, 0x00, 0x00, 0x00, 0x00,  // Code for char %

0x13, 0x00, 0x00, 0x00, 0x00, 0x00, 0xC0, 0x03, 0x00, 0x00, 0xF0, 0x0F, 0x00, 0x70, 0xF8, 0x1F, 0x00, 0xFC, 0x39, 0x1C, 0x00, 0xFC, 0x0F, 0x38, 0x00, 0x0E, 0x0F, 0x30,
0x00, 0x06, 0x0E, 0x30, 0x00, 0x06, 0x1E, 0x30, 0x00, 0x0E, 0x3B, 0x38, 0x00, 0xFE, 0x73, 0x18, 0x00, 0xFC, 0xE1, 0x1C, 0x00, 0x78, 0xC0, 0x0F, 0x00, 0x00, 0xC0, 0x07, 0x00,
0x00, 0xF0, 0x07, 0x00, 0x00, 0xF0, 0x0F, 0x00, 0x00, 0x30, 0x1C, 0x00, 0x00, 0x00, 0x38, 0x00, 0x00, 0x00, 0x10, 0x00, 0x00, 0x00, 0x00, 0x00, 0x00, 0x00, 0x00, 0x00, 0x00,
0x00, 0x00, 0x00, 0x00, 0x00, 0x00, 0x00, 0x00, 0x00, 0x00, 0x00, 0x00, 0x00, 0x00, 0x00, 0x00, 0x00, 0x00, 0x00, 0x00, 0x00, 0x00, 0x00, 0x00, 0x00, 0x00, 0x00,  // Code for char &

0x04, 0x00, 0x00, 0x00, 0x00, 0x7E, 0x00, 0x00, 0x00, 0xFE, 0x00, 0x00, 0x00, 0x7E, 0x00, 0x00, 0x00, 0x00, 0x00, 0x00, 0x00, 0x00, 0x00, 0x00, 0x00, 0x00, 0x00, 0x00,
0x00, 0x00, 0x00, 0x00, 0x00, 0x00, 0x00, 0x00, 0x00, 0x00, 0x00, 0x00, 0x00, 0x00, 0x00, 0x00, 0x00, 0x00, 0x00, 0x00, 0x00, 0x00, 0x00, 0x00, 0x00, 0x00, 0x00, 0x00, 0x00,
0x00, 0x00, 0x00, 0x00, 0x00, 0x00, 0x00, 0x00, 0x00, 0x00, 0x00, 0x00, 0x00, 0x00, 0x00, 0x00, 0x00, 0x00, 0x00, 0x00, 0x00, 0x00, 0x00, 0x00, 0x00, 0x00, 0x00, 0x00, 0x00,
0x00, 0x00, 0x00, 0x00, 0x00, 0x00, 0x00, 0x00, 0x00, 0x00, 0x00, 0x00, 0x00, 0x00, 0x00, 0x00, 0x00, 0x00, 0x00, 0x00, 0x00, 0x00, 0x00, 0x00, 0x00, 0x00, 0x00,  // Code for char '

0x14, 0x00, 0x00, 0x00, 0x00, 0x00, 0x00, 0x00, 0x00, 0x00, 0x00, 0x00, 0x00, 0x00, 0x00, 0x00, 0x00, 0x00, 0x00, 0x00, 0x00, 0x00, 0x00, 0x00, 0x00, 0x00, 0x00, 0x00,
0x00, 0x00, 0x00, 0x00, 0x00, 0x00, 0x00, 0x00, 0x00, 0x00, 0x00, 0x00, 0x00, 0x00, 0x00, 0x00, 0x00, 0x00, 0x00, 0x00, 0x00, 0x00, 0x00, 0x00, 0x00, 0x00, 0xFC, 0x03, 0x00,
0x80, 0xFF, 0x1F, 0x00, 0xE0, 0x03, 0x7C, 0x00, 0x78, 0x00, 0xE0, 0x01, 0x1C, 0x00, 0x80, 0x03, 0x0E, 0x00, 0x00, 0x07, 0x04, 0x00, 0x00, 0x02, 0x00, 0x00, 0x00, 0x00, 0x00,
0x00, 0x00, 0x00, 0x00, 0x00, 0x00, 0x00, 0x00, 0x00, 0x00, 0x00, 0x00, 0x00, 0x00, 0x00, 0x00, 0x00, 0x00, 0x00, 0x00, 0x00, 0x00, 0x00, 0x00, 0x00, 0x00, 0x00,  // Code for char (

0x05, 0x1C, 0x00, 0x80, 0x03, 0x78, 0x00, 0xE0, 0x01, 0xE0, 0x03, 0x7C, 0x00, 0x80, 0xFF, 0x1F, 0x00, 0x00, 0xFC, 0x03, 0x00, 0x00, 0x00, 0x00, 0x00, 0x00, 0x00, 0x00,
0x00, 0x00, 0x00, 0x00, 0x00, 0x00, 0x00, 0x00, 0x00, 0x00, 0x00, 0x00, 0x00, 0x00, 0x00, 0x00, 0x00, 0x00, 0x00, 0x00, 0x00, 0x00, 0x00, 0x00, 0x00, 0x00, 0x00, 0x00, 0x00,
0x00, 0x00, 0x00, 0x00, 0x00, 0x00, 0x00, 0x00, 0x00, 0x00, 0x00, 0x00, 0x00, 0x00, 0x00, 0x00, 0x00, 0x00, 0x00, 0x00, 0x00, 0x00, 0x00, 0x00, 0x00, 0x00, 0x00, 0x00, 0x00,
0x00, 0x00, 0x00, 0x00, 0x00, 0x00, 0x00, 0x00, 0x00, 0x00, 0x00, 0x00, 0x00, 0x00, 0x00, 0x00, 0x00, 0x00, 0x00, 0x00, 0x00, 0x00, 0x00, 0x00, 0x00, 0x00, 0x00,  // Code for char )

0x0A, 0x10, 0x00, 0x00, 0x00, 0x18, 0x01, 0x00, 0x00, 0xB0, 0x03, 0x00, 0x00, 0xF0, 0x01, 0x00, 0x00, 0xFE, 0x00, 0x00, 0x00, 0xFE, 0x00, 0x00, 0x00, 0xF0, 0x01, 0x00,
0x00, 0xB0, 0x03, 0x00, 0x00, 0x18, 0x01, 0x00, 0x00, 0x10, 0x00, 0x00, 0x00, 0x00, 0x00, 0x00, 0x00, 0x00, 0x00, 0x00, 0x00, 0x00, 0x00, 0x00, 0x00, 0x00, 0x00, 0x00, 0x00,
0x00, 0x00, 0x00, 0x00, 0x00, 0x00, 0x00, 0x00, 0x00, 0x00, 0x00, 0x00, 0x00, 0x00, 0x00, 0x00, 0x00, 0x00, 0x00, 0x00, 0x00, 0x00, 0x00, 0x00, 0x00, 0x00, 0x00, 0x00, 0x00,
0x00, 0x00, 0x00, 0x00, 0x00, 0x00, 0x00, 0x00, 0x00, 0x00, 0x00, 0x00, 0x00, 0x00, 0x00, 0x00, 0x00, 0x00, 0x00, 0x00, 0x00, 0x00, 0x00, 0x00, 0x00, 0x00, 0x00,  // Code for char *

0x0F, 0x00, 0x00, 0x00, 0x00, 0x00, 0x18, 0x00, 0x00, 0x00, 0x18, 0x00, 0x00, 0x00, 0x18, 0x00, 0x00, 0x00, 0x18, 0x00, 0x00, 0x00, 0x18, 0x00, 0x00, 0x00, 0x18, 0x00,
0x00, 0xE0, 0xFF, 0x07, 0x00, 0xE0, 0xFF, 0x07, 0x00, 0x00, 0x18, 0x00, 0x00, 0x00, 0x18, 0x00, 0x00, 0x00, 0x18, 0x00, 0x00, 0x00, 0x18, 0x00, 0x00, 0x00, 0x18, 0x00, 0x00,
0x00, 0x18, 0x00, 0x00, 0x00, 0x00, 0x00, 0x00, 0x00, 0x00, 0x00, 0x00, 0x00, 0x00, 0x00, 0x00, 0x00, 0x00, 0x00, 0x00, 0x00, 0x00, 0x00, 0x00, 0x00, 0x00, 0x00, 0x00, 0x00,
0x00, 0x00, 0x00, 0x00, 0x00, 0x00, 0x00, 0x00, 0x00, 0x00, 0x00, 0x00, 0x00, 0x00, 0x00, 0x00, 0x00, 0x00, 0x00, 0x00, 0x00, 0x00, 0x00, 0x00, 0x00, 0x00, 0x00,  // Code for char +

0x05, 0x00, 0x00, 0x00, 0x00, 0x00, 0x00, 0x00, 0x00, 0x00, 0x00, 0x38, 0x02, 0x00, 0x00, 0x38, 0x03, 0x00, 0x00, 0xF8, 0x00, 0x00, 0x00, 0x00, 0x00, 0x00, 0x00, 0x00,
0x00, 0x00, 0x00, 0x00, 0x00, 0x00, 0x00, 0x00, 0x00, 0x00, 0x00, 0x00, 0x00, 0x00, 0x00, 0x00, 0x00, 0x00, 0x00, 0x00, 0x00, 0x00, 0x00, 0x00, 0x00, 0x00, 0x00, 0x00, 0x00,
0x00, 0x00, 0x00, 0x00, 0x00, 0x00, 0x00, 0x00, 0x00, 0x00, 0x00, 0x00, 0x00, 0x00, 0x00, 0x00, 0x00, 0x00, 0x00, 0x00, 0x00, 0x00, 0x00, 0x00, 0x00, 0x00, 0x00, 0x00, 0x00,
0x00, 0x00, 0x00, 0x00, 0x00, 0x00, 0x00, 0x00, 0x00, 0x00, 0x00, 0x00, 0x00, 0x00, 0x00, 0x00, 0x00, 0x00, 0x00, 0x00, 0x00, 0x00, 0x00, 0x00, 0x00, 0x00, 0x00,  // Code for char ,

0x09, 0x00, 0x00, 0x00, 0x00, 0x00, 0xE0, 0x00, 0x00, 0x00, 0xE0, 0x00, 0x00, 0x00, 0xE0, 0x00, 0x00, 0x00, 0xE0, 0x00, 0x00, 0x00, 0xE0, 0x00, 0x00, 0x00, 0xE0, 0x00,
0x00, 0x00, 0xE0, 0x00, 0x00, 0x00, 0xE0, 0x00, 0x00, 0x00, 0x00, 0x00, 0x00, 0x00, 0x00, 0x00, 0x00, 0x00, 0x00, 0x00, 0x00, 0x00, 0x00, 0x00, 0x00, 0x00, 0x00, 0x00, 0x00,
0x00, 0x00, 0x00, 0x00, 0x00, 0x00, 0x00, 0x00, 0x00, 0x00, 0x00, 0x00, 0x00, 0x00, 0x00, 0x00, 0x00, 0x00, 0x00, 0x00, 0x00, 0x00, 0x00, 0x00, 0x00, 0x00, 0x00, 0x00, 0x00,
0x00, 0x00, 0x00, 0x00, 0x00, 0x00, 0x00, 0x00, 0x00, 0x00, 0x00, 0x00, 0x00, 0x00, 0x00, 0x00, 0x00, 0x00, 0x00, 0x00, 0x00, 0x00, 0x00, 0x00, 0x00, 0x00, 0x00,  // Code for char -

0x05, 0x00, 0x00, 0x00, 0x00, 0x00, 0x00, 0x00, 0x00, 0x00, 0x00, 0x38, 0x00, 0x00, 0x00, 0x38, 0x00, 0x00, 0x00, 0x38, 0x00, 0x00, 0x00, 0x00, 0x00, 0x00, 0x00, 0x00,
0x00, 0x00, 0x00, 0x00, 0x00, 0x00, 0x00, 0x00, 0x00, 0x00, 0x00, 0x00, 0x00, 0x00, 0x00, 0x00, 0x00, 0x00, 0x00, 0x00, 0x00, 0x00, 0x00, 0x00, 0x00, 0x00, 0x00, 0x00, 0x00,
0x00, 0x00, 0x00, 0x00, 0x00, 0x00, 0x00, 0x00, 0x00, 0x00, 0x00, 0x00, 0x00, 0x00, 0x00, 0x00, 0x00, 0x00, 0x00, 0x00, 0x00, 0x00, 0x00, 0x00, 0x00, 0x00, 0x00, 0x00, 0x00,
0x00, 0x00, 0x00, 0x00, 0x00, 0x00, 0x00, 0x00, 0x00, 0x00, 0x00, 0x00, 0x00, 0x00, 0x00, 0x00, 0x00, 0x00, 0x00, 0x00, 0x00, 0x00, 0x00, 0x00, 0x00, 0x00, 0x00,  // Code for char .

0x08, 0x00, 0x00, 0x30, 0x00, 0x00, 0x00, 0x3E, 0x00, 0x00, 0xE0, 0x0F, 0x00, 0x00, 0xFC, 0x01, 0x00, 0xC0, 0x1F, 0x00, 0x00, 0xF8, 0x03, 0x00, 0x00, 0x3E, 0x00, 0x00,
0x00, 0x06, 0x00, 0x00, 0x00, 0x00, 0x00, 0x00, 0x00, 0x00, 0x00, 0x00, 0x00, 0x00, 0x00, 0x00, 0x00, 0x00, 0x00, 0x00, 0x00, 0x00, 0x00, 0x00, 0x00, 0x00, 0x00, 0x00, 0x00,
0x00, 0x00, 0x00, 0x00, 0x00, 0x00, 0x00, 0x00, 0x00, 0x00, 0x00, 0x00, 0x00, 0x00, 0x00, 0x00, 0x00, 0x00, 0x00, 0x00, 0x00, 0x00, 0x00, 0x00, 0x00, 0x00, 0x00, 0x00, 0x00,
0x00, 0x00, 0x00, 0x00, 0x00, 0x00, 0x00, 0x00, 0x00, 0x00, 0x00, 0x00, 0x00, 0x00, 0x00, 0x00, 0x00, 0x00, 0x00, 0x00, 0x00, 0x00, 0x00, 0x00, 0x00, 0x00, 0x00,  // Code for char /

0x0F, 0x00, 0x00, 0x00, 0x00, 0x80, 0xFF, 0x01, 0x00, 0xF0, 0xFF, 0x07, 0x00, 0xF8, 0xFF, 0x0F, 0x00, 0x7C, 0x00, 0x1F, 0x00, 0x1E, 0x00, 0x3C, 0x00, 0x0E, 0x00, 0x38,
0x00, 0x0E, 0x00, 0x38, 0x00, 0x0E, 0x00, 0x38, 0x00, 0x1E, 0x00, 0x3C, 0x00, 0x7C, 0x00, 0x1F, 0x00, 0xF8, 0xFF, 0x0F, 0x00, 0xF0, 0xFF, 0x07, 0x00, 0xC0, 0xFF, 0x01, 0x00,
0x00, 0x00, 0x00, 0x00, 0x00, 0x00, 0x00, 0x00, 0x00, 0x00, 0x00, 0x00, 0x00, 0x00, 0x00, 0x00, 0x00, 0x00, 0x00, 0x00, 0x00, 0x00, 0x00, 0x00, 0x00, 0x00, 0x00, 0x00, 0x00,
0x00, 0x00, 0x00, 0x00, 0x00, 0x00, 0x00, 0x00, 0x00, 0x00, 0x00, 0x00, 0x00, 0x00, 0x00, 0x00, 0x00, 0x00, 0x00, 0x00, 0x00, 0x00, 0x00, 0x00, 0x00, 0x00, 0x00,  // Code for char 0

0x0F, 0x00, 0x00, 0x00, 0x00, 0x00, 0x00, 0x00, 0x00, 0xC0, 0x01, 0x00, 0x00, 0xE0, 0x00, 0x00, 0x00, 0xE0, 0x00, 0x00, 0x00, 0x70, 0x00, 0x00, 0x00, 0x38, 0x00, 0x00,
0x00, 0xFC, 0xFF, 0x3F, 0x00, 0xFE, 0xFF, 0x3F, 0x00, 0xFE, 0xFF, 0x3F, 0x00, 0x00, 0x00, 0x00, 0x00, 0x00, 0x00, 0x00, 0x00, 0x00, 0x00, 0x00, 0x00, 0x00, 0x00, 0x00, 0x00,
0x00, 0x00, 0x00, 0x00, 0x00, 0x00, 0x00, 0x00, 0x00, 0x00, 0x00, 0x00, 0x00, 0x00, 0x00, 0x00, 0x00, 0x00, 0x00, 0x00, 0x00, 0x00, 0x00, 0x00, 0x00, 0x00, 0x00, 0x00, 0x00,
0x00, 0x00, 0x00, 0x00, 0x00, 0x00, 0x00, 0x00, 0x00, 0x00, 0x00, 0x00, 0x00, 0x00, 0x00, 0x00, 0x00, 0x00, 0x00, 0x00, 0x00, 0x00, 0x00, 0x00, 0x00, 0x00, 0x00,  // Code for char 1

0x0F, 0x00, 0x00, 0x00, 0x00, 0x60, 0x00, 0x30, 0x00, 0x78, 0x00, 0x3C, 0x00, 0x7C, 0x00, 0x3E, 0x00, 0x1C, 0x00, 0x3F, 0x00, 0x0E, 0x80, 0x3B, 0x00, 0x0E, 0xC0, 0x39,
0x00, 0x0E, 0xE0, 0x38, 0x00, 0x0E, 0x70, 0x38, 0x00, 0x0E, 0x3C, 0x38, 0x00, 0x1E, 0x1E, 0x38, 0x00, 0xFC, 0x0F, 0x38, 0x00, 0xF8, 0x03, 0x38, 0x00, 0xF0, 0x01, 0x38, 0x00,
0x00, 0x00, 0x00, 0x00, 0x00, 0x00, 0x00, 0x00, 0x00, 0x00, 0x00, 0x00, 0x00, 0x00, 0x00, 0x00, 0x00, 0x00, 0x00, 0x00, 0x00, 0x00, 0x00, 0x00, 0x00, 0x00, 0x00, 0x00, 0x00,
0x00, 0x00, 0x00, 0x00, 0x00, 0x00, 0x00, 0x00, 0x00, 0x00, 0x00, 0x00, 0x00, 0x00, 0x00, 0x00, 0x00, 0x00, 0x00, 0x00, 0x00, 0x00, 0x00, 0x00, 0x00, 0x00, 0x00,  // Code for char 2

0x0F, 0x00, 0x00, 0x00, 0x00, 0x60, 0x00, 0x03, 0x00, 0x78, 0x00, 0x0F, 0x00, 0x7C, 0x00, 0x1F, 0x00, 0x1C, 0x00, 0x1E, 0x00, 0x0E, 0x00, 0x3C, 0x00, 0x0E, 0x1C, 0x38,
0x00, 0x0E, 0x1C, 0x38, 0x00, 0x0E, 0x1C, 0x38, 0x00, 0x1E, 0x1E, 0x3C, 0x00, 0xFC, 0x3F, 0x1C, 0x00, 0xF8, 0xF3, 0x1F, 0x00, 0xF0, 0xF1, 0x0F, 0x00, 0x00, 0xC0, 0x03, 0x00,
0x00, 0x00, 0x00, 0x00, 0x00, 0x00, 0x00, 0x00, 0x00, 0x00, 0x00, 0x00, 0x00, 0x00, 0x00, 0x00, 0x00, 0x00, 0x00, 0x00, 0x00, 0x00, 0x00, 0x00, 0x00, 0x00, 0x00, 0x00, 0x00,
0x00, 0x00, 0x00, 0x00, 0x00, 0x00, 0x00, 0x00, 0x00, 0x00, 0x00, 0x00, 0x00, 0x00, 0x00, 0x00, 0x00, 0x00, 0x00, 0x00, 0x00, 0x00, 0x00, 0x00, 0x00, 0x00, 0x00,  // Code for char 3

0x0F, 0x00, 0xE0, 0x01, 0x00, 0x00, 0xF0, 0x01, 0x00, 0x00, 0xF8, 0x01, 0x00, 0x00, 0xCE, 0x01, 0x00, 0x00, 0xC7, 0x01, 0x00, 0xC0, 0xC3, 0x01, 0x00, 0xE0, 0xC0, 0x01,
0x00, 0x70, 0xC0, 0x01, 0x00, 0x1C, 0xC0, 0x01, 0x00, 0xFE, 0xFF, 0x3F, 0x00, 0xFE, 0xFF, 0x3F, 0x00, 0xFE, 0xFF, 0x3F, 0x00, 0x00, 0xC0, 0x01, 0x00, 0x00, 0xC0, 0x01, 0x00,
0x00, 0xC0, 0x01, 0x00, 0x00, 0x00, 0x00, 0x00, 0x00, 0x00, 0x00, 0x00, 0x00, 0x00, 0x00, 0x00, 0x00, 0x00, 0x00, 0x00, 0x00, 0x00, 0x00, 0x00, 0x00, 0x00, 0x00, 0x00, 0x00,
0x00, 0x00, 0x00, 0x00, 0x00, 0x00, 0x00, 0x00, 0x00, 0x00, 0x00, 0x00, 0x00, 0x00, 0x00, 0x00, 0x00, 0x00, 0x00, 0x00, 0x00, 0x00, 0x00, 0x00, 0x00, 0x00, 0x00,  // Code for char 4

0x0F, 0x00, 0x00, 0x00, 0x00, 0x00, 0x1C, 0x03, 0x00, 0xF0, 0x1F, 0x0F, 0x00, 0xFE, 0x1F, 0x1F, 0x00, 0xFE, 0x0E, 0x1E, 0x00, 0x0E, 0x06, 0x38, 0x00, 0x0E, 0x07, 0x38,
0x00, 0x0E, 0x07, 0x38, 0x00, 0x0E, 0x07, 0x38, 0x00, 0x0E, 0x0F, 0x3C, 0x00, 0x0E, 0x1E, 0x1E, 0x00, 0x0E, 0xFE, 0x1F, 0x00, 0x0E, 0xFC, 0x07, 0x00, 0x00, 0xF0, 0x03, 0x00,
0x00, 0x00, 0x00, 0x00, 0x00, 0x00, 0x00, 0x00, 0x00, 0x00, 0x00, 0x00, 0x00, 0x00, 0x00, 0x00, 0x00, 0x00, 0x00, 0x00, 0x00, 0x00, 0x00, 0x00, 0x00, 0x00, 0x00, 0x00, 0x00,
0x00, 0x00, 0x00, 0x00, 0x00, 0x00, 0x00, 0x00, 0x00, 0x00, 0x00, 0x00, 0x00, 0x00, 0x00, 0x00, 0x00, 0x00, 0x00, 0x00, 0x00, 0x00, 0x00, 0x00, 0x00, 0x00, 0x00,  // Code for char 5

0x0F, 0x00, 0x00, 0x00, 0x00, 0x80, 0xFF, 0x01, 0x00, 0xF0, 0xFF, 0x07, 0x00, 0xF8, 0xFF, 0x0F, 0x00, 0x7C, 0x38, 0x1E, 0x00, 0x1C, 0x1C, 0x3C, 0x00, 0x0E, 0x0E, 0x38,
0x00, 0x0E, 0x0E, 0x38, 0x00, 0x0E, 0x0E, 0x38, 0x00, 0x0E, 0x1E, 0x3C, 0x00, 0x1E, 0x3E, 0x1E, 0x00, 0x3C, 0xFC, 0x1F, 0x00, 0x38, 0xF8, 0x0F, 0x00, 0x30, 0xE0, 0x03, 0x00,
0x00, 0x00, 0x00, 0x00, 0x00, 0x00, 0x00, 0x00, 0x00, 0x00, 0x00, 0x00, 0x00, 0x00, 0x00, 0x00, 0x00, 0x00, 0x00, 0x00, 0x00, 0x00, 0x00, 0x00, 0x00, 0x00, 0x00, 0x00, 0x00,
0x00, 0x00, 0x00, 0x00, 0x00, 0x00, 0x00, 0x00, 0x00, 0x00, 0x00, 0x00, 0x00, 0x00, 0x00, 0x00, 0x00, 0x00, 0x00, 0x00, 0x00, 0x00, 0x00, 0x00, 0x00, 0x00, 0x00,  // Code for char 6

0x0F, 0x00, 0x00, 0x00, 0x00, 0x0E, 0x00, 0x00, 0x00, 0x0E, 0x00, 0x00, 0x00, 0x0E, 0x00, 0x00, 0x00, 0x0E, 0x00, 0x3C, 0x00, 0x0E, 0xC0, 0x3F, 0x00, 0x0E, 0xF8, 0x3F,
0x00, 0x0E, 0xFE, 0x03, 0x00, 0x8E, 0x3F, 0x00, 0x00, 0xCE, 0x07, 0x00, 0x00, 0xFE, 0x01, 0x00, 0x00, 0x7E, 0x00, 0x00, 0x00, 0x1E, 0x00, 0x00, 0x00, 0x0E, 0x00, 0x00, 0x00,
0x00, 0x00, 0x00, 0x00, 0x00, 0x00, 0x00, 0x00, 0x00, 0x00, 0x00, 0x00, 0x00, 0x00, 0x00, 0x00, 0x00, 0x00, 0x00, 0x00, 0x00, 0x00, 0x00, 0x00, 0x00, 0x00, 0x00, 0x00, 0x00,
0x00, 0x00, 0x00, 0x00, 0x00, 0x00, 0x00, 0x00, 0x00, 0x00, 0x00, 0x00, 0x00, 0x00, 0x00, 0x00, 0x00, 0x00, 0x00, 0x00, 0x00, 0x00, 0x00, 0x00, 0x00, 0x00, 0x00,  // Code for char 7

0x0F, 0x00, 0x00, 0x00, 0x00, 0x00, 0xC0, 0x07, 0x00, 0xF0, 0xE1, 0x0F, 0x00, 0xF8, 0xF7, 0x1F, 0x00, 0xFC, 0x37, 0x1C, 0x00, 0x1E, 0x1E, 0x3C, 0x00, 0x0E, 0x1C, 0x38,
0x00, 0x0E, 0x1C, 0x38, 0x00, 0x0E, 0x1C, 0x38, 0x00, 0x1E, 0x3E, 0x38, 0x00, 0xFC, 0x37, 0x1C, 0x00, 0xF8, 0xF7, 0x1F, 0x00, 0xF0, 0xE1, 0x0F, 0x00, 0x00, 0xC0, 0x07, 0x00,
0x00, 0x00, 0x00, 0x00, 0x00, 0x00, 0x00, 0x00, 0x00, 0x00, 0x00, 0x00, 0x00, 0x00, 0x00, 0x00, 0x00, 0x00, 0x00, 0x00, 0x00, 0x00, 0x00, 0x00, 0x00, 0x00, 0x00, 0x00, 0x00,
0x00, 0x00, 0x00, 0x00, 0x00, 0x00, 0x00, 0x00, 0x00, 0x00, 0x00, 0x00, 0x00, 0x00, 0x00, 0x00, 0x00, 0x00, 0x00, 0x00, 0x00, 0x00, 0x00, 0x00, 0x00, 0x00, 0x00,  // Code for char 8

0x0F, 0x00, 0x00, 0x00, 0x00, 0xE0, 0x03, 0x06, 0x00, 0xF8, 0x0F, 0x0E, 0x00, 0xFC, 0x1F, 0x1E, 0x00, 0x3C, 0x3E, 0x3C, 0x00, 0x1E, 0x3C, 0x38, 0x00, 0x0E, 0x38, 0x38,
0x00, 0x0E, 0x38, 0x38, 0x00, 0x0E, 0x38, 0x38, 0x00, 0x1E, 0x1C, 0x1C, 0x00, 0x3C, 0x0E, 0x1F, 0x00, 0xF8, 0xFF, 0x0F, 0x00, 0xF0, 0xFF, 0x07, 0x00, 0xC0, 0xFF, 0x00, 0x00,
0x00, 0x00, 0x00, 0x00, 0x00, 0x00, 0x00, 0x00, 0x00, 0x00, 0x00, 0x00, 0x00, 0x00, 0x00, 0x00, 0x00, 0x00, 0x00, 0x00, 0x00, 0x00, 0x00, 0x00, 0x00, 0x00, 0x00, 0x00, 0x00,
0x00, 0x00, 0x00, 0x00, 0x00, 0x00, 0x00, 0x00, 0x00, 0x00, 0x00, 0x00, 0x00, 0x00, 0x00, 0x00, 0x00, 0x00, 0x00, 0x00, 0x00, 0x00, 0x00, 0x00, 0x00, 0x00, 0x00,  // Code for char 9

0x05, 0x00, 0x00, 0x00, 0x00, 0x00, 0x00, 0x00, 0x00, 0x80, 0x03, 0x38, 0x00, 0x80, 0x03, 0x38, 0x00, 0x80, 0x03, 0x38, 0x00, 0x00, 0x00, 0x00, 0x00, 0x00, 0x00, 0x00,
0x00, 0x00, 0x00, 0x00, 0x00, 0x00, 0x00, 0x00, 0x00, 0x00, 0x00, 0x00, 0x00, 0x00, 0x00, 0x00, 0x00, 0x00, 0x00, 0x00, 0x00, 0x00, 0x00, 0x00, 0x00, 0x00, 0x00, 0x00, 0x00,
0x00, 0x00, 0x00, 0x00, 0x00, 0x00, 0x00, 0x00, 0x00, 0x00, 0x00, 0x00, 0x00, 0x00, 0x00, 0x00, 0x00, 0x00, 0x00, 0x00, 0x00, 0x00, 0x00, 0x00, 0x00, 0x00, 0x00, 0x00, 0x00,
0x00, 0x00, 0x00, 0x00, 0x00, 0x00, 0x00, 0x00, 0x00, 0x00, 0x00, 0x00, 0x00, 0x00, 0x00, 0x00, 0x00, 0x00, 0x00, 0x00, 0x00, 0x00, 0x00, 0x00, 0x00, 0x00, 0x00,  // Code for char :

0x05, 0x00, 0x00, 0x00, 0x00, 0x00, 0x00, 0x00, 0x00, 0x80, 0x03, 0x38, 0x02, 0x80, 0x03, 0x38, 0x03, 0x80, 0x03, 0xF8, 0x00, 0x00, 0x00, 0x00, 0x00, 0x00, 0x00, 0x00,
0x00, 0x00, 0x00, 0x00, 0x00, 0x00, 0x00, 0x00, 0x00, 0x00, 0x00, 0x00, 0x00, 0x00, 0x00, 0x00, 0x00, 0x00, 0x00, 0x00, 0x00, 0x00, 0x00, 0x00, 0x00, 0x00, 0x00, 0x00, 0x00,
0x00, 0x00, 0x00, 0x00, 0x00, 0x00, 0x00, 0x00, 0x00, 0x00, 0x00, 0x00, 0x00, 0x00, 0x00, 0x00, 0x00, 0x00, 0x00, 0x00, 0x00, 0x00, 0x00, 0x00, 0x00, 0x00, 0x00, 0x00, 0x00,
0x00, 0x00, 0x00, 0x00, 0x00, 0x00, 0x00, 0x00, 0x00, 0x00, 0x00, 0x00, 0x00, 0x00, 0x00, 0x00, 0x00, 0x00, 0x00, 0x00, 0x00, 0x00, 0x00, 0x00, 0x00, 0x00, 0x00,  // Code for char ;

0x0F, 0x00, 0x00, 0x00, 0x00, 0x00, 0x08, 0x00, 0x00, 0x00, 0x1C, 0x00, 0x00, 0x00, 0x1C, 0x00, 0x00, 0x00, 0x36, 0x00, 0x00, 0x00, 0x36, 0x00, 0x00, 0x00, 0x63, 0x00,
0x00, 0x00, 0x63, 0x00, 0x00, 0x80, 0xC1, 0x00, 0x00, 0x80, 0xC1, 0x00, 0x00, 0xC0, 0x80, 0x01, 0x00, 0xC0, 0x80, 0x01, 0x00, 0x60, 0x00, 0x03, 0x00, 0x60, 0x00, 0x03, 0x00,
0x30, 0x00, 0x06, 0x00, 0x00, 0x00, 0x00, 0x00, 0x00, 0x00, 0x00, 0x00, 0x00, 0x00, 0x00, 0x00, 0x00, 0x00, 0x00, 0x00, 0x00, 0x00, 0x00, 0x00, 0x00, 0x00, 0x00, 0x00, 0x00,
0x00, 0x00, 0x00, 0x00, 0x00, 0x00, 0x00, 0x00, 0x00, 0x00, 0x00, 0x00, 0x00, 0x00, 0x00, 0x00, 0x00, 0x00, 0x00, 0x00, 0x00, 0x00, 0x00, 0x00, 0x00, 0x00, 0x00,  // Code for char <

0x0F, 0x00, 0x00, 0x00, 0x00, 0x80, 0xC1, 0x00, 0x00, 0x80, 0xC1, 0x00, 0x00, 0x80, 0xC1, 0x00, 0x00, 0x80, 0xC1, 0x00, 0x00, 0x80, 0xC1, 0x00, 0x00, 0x80, 0xC1, 0x00,
0x00, 0x80, 0xC1, 0x00, 0x00, 0x80, 0xC1, 0x00, 0x00, 0x80, 0xC1, 0x00, 0x00, 0x80, 0xC1, 0x00, 0x00, 0x80, 0xC1, 0x00, 0x00, 0x80, 0xC1, 0x00, 0x00, 0x80, 0xC1, 0x00, 0x00,
0x80, 0xC1, 0x00, 0x00, 0x00, 0x00, 0x00, 0x00, 0x00, 0x00, 0x00, 0x00, 0x00, 0x00, 0x00, 0x00, 0x00, 0x00, 0x00, 0x00, 0x00, 0x00, 0x00, 0x00, 0x00, 0x00, 0x00, 0x00, 0x00,
0x00, 0x00, 0x00, 0x00, 0x00, 0x00, 0x00, 0x00, 0x00, 0x00, 0x00, 0x00, 0x00, 0x00, 0x00, 0x00, 0x00, 0x00, 0x00, 0x00, 0x00, 0x00, 0x00, 0x00, 0x00, 0x00, 0x00,  // Code for char =

0x0F, 0x00, 0x00, 0x00, 0x00, 0x30, 0x00, 0x03, 0x00, 0x60, 0x80, 0x01, 0x00, 0x60, 0x80, 0x01, 0x00, 0xC0, 0x80, 0x01, 0x00, 0xC0, 0xC0, 0x00, 0x00, 0x80, 0xC1, 0x00,
0x00, 0x80, 0x61, 0x00, 0x00, 0x00, 0x63, 0x00, 0x00, 0x00, 0x63, 0x00, 0x00, 0x00, 0x36, 0x00, 0x00, 0x00, 0x36, 0x00, 0x00, 0x00, 0x1C, 0x00, 0x00, 0x00, 0x1C, 0x00, 0x00,
0x00, 0x18, 0x00, 0x00, 0x00, 0x00, 0x00, 0x00, 0x00, 0x00, 0x00, 0x00, 0x00, 0x00, 0x00, 0x00, 0x00, 0x00, 0x00, 0x00, 0x00, 0x00, 0x00, 0x00, 0x00, 0x00, 0x00, 0x00, 0x00,
0x00, 0x00, 0x00, 0x00, 0x00, 0x00, 0x00, 0x00, 0x00, 0x00, 0x00, 0x00, 0x00, 0x00, 0x00, 0x00, 0x00, 0x00, 0x00, 0x00, 0x00, 0x00, 0x00, 0x00, 0x00, 0x00, 0x00,  // Code for char >

0x0E, 0x00, 0x00, 0x00, 0x00, 0x60, 0x00, 0x00, 0x00, 0x78, 0x00, 0x00, 0x00, 0x7C, 0x00, 0x00, 0x00, 0x1C, 0x00, 0x00, 0x00, 0x0E, 0x00, 0x00, 0x00, 0x06, 0xC0, 0x39,
0x00, 0x06, 0xF0, 0x39, 0x00, 0x06, 0x78, 0x38, 0x00, 0x0E, 0x3C, 0x00, 0x00, 0x1C, 0x0E, 0x00, 0x00, 0xFC, 0x07, 0x00, 0x00, 0xF8, 0x03, 0x00, 0x00, 0xF0, 0x01, 0x00, 0x00,
0x00, 0x00, 0x00, 0x00, 0x00, 0x00, 0x00, 0x00, 0x00, 0x00, 0x00, 0x00, 0x00, 0x00, 0x00, 0x00, 0x00, 0x00, 0x00, 0x00, 0x00, 0x00, 0x00, 0x00, 0x00, 0x00, 0x00, 0x00, 0x00,
0x00, 0x00, 0x00, 0x00, 0x00, 0x00, 0x00, 0x00, 0x00, 0x00, 0x00, 0x00, 0x00, 0x00, 0x00, 0x00, 0x00, 0x00, 0x00, 0x00, 0x00, 0x00, 0x00, 0x00, 0x00, 0x00, 0x00,  // Code for char ?

0x1C, 0x00, 0x00, 0x00, 0x00, 0x00, 0x00, 0x00, 0x00, 0x00, 0xF8, 0x07, 0x00, 0x00, 0xFE, 0x3F, 0x00, 0x80, 0x07, 0x78, 0x00, 0xE0, 0x01, 0xE0, 0x00, 0x70, 0x00, 0xC0,
0x01, 0x38, 0xE0, 0x87, 0x03, 0x18, 0xF8, 0x0F, 0x07, 0x1C, 0xFE, 0x1F, 0x06, 0x0C, 0x1F, 0x3C, 0x06, 0x0E, 0x07, 0x30, 0x0E, 0x86, 0x03, 0x30, 0x0C, 0x86, 0x01, 0x30, 0x0C,
0x86, 0x01, 0x18, 0x0C, 0x86, 0x01, 0x0C, 0x0C, 0x06, 0x03, 0x1F, 0x0C, 0x06, 0xFF, 0x3F, 0x0C, 0x86, 0xFF, 0x3F, 0x0C, 0x8C, 0xFF, 0x31, 0x0C, 0x8C, 0x07, 0x30, 0x04, 0x1C,
0x00, 0x18, 0x06, 0x38, 0x00, 0x18, 0x06, 0x70, 0x00, 0x0E, 0x03, 0xE0, 0x81, 0x07, 0x03, 0xC0, 0xFF, 0x81, 0x01, 0x00, 0x7E, 0xC0, 0x00, 0x00, 0x00, 0x40, 0x00,  // Code for char @

0x13, 0x00, 0x00, 0x30, 0x00, 0x00, 0x00, 0x3C, 0x00, 0x00, 0x80, 0x3F, 0x00, 0x00, 0xE0, 0x0F, 0x00, 0x00, 0xFC, 0x03, 0x00, 0x00, 0xFF, 0x00, 0x00, 0xE0, 0xFF, 0x00,
0x00, 0xF8, 0xE3, 0x00, 0x00, 0x7E, 0xE0, 0x00, 0x00, 0x0E, 0xE0, 0x00, 0x00, 0x7E, 0xE0, 0x00, 0x00, 0xF8, 0xE3, 0x00, 0x00, 0xE0, 0xFF, 0x00, 0x00, 0x00, 0xFF, 0x00, 0x00,
0x00, 0xFC, 0x03, 0x00, 0x00, 0xE0, 0x0F, 0x00, 0x00, 0x80, 0x3F, 0x00, 0x00, 0x00, 0x3C, 0x00, 0x00, 0x00, 0x30, 0x00, 0x00, 0x00, 0x00, 0x00, 0x00, 0x00, 0x00, 0x00, 0x00,
0x00, 0x00, 0x00, 0x00, 0x00, 0x00, 0x00, 0x00, 0x00, 0x00, 0x00, 0x00, 0x00, 0x00, 0x00, 0x00, 0x00, 0x00, 0x00, 0x00, 0x00, 0x00, 0x00, 0x00, 0x00, 0x00, 0x00,  // Code for char A

0x11, 0x00, 0x00, 0x00, 0x00, 0x00, 0x00, 0x00, 0x00, 0xFE, 0xFF, 0x3F, 0x00, 0xFE, 0xFF, 0x3F, 0x00, 0xFE, 0xFF, 0x3F, 0x00, 0x0E, 0x1C, 0x38, 0x00, 0x0E, 0x1C, 0x38,
0x00, 0x0E, 0x1C, 0x38, 0x00, 0x0E, 0x1C, 0x38, 0x00, 0x0E, 0x1C, 0x38, 0x00, 0x0E, 0x1C, 0x38, 0x00, 0x0E, 0x1C, 0x38, 0x00, 0x1E, 0x1E, 0x38, 0x00, 0xFC, 0x3F, 0x1C, 0x00,
0xF8, 0xF3, 0x1F, 0x00, 0xF0, 0xE1, 0x0F, 0x00, 0x00, 0xC0, 0x07, 0x00, 0x00, 0x00, 0x00, 0x00, 0x00, 0x00, 0x00, 0x00, 0x00, 0x00, 0x00, 0x00, 0x00, 0x00, 0x00, 0x00, 0x00,
0x00, 0x00, 0x00, 0x00, 0x00, 0x00, 0x00, 0x00, 0x00, 0x00, 0x00, 0x00, 0x00, 0x00, 0x00, 0x00, 0x00, 0x00, 0x00, 0x00, 0x00, 0x00, 0x00, 0x00, 0x00, 0x00, 0x00,  // Code for char B

0x13, 0x00, 0x00, 0x00, 0x00, 0x00, 0x7F, 0x00, 0x00, 0xE0, 0xFF, 0x03, 0x00, 0xF0, 0xFF, 0x07, 0x00, 0xF8, 0x80, 0x0F, 0x00, 0x3C, 0x00, 0x1E, 0x00, 0x1C, 0x00, 0x1C,
0x00, 0x1E, 0x00, 0x3C, 0x00, 0x0E, 0x00, 0x38, 0x00, 0x0E, 0x00, 0x38, 0x00, 0x0E, 0x00, 0x38, 0x00, 0x0E, 0x00, 0x38, 0x00, 0x0E, 0x00, 0x38, 0x00, 0x1E, 0x00, 0x3C, 0x00,
0x1C, 0x00, 0x1E, 0x00, 0x7C, 0x00, 0x0F, 0x00, 0xF8, 0xC0, 0x0F, 0x00, 0xF0, 0xC0, 0x03, 0x00, 0x40, 0x80, 0x00, 0x00, 0x00, 0x00, 0x00, 0x00, 0x00, 0x00, 0x00, 0x00, 0x00,
0x00, 0x00, 0x00, 0x00, 0x00, 0x00, 0x00, 0x00, 0x00, 0x00, 0x00, 0x00, 0x00, 0x00, 0x00, 0x00, 0x00, 0x00, 0x00, 0x00, 0x00, 0x00, 0x00, 0x00, 0x00, 0x00, 0x00,  // Code for char C

0x13, 0x00, 0x00, 0x00, 0x00, 0x00, 0x00, 0x00, 0x00, 0xFE, 0xFF, 0x3F, 0x00, 0xFE, 0xFF, 0x3F, 0x00, 0xFE, 0xFF, 0x3F, 0x00, 0x0E, 0x00, 0x38, 0x00, 0x0E, 0x00, 0x38,
0x00, 0x0E, 0x00, 0x38, 0x00, 0x0E, 0x00, 0x38, 0x00, 0x0E, 0x00, 0x38, 0x00, 0x0E, 0x00, 0x38, 0x00, 0x0E, 0x00, 0x38, 0x00, 0x0E, 0x00, 0x38, 0x00, 0x1E, 0x00, 0x1C, 0x00,
0x3C, 0x00, 0x1E, 0x00, 0xF8, 0x80, 0x0F, 0x00, 0xF0, 0xFF, 0x07, 0x00, 0xE0, 0xFF, 0x03, 0x00, 0x80, 0x7F, 0x00, 0x00, 0x00, 0x00, 0x00, 0x00, 0x00, 0x00, 0x00, 0x00, 0x00,
0x00, 0x00, 0x00, 0x00, 0x00, 0x00, 0x00, 0x00, 0x00, 0x00, 0x00, 0x00, 0x00, 0x00, 0x00, 0x00, 0x00, 0x00, 0x00, 0x00, 0x00, 0x00, 0x00, 0x00, 0x00, 0x00, 0x00,  // Code for char D

0x11, 0x00, 0x00, 0x00, 0x00, 0x00, 0x00, 0x00, 0x00, 0xFE, 0xFF, 0x3F, 0x00, 0xFE, 0xFF, 0x3F, 0x00, 0xFE, 0xFF, 0x3F, 0x00, 0x0E, 0x1C, 0x38, 0x00, 0x0E, 0x1C, 0x38,
0x00, 0x0E, 0x1C, 0x38, 0x00, 0x0E, 0x1C, 0x38, 0x00, 0x0E, 0x1C, 0x38, 0x00, 0x0E, 0x1C, 0x38, 0x00, 0x0E, 0x1C, 0x38, 0x00, 0x0E, 0x1C, 0x38, 0x00, 0x0E, 0x1C, 0x38, 0x00,
0x0E, 0x1C, 0x38, 0x00, 0x0E, 0x1C, 0x38, 0x00, 0x0E, 0x00, 0x38, 0x00, 0x00, 0x00, 0x00, 0x00, 0x00, 0x00, 0x00, 0x00, 0x00, 0x00, 0x00, 0x00, 0x00, 0x00, 0x00, 0x00, 0x00,
0x00, 0x00, 0x00, 0x00, 0x00, 0x00, 0x00, 0x00, 0x00, 0x00, 0x00, 0x00, 0x00, 0x00, 0x00, 0x00, 0x00, 0x00, 0x00, 0x00, 0x00, 0x00, 0x00, 0x00, 0x00, 0x00, 0x00,  // Code for char E

0x10, 0x00, 0x00, 0x00, 0x00, 0x00, 0x00, 0x00, 0x00, 0xFE, 0xFF, 0x3F, 0x00, 0xFE, 0xFF, 0x3F, 0x00, 0xFE, 0xFF, 0x3F, 0x00, 0x0E, 0x1C, 0x00, 0x00, 0x0E, 0x1C, 0x00,
0x00, 0x0E, 0x1C, 0x00, 0x00, 0x0E, 0x1C, 0x00, 0x00, 0x0E, 0x1C, 0x00, 0x00, 0x0E, 0x1C, 0x00, 0x00, 0x0E, 0x1C, 0x00, 0x00, 0x0E, 0x1C, 0x00, 0x00, 0x0E, 0x1C, 0x00, 0x00,
0x0E, 0x00, 0x00, 0x00, 0x0E, 0x00, 0x00, 0x00, 0x00, 0x00, 0x00, 0x00, 0x00, 0x00, 0x00, 0x00, 0x00, 0x00, 0x00, 0x00, 0x00, 0x00, 0x00, 0x00, 0x00, 0x00, 0x00, 0x00, 0x00,
0x00, 0x00, 0x00, 0x00, 0x00, 0x00, 0x00, 0x00, 0x00, 0x00, 0x00, 0x00, 0x00, 0x00, 0x00, 0x00, 0x00, 0x00, 0x00, 0x00, 0x00, 0x00, 0x00, 0x00, 0x00, 0x00, 0x00,  // Code for char F

0x15, 0x00, 0x00, 0x00, 0x00, 0x00, 0x7F, 0x00, 0x00, 0xC0, 0xFF, 0x01, 0x00, 0xF0, 0xFF, 0x07, 0x00, 0xF8, 0x80, 0x0F, 0x00, 0x78, 0x00, 0x0F, 0x00, 0x3C, 0x00, 0x1E,
0x00, 0x1C, 0x00, 0x1C, 0x00, 0x0E, 0x00, 0x3C, 0x00, 0x0E, 0x00, 0x38, 0x00, 0x0E, 0x00, 0x38, 0x00, 0x0E, 0x00, 0x38, 0x00, 0x0E, 0x38, 0x38, 0x00, 0x0E, 0x38, 0x38, 0x00,
0x0E, 0x38, 0x38, 0x00, 0x1E, 0x38, 0x3C, 0x00, 0x1C, 0x38, 0x1C, 0x00, 0x7C, 0x38, 0x1C, 0x00, 0xF8, 0xF8, 0x0F, 0x00, 0xF0, 0xF8, 0x0F, 0x00, 0x40, 0xF8, 0x07, 0x00, 0x00,
0x00, 0x00, 0x00, 0x00, 0x00, 0x00, 0x00, 0x00, 0x00, 0x00, 0x00, 0x00, 0x00, 0x00, 0x00, 0x00, 0x00, 0x00, 0x00, 0x00, 0x00, 0x00, 0x00, 0x00, 0x00, 0x00, 0x00,  // Code for char G

0x12, 0x00, 0x00, 0x00, 0x00, 0x00, 0x00, 0x00, 0x00, 0xFE, 0xFF, 0x3F, 0x00, 0xFE, 0xFF, 0x3F, 0x00, 0xFE, 0xFF, 0x3F, 0x00, 0x00, 0x1C, 0x00, 0x00, 0x00, 0x1C, 0x00,
0x00, 0x00, 0x1C, 0x00, 0x00, 0x00, 0x1C, 0x00, 0x00, 0x00, 0x1C, 0x00, 0x00, 0x00, 0x1C, 0x00, 0x00, 0x00, 0x1C, 0x00, 0x00, 0x00, 0x1C, 0x00, 0x00, 0x00, 0x1C, 0x00, 0x00,
0x00, 0x1C, 0x00, 0x00, 0xFE, 0xFF, 0x3F, 0x00, 0xFE, 0xFF, 0x3F, 0x00, 0xFE, 0xFF, 0x3F, 0x00, 0x00, 0x00, 0x00, 0x00, 0x00, 0x00, 0x00, 0x00, 0x00, 0x00, 0x00, 0x00, 0x00,
0x00, 0x00, 0x00, 0x00, 0x00, 0x00, 0x00, 0x00, 0x00, 0x00, 0x00, 0x00, 0x00, 0x00, 0x00, 0x00, 0x00, 0x00, 0x00, 0x00, 0x00, 0x00, 0x00, 0x00, 0x00, 0x00, 0x00,  // Code for char H

0x05, 0x00, 0x00, 0x00, 0x00, 0x00, 0x00, 0x00, 0x00, 0xFE, 0xFF, 0x3F, 0x00, 0xFE, 0xFF, 0x3F, 0x00, 0xFE, 0xFF, 0x3F, 0x00, 0x00, 0x00, 0x00, 0x00, 0x00, 0x00, 0x00,
0x00, 0x00, 0x00, 0x00, 0x00, 0x00, 0x00, 0x00, 0x00, 0x00, 0x00, 0x00, 0x00, 0x00, 0x00, 0x00, 0x00, 0x00, 0x00, 0x00, 0x00, 0x00, 0x00, 0x00, 0x00, 0x00, 0x00, 0x00, 0x00,
0x00, 0x00, 0x00, 0x00, 0x00, 0x00, 0x00, 0x00, 0x00, 0x00, 0x00, 0x00, 0x00, 0x00, 0x00, 0x00, 0x00, 0x00, 0x00, 0x00, 0x00, 0x00, 0x00, 0x00, 0x00, 0x00, 0x00, 0x00, 0x00,
0x00, 0x00, 0x00, 0x00, 0x00, 0x00, 0x00, 0x00, 0x00, 0x00, 0x00, 0x00, 0x00, 0x00, 0x00, 0x00, 0x00, 0x00, 0x00, 0x00, 0x00, 0x00, 0x00, 0x00, 0x00, 0x00, 0x00,  // Code for char I

0x0C, 0x00, 0x00, 0x00, 0x00, 0x00, 0x00, 0x07, 0x00, 0x00, 0x00, 0x1F, 0x00, 0x00, 0x00, 0x1F, 0x00, 0x00, 0x00, 0x3C, 0x00, 0x00, 0x00, 0x38, 0x00, 0x00, 0x00, 0x38,
0x00, 0x00, 0x00, 0x38, 0x00, 0x00, 0x00, 0x3C, 0x00, 0xFE, 0xFF, 0x1F, 0x00, 0xFE, 0xFF, 0x0F, 0x00, 0xFE, 0xFF, 0x07, 0x00, 0x00, 0x00, 0x00, 0x00, 0x00, 0x00, 0x00, 0x00,
0x00, 0x00, 0x00, 0x00, 0x00, 0x00, 0x00, 0x00, 0x00, 0x00, 0x00, 0x00, 0x00, 0x00, 0x00, 0x00, 0x00, 0x00, 0x00, 0x00, 0x00, 0x00, 0x00, 0x00, 0x00, 0x00, 0x00, 0x00, 0x00,
0x00, 0x00, 0x00, 0x00, 0x00, 0x00, 0x00, 0x00, 0x00, 0x00, 0x00, 0x00, 0x00, 0x00, 0x00, 0x00, 0x00, 0x00, 0x00, 0x00, 0x00, 0x00, 0x00, 0x00, 0x00, 0x00, 0x00,  // Code for char J

0x13, 0x00, 0x00, 0x00, 0x00, 0x00, 0x00, 0x00, 0x00, 0xFE, 0xFF, 0x3F, 0x00, 0xFE, 0xFF, 0x3F, 0x00, 0xFE, 0xFF, 0x3F, 0x00, 0x00, 0x38, 0x00, 0x00, 0x00, 0x1C, 0x00,
0x00, 0x00, 0x0E, 0x00, 0x00, 0x00, 0x0F, 0x00, 0x00, 0x80, 0x3F, 0x00, 0x00, 0xC0, 0x79, 0x00, 0x00, 0xE0, 0xF0, 0x00, 0x00, 0x70, 0xC0, 0x01, 0x00, 0x38, 0x80, 0x07, 0x00,
0x1C, 0x00, 0x0F, 0x00, 0x0E, 0x00, 0x1E, 0x00, 0x06, 0x00, 0x38, 0x00, 0x02, 0x00, 0x30, 0x00, 0x02, 0x00, 0x20, 0x00, 0x00, 0x00, 0x00, 0x00, 0x00, 0x00, 0x00, 0x00, 0x00,
0x00, 0x00, 0x00, 0x00, 0x00, 0x00, 0x00, 0x00, 0x00, 0x00, 0x00, 0x00, 0x00, 0x00, 0x00, 0x00, 0x00, 0x00, 0x00, 0x00, 0x00, 0x00, 0x00, 0x00, 0x00, 0x00, 0x00,  // Code for char K

0x0F, 0x00, 0x00, 0x00, 0x00, 0x00, 0x00, 0x00, 0x00, 0xFE, 0xFF, 0x3F, 0x00, 0xFE, 0xFF, 0x3F, 0x00, 0xFE, 0xFF, 0x3F, 0x00, 0x00, 0x00, 0x38, 0x00, 0x00, 0x00, 0x38,
0x00, 0x00, 0x00, 0x38, 0x00, 0x00, 0x00, 0x38, 0x00, 0x00, 0x00, 0x38, 0x00, 0x00, 0x00, 0x38, 0x00, 0x00, 0x00, 0x38, 0x00, 0x00, 0x00, 0x38, 0x00, 0x00, 0x00, 0x38, 0x00,
0x00, 0x00, 0x38, 0x00, 0x00, 0x00, 0x00, 0x00, 0x00, 0x00, 0x00, 0x00, 0x00, 0x00, 0x00, 0x00, 0x00, 0x00, 0x00, 0x00, 0x00, 0x00, 0x00, 0x00, 0x00, 0x00, 0x00, 0x00, 0x00,
0x00, 0x00, 0x00, 0x00, 0x00, 0x00, 0x00, 0x00, 0x00, 0x00, 0x00, 0x00, 0x00, 0x00, 0x00, 0x00, 0x00, 0x00, 0x00, 0x00, 0x00, 0x00, 0x00, 0x00, 0x00, 0x00, 0x00,  // Code for char L

0x15, 0x00, 0x00, 0x00, 0x00, 0x00, 0x00, 0x00, 0x00, 0xFE, 0xFF, 0x3F, 0x00, 0xFE, 0xFF, 0x3F, 0x00, 0xFE, 0xFF, 0x3F, 0x00, 0x3E, 0x00, 0x00, 0x00, 0xFE, 0x03, 0x00,
0x00, 0xF0, 0x3F, 0x00, 0x00, 0x80, 0xFF, 0x07, 0x00, 0x00, 0xF8, 0x3F, 0x00, 0x00, 0x80, 0x3F, 0x00, 0x00, 0x00, 0x38, 0x00, 0x00, 0x80, 0x3F, 0x00, 0x00, 0xF8, 0x3F, 0x00,
0x00, 0xFF, 0x03, 0x00, 0xF0, 0x3F, 0x00, 0x00, 0xFE, 0x03, 0x00, 0x00, 0x3E, 0x00, 0x00, 0x00, 0xFE, 0xFF, 0x3F, 0x00, 0xFE, 0xFF, 0x3F, 0x00, 0xFE, 0xFF, 0x3F, 0x00, 0x00,
0x00, 0x00, 0x00, 0x00, 0x00, 0x00, 0x00, 0x00, 0x00, 0x00, 0x00, 0x00, 0x00, 0x00, 0x00, 0x00, 0x00, 0x00, 0x00, 0x00, 0x00, 0x00, 0x00, 0x00, 0x00, 0x00, 0x00,  // Code for char M

0x12, 0x00, 0x00, 0x00, 0x00, 0x00, 0x00, 0x00, 0x00, 0xFE, 0xFF, 0x3F, 0x00, 0xFE, 0xFF, 0x3F, 0x00, 0xFE, 0xFF, 0x3F, 0x00, 0x7C, 0x00, 0x00, 0x00, 0xF8, 0x00, 0x00,
0x00, 0xE0, 0x03, 0x00, 0x00, 0x80, 0x07, 0x00, 0x00, 0x00, 0x1F, 0x00, 0x00, 0x00, 0x7C, 0x00, 0x00, 0x00, 0xF0, 0x00, 0x00, 0x00, 0xE0, 0x03, 0x00, 0x00, 0x80, 0x07, 0x00,
0x00, 0x00, 0x1E, 0x00, 0xFE, 0xFF, 0x3F, 0x00, 0xFE, 0xFF, 0x3F, 0x00, 0xFE, 0xFF, 0x3F, 0x00, 0x00, 0x00, 0x00, 0x00, 0x00, 0x00, 0x00, 0x00, 0x00, 0x00, 0x00, 0x00, 0x00,
0x00, 0x00, 0x00, 0x00, 0x00, 0x00, 0x00, 0x00, 0x00, 0x00, 0x00, 0x00, 0x00, 0x00, 0x00, 0x00, 0x00, 0x00, 0x00, 0x00, 0x00, 0x00, 0x00, 0x00, 0x00, 0x00, 0x00,  // Code for char N

0x15, 0x00, 0x00, 0x00, 0x00, 0x00, 0x7F, 0x00, 0x00, 0xC0, 0xFF, 0x01, 0x00, 0xF0, 0xFF, 0x07, 0x00, 0xF8, 0x80, 0x0F, 0x00, 0x3C, 0x00, 0x0F, 0x00, 0x1C, 0x00, 0x1C,
0x00, 0x1C, 0x00, 0x1C, 0x00, 0x0E, 0x00, 0x38, 0x00, 0x0E, 0x00, 0x38, 0x00, 0x0E, 0x00, 0x38, 0x00, 0x0E, 0x00, 0x38, 0x00, 0x0E, 0x00, 0x38, 0x00, 0x0E, 0x00, 0x38, 0x00,
0x1C, 0x00, 0x1C, 0x00, 0x1C, 0x00, 0x1C, 0x00, 0x3C, 0x00, 0x1E, 0x00, 0xF8, 0x80, 0x0F, 0x00, 0xF0, 0xFF, 0x07, 0x00, 0xC0, 0xFF, 0x01, 0x00, 0x00, 0x7F, 0x00, 0x00, 0x00,
0x00, 0x00, 0x00, 0x00, 0x00, 0x00, 0x00, 0x00, 0x00, 0x00, 0x00, 0x00, 0x00, 0x00, 0x00, 0x00, 0x00, 0x00, 0x00, 0x00, 0x00, 0x00, 0x00, 0x00, 0x00, 0x00, 0x00,  // Code for char O

0x11, 0x00, 0x00, 0x00, 0x00, 0x00, 0x00, 0x00, 0x00, 0xFE, 0xFF, 0x3F, 0x00, 0xFE, 0xFF, 0x3F, 0x00, 0xFE, 0xFF, 0x3F, 0x00, 0x0E, 0x1C, 0x00, 0x00, 0x0E, 0x1C, 0x00,
0x00, 0x0E, 0x1C, 0x00, 0x00, 0x0E, 0x1C, 0x00, 0x00, 0x0E, 0x1C, 0x00, 0x00, 0x0E, 0x1C, 0x00, 0x00, 0x0E, 0x1C, 0x00, 0x00, 0x0E, 0x1E, 0x00, 0x00, 0x1E, 0x0E, 0x00, 0x00,
0xFC, 0x0F, 0x00, 0x00, 0xF8, 0x07, 0x00, 0x00, 0xF0, 0x03, 0x00, 0x00, 0x00, 0x00, 0x00, 0x00, 0x00, 0x00, 0x00, 0x00, 0x00, 0x00, 0x00, 0x00, 0x00, 0x00, 0x00, 0x00, 0x00,
0x00, 0x00, 0x00, 0x00, 0x00, 0x00, 0x00, 0x00, 0x00, 0x00, 0x00, 0x00, 0x00, 0x00, 0x00, 0x00, 0x00, 0x00, 0x00, 0x00, 0x00, 0x00, 0x00, 0x00, 0x00, 0x00, 0x00,  // Code for char P

0x15, 0x00, 0x00, 0x00, 0x00, 0x00, 0x7F, 0x00, 0x00, 0xC0, 0xFF, 0x01, 0x00, 0xF0, 0xFF, 0x07, 0x00, 0xF8, 0x80, 0x0F, 0x00, 0x3C, 0x00, 0x0E, 0x00, 0x1C, 0x00, 0x1C,
0x00, 0x1C, 0x00, 0x1C, 0x00, 0x0E, 0x00, 0x38, 0x00, 0x0E, 0x00, 0x38, 0x00, 0x0E, 0x00, 0x38, 0x00, 0x0E, 0x00, 0x3A, 0x00, 0x0E, 0x00, 0x3B, 0x00, 0x0E, 0x00, 0x3E, 0x00,
0x1C, 0x00, 0x1E, 0x00, 0x1C, 0x00, 0x1C, 0x00, 0x3C, 0x00, 0x1F, 0x00, 0xF8, 0x80, 0x3F, 0x00, 0xF0, 0xFF, 0x77, 0x00, 0xC0, 0xFF, 0x71, 0x00, 0x00, 0x7F, 0x20, 0x00, 0x00,
0x00, 0x00, 0x00, 0x00, 0x00, 0x00, 0x00, 0x00, 0x00, 0x00, 0x00, 0x00, 0x00, 0x00, 0x00, 0x00, 0x00, 0x00, 0x00, 0x00, 0x00, 0x00, 0x00, 0x00, 0x00, 0x00, 0x00,  // Code for char Q

0x15, 0x00, 0x00, 0x00, 0x00, 0x00, 0x00, 0x00, 0x00, 0xFE, 0xFF, 0x3F, 0x00, 0xFE, 0xFF, 0x3F, 0x00, 0xFE, 0xFF, 0x3F, 0x00, 0x0E, 0x1C, 0x00, 0x00, 0x0E, 0x1C, 0x00,
0x00, 0x0E, 0x1C, 0x00, 0x00, 0x0E, 0x1C, 0x00, 0x00, 0x0E, 0x1C, 0x00, 0x00, 0x0E, 0x1C, 0x00, 0x00, 0x0E, 0x3C, 0x00, 0x00, 0x0E, 0x7C, 0x00, 0x00, 0x0E, 0xFC, 0x00, 0x00,
0x1E, 0xDE, 0x01, 0x00, 0x1E, 0xCE, 0x03, 0x00, 0xFC, 0x8F, 0x0F, 0x00, 0xF8, 0x07, 0x1E, 0x00, 0xF0, 0x03, 0x3C, 0x00, 0x00, 0x00, 0x38, 0x00, 0x00, 0x00, 0x20, 0x00, 0x00,
0x00, 0x00, 0x00, 0x00, 0x00, 0x00, 0x00, 0x00, 0x00, 0x00, 0x00, 0x00, 0x00, 0x00, 0x00, 0x00, 0x00, 0x00, 0x00, 0x00, 0x00, 0x00, 0x00, 0x00, 0x00, 0x00, 0x00,  // Code for char R

0x11, 0x00, 0x00, 0x00, 0x00, 0x00, 0x80, 0x03, 0x00, 0xF0, 0x81, 0x07, 0x00, 0xF8, 0x83, 0x0F, 0x00, 0xFC, 0x07, 0x1E, 0x00, 0x1C, 0x07, 0x1C, 0x00, 0x0E, 0x0E, 0x3C,
0x00, 0x0E, 0x0E, 0x38, 0x00, 0x0E, 0x0E, 0x38, 0x00, 0x0E, 0x1C, 0x38, 0x00, 0x0E, 0x1C, 0x38, 0x00, 0x1E, 0x1C, 0x38, 0x00, 0x1C, 0x38, 0x3C, 0x00, 0x7C, 0x78, 0x1C, 0x00,
0x78, 0xF8, 0x1F, 0x00, 0x60, 0xF0, 0x0F, 0x00, 0x00, 0xC0, 0x03, 0x00, 0x00, 0x00, 0x00, 0x00, 0x00, 0x00, 0x00, 0x00, 0x00, 0x00, 0x00, 0x00, 0x00, 0x00, 0x00, 0x00, 0x00,
0x00, 0x00, 0x00, 0x00, 0x00, 0x00, 0x00, 0x00, 0x00, 0x00, 0x00, 0x00, 0x00, 0x00, 0x00, 0x00, 0x00, 0x00, 0x00, 0x00, 0x00, 0x00, 0x00, 0x00, 0x00, 0x00, 0x00,  // Code for char S

0x11, 0x0E, 0x00, 0x00, 0x00, 0x0E, 0x00, 0x00, 0x00, 0x0E, 0x00, 0x00, 0x00, 0x0E, 0x00, 0x00, 0x00, 0x0E, 0x00, 0x00, 0x00, 0x0E, 0x00, 0x00, 0x00, 0x0E, 0x00, 0x00,
0x00, 0xFE, 0xFF, 0x3F, 0x00, 0xFE, 0xFF, 0x3F, 0x00, 0xFE, 0xFF, 0x3F, 0x00, 0x0E, 0x00, 0x00, 0x00, 0x0E, 0x00, 0x00, 0x00, 0x0E, 0x00, 0x00, 0x00, 0x0E, 0x00, 0x00, 0x00,
0x0E, 0x00, 0x00, 0x00, 0x0E, 0x00, 0x00, 0x00, 0x0E, 0x00, 0x00, 0x00, 0x00, 0x00, 0x00, 0x00, 0x00, 0x00, 0x00, 0x00, 0x00, 0x00, 0x00, 0x00, 0x00, 0x00, 0x00, 0x00, 0x00,
0x00, 0x00, 0x00, 0x00, 0x00, 0x00, 0x00, 0x00, 0x00, 0x00, 0x00, 0x00, 0x00, 0x00, 0x00, 0x00, 0x00, 0x00, 0x00, 0x00, 0x00, 0x00, 0x00, 0x00, 0x00, 0x00, 0x00,  // Code for char T

0x12, 0x00, 0x00, 0x00, 0x00, 0x00, 0x00, 0x00, 0x00, 0xFE, 0xFF, 0x01, 0x00, 0xFE, 0xFF, 0x07, 0x00, 0xFE, 0xFF, 0x0F, 0x00, 0x00, 0x00, 0x1F, 0x00, 0x00, 0x00, 0x3C,
0x00, 0x00, 0x00, 0x38, 0x00, 0x00, 0x00, 0x38, 0x00, 0x00, 0x00, 0x38, 0x00, 0x00, 0x00, 0x38, 0x00, 0x00, 0x00, 0x38, 0x00, 0x00, 0x00, 0x38, 0x00, 0x00, 0x00, 0x1C, 0x00,
0x00, 0x00, 0x1E, 0x00, 0xFE, 0xFF, 0x0F, 0x00, 0xFE, 0xFF, 0x07, 0x00, 0xFE, 0xFF, 0x01, 0x00, 0x00, 0x00, 0x00, 0x00, 0x00, 0x00, 0x00, 0x00, 0x00, 0x00, 0x00, 0x00, 0x00,
0x00, 0x00, 0x00, 0x00, 0x00, 0x00, 0x00, 0x00, 0x00, 0x00, 0x00, 0x00, 0x00, 0x00, 0x00, 0x00, 0x00, 0x00, 0x00, 0x00, 0x00, 0x00, 0x00, 0x00, 0x00, 0x00, 0x00,  // Code for char U

0x13, 0x02, 0x00, 0x00, 0x00, 0x1E, 0x00, 0x00, 0x00, 0xFE, 0x00, 0x00, 0x00, 0xFC, 0x07, 0x00, 0x00, 0xE0, 0x3F, 0x00, 0x00, 0x00, 0xFF, 0x01, 0x00, 0x00, 0xF8, 0x0F,
0x00, 0x00, 0xC0, 0x3F, 0x00, 0x00, 0x00, 0x3F, 0x00, 0x00, 0x00, 0x30, 0x00, 0x00, 0x00, 0x3E, 0x00, 0x00, 0xC0, 0x3F, 0x00, 0x00, 0xF8, 0x0F, 0x00, 0x00, 0xFF, 0x01, 0x00,
0xE0, 0x3F, 0x00, 0x00, 0xFC, 0x07, 0x00, 0x00, 0xFE, 0x00, 0x00, 0x00, 0x1E, 0x00, 0x00, 0x00, 0x02, 0x00, 0x00, 0x00, 0x00, 0x00, 0x00, 0x00, 0x00, 0x00, 0x00, 0x00, 0x00,
0x00, 0x00, 0x00, 0x00, 0x00, 0x00, 0x00, 0x00, 0x00, 0x00, 0x00, 0x00, 0x00, 0x00, 0x00, 0x00, 0x00, 0x00, 0x00, 0x00, 0x00, 0x00, 0x00, 0x00, 0x00, 0x00, 0x00,  // Code for char V

0x1B, 0x0E, 0x00, 0x00, 0x00, 0xFE, 0x01, 0x00, 0x00, 0xFE, 0x3F, 0x00, 0x00, 0xE0, 0xFF, 0x07, 0x00, 0x00, 0xFE, 0x3F, 0x00, 0x00, 0xC0, 0x3F, 0x00, 0x00, 0x00, 0x38,
0x00, 0x00, 0x80, 0x3F, 0x00, 0x00, 0xF8, 0x3F, 0x00, 0x80, 0xFF, 0x07, 0x00, 0xF0, 0x7F, 0x00, 0x00, 0xFE, 0x07, 0x00, 0x00, 0x7E, 0x00, 0x00, 0x00, 0x0E, 0x00, 0x00, 0x00,
0xFE, 0x01, 0x00, 0x00, 0xFE, 0x3F, 0x00, 0x00, 0xF0, 0xFF, 0x07, 0x00, 0x00, 0xFF, 0x3F, 0x00, 0x00, 0xE0, 0x3F, 0x00, 0x00, 0x00, 0x38, 0x00, 0x00, 0x80, 0x3F, 0x00, 0x00,
0xF8, 0x3F, 0x00, 0x80, 0xFF, 0x07, 0x00, 0xF8, 0x7F, 0x00, 0x00, 0xFE, 0x07, 0x00, 0x00, 0x7E, 0x00, 0x00, 0x00, 0x06, 0x00, 0x00, 0x00, 0x00, 0x00, 0x00, 0x00,  // Code for char W

0x13, 0x00, 0x00, 0x20, 0x00, 0x02, 0x00, 0x30, 0x00, 0x06, 0x00, 0x3C, 0x00, 0x1E, 0x00, 0x1E, 0x00, 0x3C, 0x00, 0x0F, 0x00, 0x78, 0xC0, 0x07, 0x00, 0xF0, 0xE1, 0x01,
0x00, 0xC0, 0xFB, 0x00, 0x00, 0x80, 0x3F, 0x00, 0x00, 0x00, 0x1E, 0x00, 0x00, 0x80, 0x3F, 0x00, 0x00, 0xC0, 0xFB, 0x00, 0x00, 0xF0, 0xE1, 0x01, 0x00, 0x78, 0xC0, 0x07, 0x00,
0x3C, 0x00, 0x0F, 0x00, 0x1E, 0x00, 0x1E, 0x00, 0x06, 0x00, 0x3C, 0x00, 0x02, 0x00, 0x30, 0x00, 0x00, 0x00, 0x20, 0x00, 0x00, 0x00, 0x00, 0x00, 0x00, 0x00, 0x00, 0x00, 0x00,
0x00, 0x00, 0x00, 0x00, 0x00, 0x00, 0x00, 0x00, 0x00, 0x00, 0x00, 0x00, 0x00, 0x00, 0x00, 0x00, 0x00, 0x00, 0x00, 0x00, 0x00, 0x00, 0x00, 0x00, 0x00, 0x00, 0x00,  // Code for char X

0x13, 0x02, 0x00, 0x00, 0x00, 0x0E, 0x00, 0x00, 0x00, 0x1E, 0x00, 0x00, 0x00, 0x3C, 0x00, 0x00, 0x00, 0xF8, 0x00, 0x00, 0x00, 0xE0, 0x01, 0x00, 0x00, 0xC0, 0x07, 0x00,
0x00, 0x00, 0x0F, 0x00, 0x00, 0x00, 0xFE, 0x3F, 0x00, 0x00, 0xF8, 0x3F, 0x00, 0x00, 0xFC, 0x3F, 0x00, 0x00, 0x1F, 0x00, 0x00, 0x80, 0x07, 0x00, 0x00, 0xE0, 0x03, 0x00, 0x00,
0xF0, 0x00, 0x00, 0x00, 0x7C, 0x00, 0x00, 0x00, 0x1E, 0x00, 0x00, 0x00, 0x0E, 0x00, 0x00, 0x00, 0x02, 0x00, 0x00, 0x00, 0x00, 0x00, 0x00, 0x00, 0x00, 0x00, 0x00, 0x00, 0x00,
0x00, 0x00, 0x00, 0x00, 0x00, 0x00, 0x00, 0x00, 0x00, 0x00, 0x00, 0x00, 0x00, 0x00, 0x00, 0x00, 0x00, 0x00, 0x00, 0x00, 0x00, 0x00, 0x00, 0x00, 0x00, 0x00, 0x00,  // Code for char Y

0x11, 0x00, 0x00, 0x00, 0x00, 0x00, 0x00, 0x3C, 0x00, 0x0E, 0x00, 0x3E, 0x00, 0x0E, 0x00, 0x3F, 0x00, 0x0E, 0x80, 0x3B, 0x00, 0x0E, 0xC0, 0x39, 0x00, 0x0E, 0xF0, 0x38,
0x00, 0x0E, 0x78, 0x38, 0x00, 0x0E, 0x3C, 0x38, 0x00, 0x0E, 0x1E, 0x38, 0x00, 0x0E, 0x07, 0x38, 0x00, 0x8E, 0x03, 0x38, 0x00, 0xCE, 0x01, 0x38, 0x00, 0xEE, 0x00, 0x38, 0x00,
0x7E, 0x00, 0x38, 0x00, 0x3E, 0x00, 0x38, 0x00, 0x1E, 0x00, 0x38, 0x00, 0x00, 0x00, 0x00, 0x00, 0x00, 0x00, 0x00, 0x00, 0x00, 0x00, 0x00, 0x00, 0x00, 0x00, 0x00, 0x00, 0x00,
0x00, 0x00, 0x00, 0x00, 0x00, 0x00, 0x00, 0x00, 0x00, 0x00, 0x00, 0x00, 0x00, 0x00, 0x00, 0x00, 0x00, 0x00, 0x00, 0x00, 0x00, 0x00, 0x00, 0x00, 0x00, 0x00, 0x00,  // Code for char Z

0x07, 0x00, 0x00, 0x00, 0x00, 0xFE, 0xFF, 0xFF, 0x0F, 0xFE, 0xFF, 0xFF, 0x0F, 0xFE, 0xFF, 0xFF, 0x0F, 0x0E, 0x00, 0x00, 0x0E, 0x0E, 0x00, 0x00, 0x0E, 0x0E, 0x00, 0x00,
0x0E, 0x00, 0x00, 0x00, 0x00, 0x00, 0x00, 0x00, 0x00, 0x00, 0x00, 0x00, 0x00, 0x00, 0x00, 0x00, 0x00, 0x00, 0x00, 0x00, 0x00, 0x00, 0x00, 0x00, 0x00, 0x00, 0x00, 0x00, 0x00,
0x00, 0x00, 0x00, 0x00, 0x00, 0x00, 0x00, 0x00, 0x00, 0x00, 0x00, 0x00, 0x00, 0x00, 0x00, 0x00, 0x00, 0x00, 0x00, 0x00, 0x00, 0x00, 0x00, 0x00, 0x00, 0x00, 0x00, 0x00, 0x00,
0x00, 0x00, 0x00, 0x00, 0x00, 0x00, 0x00, 0x00, 0x00, 0x00, 0x00, 0x00, 0x00, 0x00, 0x00, 0x00, 0x00, 0x00, 0x00, 0x00, 0x00, 0x00, 0x00, 0x00, 0x00, 0x00, 0x00,  // Code for char [

0x08, 0x06, 0x00, 0x00, 0x00, 0x3E, 0x00, 0x00, 0x00, 0xF8, 0x03, 0x00, 0x00, 0xC0, 0x1F, 0x00, 0x00, 0x00, 0xFC, 0x01, 0x00, 0x00, 0xE0, 0x0F, 0x00, 0x00, 0x00, 0x3E,
0x00, 0x00, 0x00, 0x30, 0x00, 0x00, 0x00, 0x00, 0x00, 0x00, 0x00, 0x00, 0x00, 0x00, 0x00, 0x00, 0x00, 0x00, 0x00, 0x00, 0x00, 0x00, 0x00, 0x00, 0x00, 0x00, 0x00, 0x00, 0x00,
0x00, 0x00, 0x00, 0x00, 0x00, 0x00, 0x00, 0x00, 0x00, 0x00, 0x00, 0x00, 0x00, 0x00, 0x00, 0x00, 0x00, 0x00, 0x00, 0x00, 0x00, 0x00, 0x00, 0x00, 0x00, 0x00, 0x00, 0x00, 0x00,
0x00, 0x00, 0x00, 0x00, 0x00, 0x00, 0x00, 0x00, 0x00, 0x00, 0x00, 0x00, 0x00, 0x00, 0x00, 0x00, 0x00, 0x00, 0x00, 0x00, 0x00, 0x00, 0x00, 0x00, 0x00, 0x00, 0x00,  // Code for char BackSlash

0x06, 0x0E, 0x00, 0x00, 0x0E, 0x0E, 0x00, 0x00, 0x0E, 0x0E, 0x00, 0x00, 0x0E, 0xFE, 0xFF, 0xFF, 0x0F, 0xFE, 0xFF, 0xFF, 0x0F, 0xFE, 0xFF, 0xFF, 0x0F, 0x00, 0x00, 0x00,
0x00, 0x00, 0x00, 0x00, 0x00, 0x00, 0x00, 0x00, 0x00, 0x00, 0x00, 0x00, 0x00, 0x00, 0x00, 0x00, 0x00, 0x00, 0x00, 0x00, 0x00, 0x00, 0x00, 0x00, 0x00, 0x00, 0x00, 0x00, 0x00,
0x00, 0x00, 0x00, 0x00, 0x00, 0x00, 0x00, 0x00, 0x00, 0x00, 0x00, 0x00, 0x00, 0x00, 0x00, 0x00, 0x00, 0x00, 0x00, 0x00, 0x00, 0x00, 0x00, 0x00, 0x00, 0x00, 0x00, 0x00, 0x00,
0x00, 0x00, 0x00, 0x00, 0x00, 0x00, 0x00, 0x00, 0x00, 0x00, 0x00, 0x00, 0x00, 0x00, 0x00, 0x00, 0x00, 0x00, 0x00, 0x00, 0x00, 0x00, 0x00, 0x00, 0x00, 0x00, 0x00,  // Code for char ]

0x0E, 0x00, 0x00, 0x00, 0x00, 0x00, 0x08, 0x00, 0x00, 0x00, 0x0E, 0x00, 0x00, 0x80, 0x07, 0x00, 0x00, 0xC0, 0x01, 0x00, 0x00, 0xF0, 0x00, 0x00, 0x00, 0x3C, 0x00, 0x00,
0x00, 0x0E, 0x00, 0x00, 0x00, 0x3C, 0x00, 0x00, 0x00, 0x70, 0x00, 0x00, 0x00, 0xC0, 0x01, 0x00, 0x00, 0x80, 0x07, 0x00, 0x00, 0x00, 0x0E, 0x00, 0x00, 0x00, 0x08, 0x00, 0x00,
0x00, 0x00, 0x00, 0x00, 0x00, 0x00, 0x00, 0x00, 0x00, 0x00, 0x00, 0x00, 0x00, 0x00, 0x00, 0x00, 0x00, 0x00, 0x00, 0x00, 0x00, 0x00, 0x00, 0x00, 0x00, 0x00, 0x00, 0x00, 0x00,
0x00, 0x00, 0x00, 0x00, 0x00, 0x00, 0x00, 0x00, 0x00, 0x00, 0x00, 0x00, 0x00, 0x00, 0x00, 0x00, 0x00, 0x00, 0x00, 0x00, 0x00, 0x00, 0x00, 0x00, 0x00, 0x00, 0x00,  // Code for char ^

0x18, 0x00, 0x00, 0x00, 0x0C, 0x00, 0x00, 0x00, 0x0C, 0x00, 0x00, 0x00, 0x0C, 0x00, 0x00, 0x00, 0x0C, 0x00, 0x00, 0x00, 0x0C, 0x00, 0x00, 0x00, 0x0C, 0x00, 0x00, 0x00,
0x0C, 0x00, 0x00, 0x00, 0x0C, 0x00, 0x00, 0x00, 0x0C, 0x00, 0x00, 0x00, 0x0C, 0x00, 0x00, 0x00, 0x0C, 0x00, 0x00, 0x00, 0x0C, 0x00, 0x00, 0x00, 0x0C, 0x00, 0x00, 0x00, 0x0C,
0x00, 0x00, 0x00, 0x0C, 0x00, 0x00, 0x00, 0x0C, 0x00, 0x00, 0x00, 0x0C, 0x00, 0x00, 0x00, 0x0C, 0x00, 0x00, 0x00, 0x0C, 0x00, 0x00, 0x00, 0x0C, 0x00, 0x00, 0x00, 0x0C, 0x00,
0x00, 0x00, 0x0C, 0x00, 0x00, 0x00, 0x0C, 0x00, 0x00, 0x00, 0x0C, 0x00, 0x00, 0x00, 0x00, 0x00, 0x00, 0x00, 0x00, 0x00, 0x00, 0x00, 0x00, 0x00, 0x00, 0x00, 0x00,  // Code for char _

0x06, 0x00, 0x00, 0x00, 0x00, 0x02, 0x00, 0x00, 0x00, 0x06, 0x00, 0x00, 0x00, 0x0E, 0x00, 0x00, 0x00, 0x1E, 0x00, 0x00, 0x00, 0x18, 0x00, 0x00, 0x00, 0x00, 0x00, 0x00,
0x00, 0x00, 0x00, 0x00, 0x00, 0x00, 0x00, 0x00, 0x00, 0x00, 0x00, 0x00, 0x00, 0x00, 0x00, 0x00, 0x00, 0x00, 0x00, 0x00, 0x00, 0x00, 0x00, 0x00, 0x00, 0x00, 0x00, 0x00, 0x00,
0x00, 0x00, 0x00, 0x00, 0x00, 0x00, 0x00, 0x00, 0x00, 0x00, 0x00, 0x00, 0x00, 0x00, 0x00, 0x00, 0x00, 0x00, 0x00, 0x00, 0x00, 0x00, 0x00, 0x00, 0x00, 0x00, 0x00, 0x00, 0x00,
0x00, 0x00, 0x00, 0x00, 0x00, 0x00, 0x00, 0x00, 0x00, 0x00, 0x00, 0x00, 0x00, 0x00, 0x00, 0x00, 0x00, 0x00, 0x00, 0x00, 0x00, 0x00, 0x00, 0x00, 0x00, 0x00, 0x00,  // Code for char `

0x0F, 0x00, 0x00, 0x00, 0x00, 0x00, 0x0C, 0x0F, 0x00, 0x00, 0x8E, 0x1F, 0x00, 0x00, 0x8F, 0x3F, 0x00, 0x00, 0xC3, 0x39, 0x00, 0x80, 0xC1, 0x30, 0x00, 0x80, 0xC1, 0x30,
0x00, 0x80, 0xC1, 0x30, 0x00, 0x80, 0xC1, 0x10, 0x00, 0x80, 0x61, 0x18, 0x00, 0x80, 0x63, 0x0C, 0x00, 0x80, 0xFF, 0x1F, 0x00, 0x00, 0xFF, 0x3F, 0x00, 0x00, 0xFE, 0x3F, 0x00,
0x00, 0x00, 0x20, 0x00, 0x00, 0x00, 0x00, 0x00, 0x00, 0x00, 0x00, 0x00, 0x00, 0x00, 0x00, 0x00, 0x00, 0x00, 0x00, 0x00, 0x00, 0x00, 0x00, 0x00, 0x00, 0x00, 0x00, 0x00, 0x00,
0x00, 0x00, 0x00, 0x00, 0x00, 0x00, 0x00, 0x00, 0x00, 0x00, 0x00, 0x00, 0x00, 0x00, 0x00, 0x00, 0x00, 0x00, 0x00, 0x00, 0x00, 0x00, 0x00, 0x00, 0x00, 0x00, 0x00,  // Code for char a

0x0E, 0x00, 0x00, 0x00, 0x00, 0xFE, 0xFF, 0x3F, 0x00, 0xFE, 0xFF, 0x3F, 0x00, 0xFE, 0xFF, 0x3F, 0x00, 0x00, 0x07, 0x0C, 0x00, 0x00, 0x03, 0x18, 0x00, 0x80, 0x01, 0x30,
0x00, 0x80, 0x01, 0x30, 0x00, 0x80, 0x01, 0x30, 0x00, 0x80, 0x03, 0x38, 0x00, 0x00, 0x07, 0x1C, 0x00, 0x00, 0xFF, 0x1F, 0x00, 0x00, 0xFE, 0x0F, 0x00, 0x00, 0xF8, 0x03, 0x00,
0x00, 0x00, 0x00, 0x00, 0x00, 0x00, 0x00, 0x00, 0x00, 0x00, 0x00, 0x00, 0x00, 0x00, 0x00, 0x00, 0x00, 0x00, 0x00, 0x00, 0x00, 0x00, 0x00, 0x00, 0x00, 0x00, 0x00, 0x00, 0x00,
0x00, 0x00, 0x00, 0x00, 0x00, 0x00, 0x00, 0x00, 0x00, 0x00, 0x00, 0x00, 0x00, 0x00, 0x00, 0x00, 0x00, 0x00, 0x00, 0x00, 0x00, 0x00, 0x00, 0x00, 0x00, 0x00, 0x00,  // Code for char b

0x0D, 0x00, 0x00, 0x00, 0x00, 0x00, 0xF8, 0x03, 0x00, 0x00, 0xFE, 0x0F, 0x00, 0x00, 0xFF, 0x1F, 0x00, 0x00, 0x07, 0x1C, 0x00, 0x80, 0x03, 0x38, 0x00, 0x80, 0x01, 0x30,
0x00, 0x80, 0x01, 0x30, 0x00, 0x80, 0x01, 0x30, 0x00, 0x80, 0x03, 0x38, 0x00, 0x00, 0x0F, 0x1E, 0x00, 0x00, 0x0E, 0x0E, 0x00, 0x00, 0x0C, 0x06, 0x00, 0x00, 0x00, 0x00, 0x00,
0x00, 0x00, 0x00, 0x00, 0x00, 0x00, 0x00, 0x00, 0x00, 0x00, 0x00, 0x00, 0x00, 0x00, 0x00, 0x00, 0x00, 0x00, 0x00, 0x00, 0x00, 0x00, 0x00, 0x00, 0x00, 0x00, 0x00, 0x00, 0x00,
0x00, 0x00, 0x00, 0x00, 0x00, 0x00, 0x00, 0x00, 0x00, 0x00, 0x00, 0x00, 0x00, 0x00, 0x00, 0x00, 0x00, 0x00, 0x00, 0x00, 0x00, 0x00, 0x00, 0x00, 0x00, 0x00, 0x00,  // Code for char c

0x0E, 0x00, 0x00, 0x00, 0x00, 0x00, 0xF8, 0x03, 0x00, 0x00, 0xFE, 0x0F, 0x00, 0x00, 0xFF, 0x1F, 0x00, 0x00, 0x07, 0x1C, 0x00, 0x80, 0x03, 0x38, 0x00, 0x80, 0x01, 0x30,
0x00, 0x80, 0x01, 0x30, 0x00, 0x80, 0x01, 0x30, 0x00, 0x00, 0x03, 0x18, 0x00, 0x00, 0x07, 0x0C, 0x00, 0xFE, 0xFF, 0x3F, 0x00, 0xFE, 0xFF, 0x3F, 0x00, 0xFE, 0xFF, 0x3F, 0x00,
0x00, 0x00, 0x00, 0x00, 0x00, 0x00, 0x00, 0x00, 0x00, 0x00, 0x00, 0x00, 0x00, 0x00, 0x00, 0x00, 0x00, 0x00, 0x00, 0x00, 0x00, 0x00, 0x00, 0x00, 0x00, 0x00, 0x00, 0x00, 0x00,
0x00, 0x00, 0x00, 0x00, 0x00, 0x00, 0x00, 0x00, 0x00, 0x00, 0x00, 0x00, 0x00, 0x00, 0x00, 0x00, 0x00, 0x00, 0x00, 0x00, 0x00, 0x00, 0x00, 0x00, 0x00, 0x00, 0x00,  // Code for char d

0x0E, 0x00, 0x00, 0x00, 0x00, 0x00, 0xF8, 0x03, 0x00, 0x00, 0xFE, 0x0F, 0x00, 0x00, 0xFF, 0x1F, 0x00, 0x00, 0x67, 0x1C, 0x00, 0x80, 0x63, 0x38, 0x00, 0x80, 0x61, 0x30,
0x00, 0x80, 0x61, 0x30, 0x00, 0x80, 0x61, 0x30, 0x00, 0x80, 0x63, 0x38, 0x00, 0x00, 0x67, 0x3C, 0x00, 0x00, 0x7F, 0x1E, 0x00, 0x00, 0x7E, 0x0E, 0x00, 0x00, 0x78, 0x06, 0x00,
0x00, 0x00, 0x00, 0x00, 0x00, 0x00, 0x00, 0x00, 0x00, 0x00, 0x00, 0x00, 0x00, 0x00, 0x00, 0x00, 0x00, 0x00, 0x00, 0x00, 0x00, 0x00, 0x00, 0x00, 0x00, 0x00, 0x00, 0x00, 0x00,
0x00, 0x00, 0x00, 0x00, 0x00, 0x00, 0x00, 0x00, 0x00, 0x00, 0x00, 0x00, 0x00, 0x00, 0x00, 0x00, 0x00, 0x00, 0x00, 0x00, 0x00, 0x00, 0x00, 0x00, 0x00, 0x00, 0x00,  // Code for char e

0x09, 0x80, 0x01, 0x00, 0x00, 0x80, 0x01, 0x00, 0x00, 0xF8, 0xFF, 0x3F, 0x00, 0xFC, 0xFF, 0x3F, 0x00, 0xFE, 0xFF, 0x3F, 0x00, 0x86, 0x01, 0x00, 0x00, 0x86, 0x01, 0x00,
0x00, 0x86, 0x01, 0x00, 0x00, 0x06, 0x00, 0x00, 0x00, 0x00, 0x00, 0x00, 0x00, 0x00, 0x00, 0x00, 0x00, 0x00, 0x00, 0x00, 0x00, 0x00, 0x00, 0x00, 0x00, 0x00, 0x00, 0x00, 0x00,
0x00, 0x00, 0x00, 0x00, 0x00, 0x00, 0x00, 0x00, 0x00, 0x00, 0x00, 0x00, 0x00, 0x00, 0x00, 0x00, 0x00, 0x00, 0x00, 0x00, 0x00, 0x00, 0x00, 0x00, 0x00, 0x00, 0x00, 0x00, 0x00,
0x00, 0x00, 0x00, 0x00, 0x00, 0x00, 0x00, 0x00, 0x00, 0x00, 0x00, 0x00, 0x00, 0x00, 0x00, 0x00, 0x00, 0x00, 0x00, 0x00, 0x00, 0x00, 0x00, 0x00, 0x00, 0x00, 0x00,  // Code for char f

0x0E, 0x00, 0x00, 0x00, 0x00, 0x00, 0xF8, 0x83, 0x01, 0x00, 0xFE, 0x8F, 0x07, 0x00, 0xFF, 0x9F, 0x07, 0x00, 0x07, 0x1C, 0x0E, 0x80, 0x03, 0x38, 0x0C, 0x80, 0x01, 0x30,
0x0C, 0x80, 0x01, 0x30, 0x0C, 0x80, 0x01, 0x30, 0x0C, 0x00, 0x03, 0x18, 0x0E, 0x00, 0x06, 0x1C, 0x07, 0x80, 0xFF, 0xFF, 0x07, 0x80, 0xFF, 0xFF, 0x03, 0x80, 0xFF, 0xFF, 0x00,
0x00, 0x00, 0x00, 0x00, 0x00, 0x00, 0x00, 0x00, 0x00, 0x00, 0x00, 0x00, 0x00, 0x00, 0x00, 0x00, 0x00, 0x00, 0x00, 0x00, 0x00, 0x00, 0x00, 0x00, 0x00, 0x00, 0x00, 0x00, 0x00,
0x00, 0x00, 0x00, 0x00, 0x00, 0x00, 0x00, 0x00, 0x00, 0x00, 0x00, 0x00, 0x00, 0x00, 0x00, 0x00, 0x00, 0x00, 0x00, 0x00, 0x00, 0x00, 0x00, 0x00, 0x00, 0x00, 0x00,  // Code for char g

0x0E, 0x00, 0x00, 0x00, 0x00, 0xFE, 0xFF, 0x3F, 0x00, 0xFE, 0xFF, 0x3F, 0x00, 0xFE, 0xFF, 0x3F, 0x00, 0x00, 0x06, 0x00, 0x00, 0x00, 0x03, 0x00, 0x00, 0x80, 0x01, 0x00,
0x00, 0x80, 0x01, 0x00, 0x00, 0x80, 0x01, 0x00, 0x00, 0x80, 0x01, 0x00, 0x00, 0x80, 0x03, 0x00, 0x00, 0x00, 0xFF, 0x3F, 0x00, 0x00, 0xFF, 0x3F, 0x00, 0x00, 0xFE, 0x3F, 0x00,
0x00, 0x00, 0x00, 0x00, 0x00, 0x00, 0x00, 0x00, 0x00, 0x00, 0x00, 0x00, 0x00, 0x00, 0x00, 0x00, 0x00, 0x00, 0x00, 0x00, 0x00, 0x00, 0x00, 0x00, 0x00, 0x00, 0x00, 0x00, 0x00,
0x00, 0x00, 0x00, 0x00, 0x00, 0x00, 0x00, 0x00, 0x00, 0x00, 0x00, 0x00, 0x00, 0x00, 0x00, 0x00, 0x00, 0x00, 0x00, 0x00, 0x00, 0x00, 0x00, 0x00, 0x00, 0x00, 0x00,  // Code for char h

0x04, 0x00, 0x00, 0x00, 0x00, 0x8E, 0xFF, 0x3F, 0x00, 0x8E, 0xFF, 0x3F, 0x00, 0x8E, 0xFF, 0x3F, 0x00, 0x00, 0x00, 0x00, 0x00, 0x00, 0x00, 0x00, 0x00, 0x00, 0x00, 0x00,
0x00, 0x00, 0x00, 0x00, 0x00, 0x00, 0x00, 0x00, 0x00, 0x00, 0x00, 0x00, 0x00, 0x00, 0x00, 0x00, 0x00, 0x00, 0x00, 0x00, 0x00, 0x00, 0x00, 0x00, 0x00, 0x00, 0x00, 0x00, 0x00,
0x00, 0x00, 0x00, 0x00, 0x00, 0x00, 0x00, 0x00, 0x00, 0x00, 0x00, 0x00, 0x00, 0x00, 0x00, 0x00, 0x00, 0x00, 0x00, 0x00, 0x00, 0x00, 0x00, 0x00, 0x00, 0x00, 0x00, 0x00, 0x00,
0x00, 0x00, 0x00, 0x00, 0x00, 0x00, 0x00, 0x00, 0x00, 0x00, 0x00, 0x00, 0x00, 0x00, 0x00, 0x00, 0x00, 0x00, 0x00, 0x00, 0x00, 0x00, 0x00, 0x00, 0x00, 0x00, 0x00,  // Code for char i

0x04, 0x00, 0x00, 0x00, 0x0C, 0x8E, 0xFF, 0xFF, 0x0F, 0x8E, 0xFF, 0xFF, 0x07, 0x8E, 0xFF, 0xFF, 0x03, 0x00, 0x00, 0x00, 0x00, 0x00, 0x00, 0x00, 0x00, 0x00, 0x00, 0x00,
0x00, 0x00, 0x00, 0x00, 0x00, 0x00, 0x00, 0x00, 0x00, 0x00, 0x00, 0x00, 0x00, 0x00, 0x00, 0x00, 0x00, 0x00, 0x00, 0x00, 0x00, 0x00, 0x00, 0x00, 0x00, 0x00, 0x00, 0x00, 0x00,
0x00, 0x00, 0x00, 0x00, 0x00, 0x00, 0x00, 0x00, 0x00, 0x00, 0x00, 0x00, 0x00, 0x00, 0x00, 0x00, 0x00, 0x00, 0x00, 0x00, 0x00, 0x00, 0x00, 0x00, 0x00, 0x00, 0x00, 0x00, 0x00,
0x00, 0x00, 0x00, 0x00, 0x00, 0x00, 0x00, 0x00, 0x00, 0x00, 0x00, 0x00, 0x00, 0x00, 0x00, 0x00, 0x00, 0x00, 0x00, 0x00, 0x00, 0x00, 0x00, 0x00, 0x00, 0x00, 0x00,  // Code for char j

0x0F, 0x00, 0x00, 0x00, 0x00, 0xFE, 0xFF, 0x3F, 0x00, 0xFE, 0xFF, 0x3F, 0x00, 0xFE, 0xFF, 0x3F, 0x00, 0x00, 0xE0, 0x00, 0x00, 0x00, 0x70, 0x00, 0x00, 0x00, 0x78, 0x00,
0x00, 0x00, 0xFC, 0x00, 0x00, 0x00, 0xCE, 0x03, 0x00, 0x00, 0x8F, 0x07, 0x00, 0x00, 0x07, 0x0F, 0x00, 0x80, 0x03, 0x1E, 0x00, 0x80, 0x01, 0x38, 0x00, 0x80, 0x00, 0x30, 0x00,
0x00, 0x00, 0x20, 0x00, 0x00, 0x00, 0x00, 0x00, 0x00, 0x00, 0x00, 0x00, 0x00, 0x00, 0x00, 0x00, 0x00, 0x00, 0x00, 0x00, 0x00, 0x00, 0x00, 0x00, 0x00, 0x00, 0x00, 0x00, 0x00,
0x00, 0x00, 0x00, 0x00, 0x00, 0x00, 0x00, 0x00, 0x00, 0x00, 0x00, 0x00, 0x00, 0x00, 0x00, 0x00, 0x00, 0x00, 0x00, 0x00, 0x00, 0x00, 0x00, 0x00, 0x00, 0x00, 0x00,  // Code for char k

0x04, 0x00, 0x00, 0x00, 0x00, 0xFE, 0xFF, 0x3F, 0x00, 0xFE, 0xFF, 0x3F, 0x00, 0xFE, 0xFF, 0x3F, 0x00, 0x00, 0x00, 0x00, 0x00, 0x00, 0x00, 0x00, 0x00, 0x00, 0x00, 0x00,
0x00, 0x00, 0x00, 0x00, 0x00, 0x00, 0x00, 0x00, 0x00, 0x00, 0x00, 0x00, 0x00, 0x00, 0x00, 0x00, 0x00, 0x00, 0x00, 0x00, 0x00, 0x00, 0x00, 0x00, 0x00, 0x00, 0x00, 0x00, 0x00,
0x00, 0x00, 0x00, 0x00, 0x00, 0x00, 0x00, 0x00, 0x00, 0x00, 0x00, 0x00, 0x00, 0x00, 0x00, 0x00, 0x00, 0x00, 0x00, 0x00, 0x00, 0x00, 0x00, 0x00, 0x00, 0x00, 0x00, 0x00, 0x00,
0x00, 0x00, 0x00, 0x00, 0x00, 0x00, 0x00, 0x00, 0x00, 0x00, 0x00, 0x00, 0x00, 0x00, 0x00, 0x00, 0x00, 0x00, 0x00, 0x00, 0x00, 0x00, 0x00, 0x00, 0x00, 0x00, 0x00,  // Code for char l

0x16, 0x00, 0x00, 0x00, 0x00, 0x80, 0xFF, 0x3F, 0x00, 0x80, 0xFF, 0x3F, 0x00, 0x80, 0xFF, 0x3F, 0x00, 0x00, 0x06, 0x00, 0x00, 0x00, 0x03, 0x00, 0x00, 0x80, 0x01, 0x00,
0x00, 0x80, 0x01, 0x00, 0x00, 0x80, 0x01, 0x00, 0x00, 0x80, 0x03, 0x00, 0x00, 0x80, 0xFF, 0x3F, 0x00, 0x00, 0xFF, 0x3F, 0x00, 0x00, 0xFE, 0x3F, 0x00, 0x00, 0x06, 0x00, 0x00,
0x00, 0x03, 0x00, 0x00, 0x80, 0x01, 0x00, 0x00, 0x80, 0x01, 0x00, 0x00, 0x80, 0x01, 0x00, 0x00, 0x80, 0x03, 0x00, 0x00, 0x80, 0xFF, 0x3F, 0x00, 0x00, 0xFF, 0x3F, 0x00, 0x00,
0xFE, 0x3F, 0x00, 0x00, 0x00, 0x00, 0x00, 0x00, 0x00, 0x00, 0x00, 0x00, 0x00, 0x00, 0x00, 0x00, 0x00, 0x00, 0x00, 0x00, 0x00, 0x00, 0x00, 0x00, 0x00, 0x00, 0x00,  // Code for char m

0x0E, 0x00, 0x00, 0x00, 0x00, 0x80, 0xFF, 0x3F, 0x00, 0x80, 0xFF, 0x3F, 0x00, 0x80, 0xFF, 0x3F, 0x00, 0x00, 0x06, 0x00, 0x00, 0x00, 0x03, 0x00, 0x00, 0x80, 0x01, 0x00,
0x00, 0x80, 0x01, 0x00, 0x00, 0x80, 0x01, 0x00, 0x00, 0x80, 0x01, 0x00, 0x00, 0x80, 0x03, 0x00, 0x00, 0x00, 0xFF, 0x3F, 0x00, 0x00, 0xFF, 0x3F, 0x00, 0x00, 0xFE, 0x3F, 0x00,
0x00, 0x00, 0x00, 0x00, 0x00, 0x00, 0x00, 0x00, 0x00, 0x00, 0x00, 0x00, 0x00, 0x00, 0x00, 0x00, 0x00, 0x00, 0x00, 0x00, 0x00, 0x00, 0x00, 0x00, 0x00, 0x00, 0x00, 0x00, 0x00,
0x00, 0x00, 0x00, 0x00, 0x00, 0x00, 0x00, 0x00, 0x00, 0x00, 0x00, 0x00, 0x00, 0x00, 0x00, 0x00, 0x00, 0x00, 0x00, 0x00, 0x00, 0x00, 0x00, 0x00, 0x00, 0x00, 0x00,  // Code for char n

0x0E, 0x00, 0x00, 0x00, 0x00, 0x00, 0xF8, 0x03, 0x00, 0x00, 0xFE, 0x0F, 0x00, 0x00, 0xFF, 0x1F, 0x00, 0x00, 0x07, 0x1C, 0x00, 0x80, 0x03, 0x38, 0x00, 0x80, 0x01, 0x30,
0x00, 0x80, 0x01, 0x30, 0x00, 0x80, 0x01, 0x30, 0x00, 0x80, 0x03, 0x38, 0x00, 0x00, 0x07, 0x1C, 0x00, 0x00, 0xFF, 0x1F, 0x00, 0x00, 0xFE, 0x0F, 0x00, 0x00, 0xF8, 0x03, 0x00,
0x00, 0x00, 0x00, 0x00, 0x00, 0x00, 0x00, 0x00, 0x00, 0x00, 0x00, 0x00, 0x00, 0x00, 0x00, 0x00, 0x00, 0x00, 0x00, 0x00, 0x00, 0x00, 0x00, 0x00, 0x00, 0x00, 0x00, 0x00, 0x00,
0x00, 0x00, 0x00, 0x00, 0x00, 0x00, 0x00, 0x00, 0x00, 0x00, 0x00, 0x00, 0x00, 0x00, 0x00, 0x00, 0x00, 0x00, 0x00, 0x00, 0x00, 0x00, 0x00, 0x00, 0x00, 0x00, 0x00,  // Code for char o

0x0E, 0x00, 0x00, 0x00, 0x00, 0x80, 0xFF, 0xFF, 0x0F, 0x80, 0xFF, 0xFF, 0x0F, 0x80, 0xFF, 0xFF, 0x0F, 0x00, 0x0E, 0x1C, 0x00, 0x00, 0x03, 0x18, 0x00, 0x80, 0x01, 0x30,
0x00, 0x80, 0x01, 0x30, 0x00, 0x80, 0x01, 0x30, 0x00, 0x80, 0x03, 0x38, 0x00, 0x00, 0x07, 0x1C, 0x00, 0x00, 0xFF, 0x1F, 0x00, 0x00, 0xFE, 0x0F, 0x00, 0x00, 0xF8, 0x03, 0x00,
0x00, 0x00, 0x00, 0x00, 0x00, 0x00, 0x00, 0x00, 0x00, 0x00, 0x00, 0x00, 0x00, 0x00, 0x00, 0x00, 0x00, 0x00, 0x00, 0x00, 0x00, 0x00, 0x00, 0x00, 0x00, 0x00, 0x00, 0x00, 0x00,
0x00, 0x00, 0x00, 0x00, 0x00, 0x00, 0x00, 0x00, 0x00, 0x00, 0x00, 0x00, 0x00, 0x00, 0x00, 0x00, 0x00, 0x00, 0x00, 0x00, 0x00, 0x00, 0x00, 0x00, 0x00, 0x00, 0x00,  // Code for char p

0x0E, 0x00, 0x00, 0x00, 0x00, 0x00, 0xF8, 0x03, 0x00, 0x00, 0xFE, 0x0F, 0x00, 0x00, 0xFF, 0x1F, 0x00, 0x00, 0x07, 0x1C, 0x00, 0x80, 0x03, 0x38, 0x00, 0x80, 0x01, 0x30,
0x00, 0x80, 0x01, 0x30, 0x00, 0x80, 0x01, 0x30, 0x00, 0x00, 0x03, 0x18, 0x00, 0x00, 0x0E, 0x1C, 0x00, 0x80, 0xFF, 0xFF, 0x0F, 0x80, 0xFF, 0xFF, 0x0F, 0x80, 0xFF, 0xFF, 0x0F,
0x00, 0x00, 0x00, 0x00, 0x00, 0x00, 0x00, 0x00, 0x00, 0x00, 0x00, 0x00, 0x00, 0x00, 0x00, 0x00, 0x00, 0x00, 0x00, 0x00, 0x00, 0x00, 0x00, 0x00, 0x00, 0x00, 0x00, 0x00, 0x00,
0x00, 0x00, 0x00, 0x00, 0x00, 0x00, 0x00, 0x00, 0x00, 0x00, 0x00, 0x00, 0x00, 0x00, 0x00, 0x00, 0x00, 0x00, 0x00, 0x00, 0x00, 0x00, 0x00, 0x00, 0x00, 0x00, 0x00,  // Code for char q

0x0A, 0x00, 0x00, 0x00, 0x00, 0x80, 0xFF, 0x3F, 0x00, 0x80, 0xFF, 0x3F, 0x00, 0x80, 0xFF, 0x3F, 0x00, 0x00, 0x06, 0x00, 0x00, 0x00, 0x03, 0x00, 0x00, 0x80, 0x01, 0x00,
0x00, 0x80, 0x01, 0x00, 0x00, 0x80, 0x03, 0x00, 0x00, 0x00, 0x01, 0x00, 0x00, 0x00, 0x00, 0x00, 0x00, 0x00, 0x00, 0x00, 0x00, 0x00, 0x00, 0x00, 0x00, 0x00, 0x00, 0x00, 0x00,
0x00, 0x00, 0x00, 0x00, 0x00, 0x00, 0x00, 0x00, 0x00, 0x00, 0x00, 0x00, 0x00, 0x00, 0x00, 0x00, 0x00, 0x00, 0x00, 0x00, 0x00, 0x00, 0x00, 0x00, 0x00, 0x00, 0x00, 0x00, 0x00,
0x00, 0x00, 0x00, 0x00, 0x00, 0x00, 0x00, 0x00, 0x00, 0x00, 0x00, 0x00, 0x00, 0x00, 0x00, 0x00, 0x00, 0x00, 0x00, 0x00, 0x00, 0x00, 0x00, 0x00, 0x00, 0x00, 0x00,  // Code for char r

0x0D, 0x00, 0x00, 0x00, 0x00, 0x00, 0x1E, 0x06, 0x00, 0x00, 0x3F, 0x1E, 0x00, 0x00, 0x7F, 0x1E, 0x00, 0x80, 0x73, 0x38, 0x00, 0x80, 0xF1, 0x30, 0x00, 0x80, 0xE1, 0x30,
0x00, 0x80, 0xE1, 0x31, 0x00, 0x80, 0xC3, 0x31, 0x00, 0x00, 0xCF, 0x39, 0x00, 0x00, 0xCF, 0x1F, 0x00, 0x00, 0x8C, 0x1F, 0x00, 0x00, 0x00, 0x0F, 0x00, 0x00, 0x00, 0x00, 0x00,
0x00, 0x00, 0x00, 0x00, 0x00, 0x00, 0x00, 0x00, 0x00, 0x00, 0x00, 0x00, 0x00, 0x00, 0x00, 0x00, 0x00, 0x00, 0x00, 0x00, 0x00, 0x00, 0x00, 0x00, 0x00, 0x00, 0x00, 0x00, 0x00,
0x00, 0x00, 0x00, 0x00, 0x00, 0x00, 0x00, 0x00, 0x00, 0x00, 0x00, 0x00, 0x00, 0x00, 0x00, 0x00, 0x00, 0x00, 0x00, 0x00, 0x00, 0x00, 0x00, 0x00, 0x00, 0x00, 0x00,  // Code for char s

0x07, 0x80, 0x01, 0x00, 0x00, 0x80, 0x01, 0x00, 0x00, 0xF8, 0xFF, 0x1F, 0x00, 0xF8, 0xFF, 0x3F, 0x00, 0xFC, 0xFF, 0x3F, 0x00, 0x80, 0x01, 0x30, 0x00, 0x80, 0x01, 0x30,
0x00, 0x00, 0x00, 0x00, 0x00, 0x00, 0x00, 0x00, 0x00, 0x00, 0x00, 0x00, 0x00, 0x00, 0x00, 0x00, 0x00, 0x00, 0x00, 0x00, 0x00, 0x00, 0x00, 0x00, 0x00, 0x00, 0x00, 0x00, 0x00,
0x00, 0x00, 0x00, 0x00, 0x00, 0x00, 0x00, 0x00, 0x00, 0x00, 0x00, 0x00, 0x00, 0x00, 0x00, 0x00, 0x00, 0x00, 0x00, 0x00, 0x00, 0x00, 0x00, 0x00, 0x00, 0x00, 0x00, 0x00, 0x00,
0x00, 0x00, 0x00, 0x00, 0x00, 0x00, 0x00, 0x00, 0x00, 0x00, 0x00, 0x00, 0x00, 0x00, 0x00, 0x00, 0x00, 0x00, 0x00, 0x00, 0x00, 0x00, 0x00, 0x00, 0x00, 0x00, 0x00,  // Code for char t

0x0E, 0x00, 0x00, 0x00, 0x00, 0x80, 0xFF, 0x07, 0x00, 0x80, 0xFF, 0x1F, 0x00, 0x80, 0xFF, 0x1F, 0x00, 0x00, 0x00, 0x38, 0x00, 0x00, 0x00, 0x30, 0x00, 0x00, 0x00, 0x30,
0x00, 0x00, 0x00, 0x30, 0x00, 0x00, 0x00, 0x30, 0x00, 0x00, 0x00, 0x18, 0x00, 0x00, 0x00, 0x0C, 0x00, 0x80, 0xFF, 0x3F, 0x00, 0x80, 0xFF, 0x3F, 0x00, 0x80, 0xFF, 0x3F, 0x00,
0x00, 0x00, 0x00, 0x00, 0x00, 0x00, 0x00, 0x00, 0x00, 0x00, 0x00, 0x00, 0x00, 0x00, 0x00, 0x00, 0x00, 0x00, 0x00, 0x00, 0x00, 0x00, 0x00, 0x00, 0x00, 0x00, 0x00, 0x00, 0x00,
0x00, 0x00, 0x00, 0x00, 0x00, 0x00, 0x00, 0x00, 0x00, 0x00, 0x00, 0x00, 0x00, 0x00, 0x00, 0x00, 0x00, 0x00, 0x00, 0x00, 0x00, 0x00, 0x00, 0x00, 0x00, 0x00, 0x00,  // Code for char u

0x0F, 0x80, 0x00, 0x00, 0x00, 0x80, 0x07, 0x00, 0x00, 0x80, 0x3F, 0x00, 0x00, 0x00, 0xFF, 0x00, 0x00, 0x00, 0xF8, 0x07, 0x00, 0x00, 0xE0, 0x3F, 0x00, 0x00, 0x00, 0x3F,
0x00, 0x00, 0x00, 0x38, 0x00, 0x00, 0x00, 0x3F, 0x00, 0x00, 0xC0, 0x3F, 0x00, 0x00, 0xF8, 0x07, 0x00, 0x00, 0xFF, 0x00, 0x00, 0x80, 0x3F, 0x00, 0x00, 0x80, 0x07, 0x00, 0x00,
0x80, 0x00, 0x00, 0x00, 0x00, 0x00, 0x00, 0x00, 0x00, 0x00, 0x00, 0x00, 0x00, 0x00, 0x00, 0x00, 0x00, 0x00, 0x00, 0x00, 0x00, 0x00, 0x00, 0x00, 0x00, 0x00, 0x00, 0x00, 0x00,
0x00, 0x00, 0x00, 0x00, 0x00, 0x00, 0x00, 0x00, 0x00, 0x00, 0x00, 0x00, 0x00, 0x00, 0x00, 0x00, 0x00, 0x00, 0x00, 0x00, 0x00, 0x00, 0x00, 0x00, 0x00, 0x00, 0x00,  // Code for char v

0x14, 0x00, 0x00, 0x00, 0x00, 0x80, 0x03, 0x00, 0x00, 0x80, 0x7F, 0x00, 0x00, 0x80, 0xFF, 0x07, 0x00, 0x00, 0xFC, 0x3F, 0x00, 0x00, 0x80, 0x3F, 0x00, 0x00, 0x00, 0x38,
0x00, 0x00, 0xC0, 0x3F, 0x00, 0x00, 0xFC, 0x07, 0x00, 0x80, 0x7F, 0x00, 0x00, 0x80, 0x03, 0x00, 0x00, 0x80, 0x7F, 0x00, 0x00, 0x00, 0xFC, 0x07, 0x00, 0x00, 0xC0, 0x3F, 0x00,
0x00, 0x00, 0x38, 0x00, 0x00, 0xC0, 0x3F, 0x00, 0x00, 0xFC, 0x3F, 0x00, 0x80, 0xFF, 0x07, 0x00, 0x80, 0x3F, 0x00, 0x00, 0x80, 0x03, 0x00, 0x00, 0x00, 0x00, 0x00, 0x00, 0x00,
0x00, 0x00, 0x00, 0x00, 0x00, 0x00, 0x00, 0x00, 0x00, 0x00, 0x00, 0x00, 0x00, 0x00, 0x00, 0x00, 0x00, 0x00, 0x00, 0x00, 0x00, 0x00, 0x00, 0x00, 0x00, 0x00, 0x00,  // Code for char w

0x0E, 0x80, 0x00, 0x20, 0x00, 0x80, 0x01, 0x30, 0x00, 0x80, 0x03, 0x38, 0x00, 0x00, 0x0F, 0x1E, 0x00, 0x00, 0x1E, 0x0F, 0x00, 0x00, 0xFC, 0x07, 0x00, 0x00, 0xF0, 0x01,
0x00, 0x00, 0xF0, 0x01, 0x00, 0x00, 0xFC, 0x07, 0x00, 0x00, 0x1E, 0x0F, 0x00, 0x00, 0x0F, 0x1E, 0x00, 0x80, 0x03, 0x38, 0x00, 0x80, 0x01, 0x30, 0x00, 0x80, 0x00, 0x20, 0x00,
0x00, 0x00, 0x00, 0x00, 0x00, 0x00, 0x00, 0x00, 0x00, 0x00, 0x00, 0x00, 0x00, 0x00, 0x00, 0x00, 0x00, 0x00, 0x00, 0x00, 0x00, 0x00, 0x00, 0x00, 0x00, 0x00, 0x00, 0x00, 0x00,
0x00, 0x00, 0x00, 0x00, 0x00, 0x00, 0x00, 0x00, 0x00, 0x00, 0x00, 0x00, 0x00, 0x00, 0x00, 0x00, 0x00, 0x00, 0x00, 0x00, 0x00, 0x00, 0x00, 0x00, 0x00, 0x00, 0x00,  // Code for char x

0x0F, 0x80, 0x01, 0x00, 0x00, 0x80, 0x07, 0x00, 0x0C, 0x80, 0x1F, 0x00, 0x0C, 0x00, 0xFE, 0x00, 0x0C, 0x00, 0xF8, 0x03, 0x0E, 0x00, 0xE0, 0x8F, 0x07, 0x00, 0x80, 0xFF,
0x03, 0x00, 0x00, 0xFC, 0x01, 0x00, 0x00, 0x7F, 0x00, 0x00, 0xE0, 0x0F, 0x00, 0x00, 0xF8, 0x03, 0x00, 0x00, 0x7F, 0x00, 0x00, 0x80, 0x1F, 0x00, 0x00, 0x80, 0x07, 0x00, 0x00,
0x80, 0x00, 0x00, 0x00, 0x00, 0x00, 0x00, 0x00, 0x00, 0x00, 0x00, 0x00, 0x00, 0x00, 0x00, 0x00, 0x00, 0x00, 0x00, 0x00, 0x00, 0x00, 0x00, 0x00, 0x00, 0x00, 0x00, 0x00, 0x00,
0x00, 0x00, 0x00, 0x00, 0x00, 0x00, 0x00, 0x00, 0x00, 0x00, 0x00, 0x00, 0x00, 0x00, 0x00, 0x00, 0x00, 0x00, 0x00, 0x00, 0x00, 0x00, 0x00, 0x00, 0x00, 0x00, 0x00,  // Code for char y

0x0E, 0x00, 0x00, 0x00, 0x00, 0x00, 0x00, 0x30, 0x00, 0x80, 0x01, 0x3C, 0x00, 0x80, 0x01, 0x3E, 0x00, 0x80, 0x01, 0x3F, 0x00, 0x80, 0x81, 0x33, 0x00, 0x80, 0xC1, 0x31,
0x00, 0x80, 0xE1, 0x30, 0x00, 0x80, 0x79, 0x30, 0x00, 0x80, 0x3D, 0x30, 0x00, 0x80, 0x1F, 0x30, 0x00, 0x80, 0x07, 0x30, 0x00, 0x80, 0x03, 0x30, 0x00, 0x80, 0x01, 0x30, 0x00,
0x00, 0x00, 0x00, 0x00, 0x00, 0x00, 0x00, 0x00, 0x00, 0x00, 0x00, 0x00, 0x00, 0x00, 0x00, 0x00, 0x00, 0x00, 0x00, 0x00, 0x00, 0x00, 0x00, 0x00, 0x00, 0x00, 0x00, 0x00, 0x00,
0x00, 0x00, 0x00, 0x00, 0x00, 0x00, 0x00, 0x00, 0x00, 0x00, 0x00, 0x00, 0x00, 0x00, 0x00, 0x00, 0x00, 0x00, 0x00, 0x00, 0x00, 0x00, 0x00, 0x00, 0x00, 0x00, 0x00,  // Code for char z

0x14, 0x00, 0x00, 0x00, 0x00, 0x00, 0x00, 0x00, 0x00, 0x00, 0x00, 0x00, 0x00, 0x00, 0x00, 0x00, 0x00, 0x00, 0x00, 0x00, 0x00, 0x00, 0x00, 0x00, 0x00, 0x00, 0x00, 0x00,
0x00, 0x00, 0x00, 0x00, 0x00, 0x00, 0x00, 0x00, 0x00, 0x00, 0x00, 0x00, 0x00, 0x00, 0x00, 0x00, 0x00, 0x00, 0x00, 0x00, 0x00, 0x00, 0x00, 0x00, 0x00, 0x00, 0x60, 0x00, 0x00,
0x00, 0xF8, 0x00, 0x00, 0xF0, 0x9F, 0xFF, 0x00, 0xF8, 0x07, 0xFE, 0x01, 0x0C, 0x00, 0x00, 0x03, 0x06, 0x00, 0x00, 0x06, 0x02, 0x00, 0x00, 0x04, 0x00, 0x00, 0x00, 0x00, 0x00,
0x00, 0x00, 0x00, 0x00, 0x00, 0x00, 0x00, 0x00, 0x00, 0x00, 0x00, 0x00, 0x00, 0x00, 0x00, 0x00, 0x00, 0x00, 0x00, 0x00, 0x00, 0x00, 0x00, 0x00, 0x00, 0x00, 0x00,  // Code for char {

0x05, 0x00, 0x00, 0x00, 0x00, 0x00, 0x00, 0x00, 0x00, 0x00, 0x00, 0x00, 0x00, 0xFE, 0xFF, 0xFF, 0x0F, 0xFE, 0xFF, 0xFF, 0x0F, 0x00, 0x00, 0x00, 0x00, 0x00, 0x00, 0x00,
0x00, 0x00, 0x00, 0x00, 0x00, 0x00, 0x00, 0x00, 0x00, 0x00, 0x00, 0x00, 0x00, 0x00, 0x00, 0x00, 0x00, 0x00, 0x00, 0x00, 0x00, 0x00, 0x00, 0x00, 0x00, 0x00, 0x00, 0x00, 0x00,
0x00, 0x00, 0x00, 0x00, 0x00, 0x00, 0x00, 0x00, 0x00, 0x00, 0x00, 0x00, 0x00, 0x00, 0x00, 0x00, 0x00, 0x00, 0x00, 0x00, 0x00, 0x00, 0x00, 0x00, 0x00, 0x00, 0x00, 0x00, 0x00,
0x00, 0x00, 0x00, 0x00, 0x00, 0x00, 0x00, 0x00, 0x00, 0x00, 0x00, 0x00, 0x00, 0x00, 0x00, 0x00, 0x00, 0x00, 0x00, 0x00, 0x00, 0x00, 0x00, 0x00, 0x00, 0x00, 0x00,  // Code for char |

0x05, 0x0C, 0x00, 0x00, 0x03, 0xF8, 0x0F, 0xFE, 0x01, 0xF0, 0x9F, 0xFF, 0x00, 0x00, 0xF8, 0x00, 0x00, 0x00, 0x60, 0x00, 0x00, 0x00, 0x00, 0x00, 0x00, 0x00, 0x00, 0x00,
0x00, 0x00, 0x00, 0x00, 0x00, 0x00, 0x00, 0x00, 0x00, 0x00, 0x00, 0x00, 0x00, 0x00, 0x00, 0x00, 0x00, 0x00, 0x00, 0x00, 0x00, 0x00, 0x00, 0x00, 0x00, 0x00, 0x00, 0x00, 0x00,
0x00, 0x00, 0x00, 0x00, 0x00, 0x00, 0x00, 0x00, 0x00, 0x00, 0x00, 0x00, 0x00, 0x00, 0x00, 0x00, 0x00, 0x00, 0x00, 0x00, 0x00, 0x00, 0x00, 0x00, 0x00, 0x00, 0x00, 0x00, 0x00,
0x00, 0x00, 0x00, 0x00, 0x00, 0x00, 0x00, 0x00, 0x00, 0x00, 0x00, 0x00, 0x00, 0x00, 0x00, 0x00, 0x00, 0x00, 0x00, 0x00, 0x00, 0x00, 0x00, 0x00, 0x00, 0x00, 0x00,  // Code for char }

0x0F, 0x00, 0x00, 0x00, 0x00, 0x00, 0x38, 0x00, 0x00, 0x00, 0x1C, 0x00, 0x00, 0x00, 0x1C, 0x00, 0x00, 0x00, 0x1C, 0x00, 0x00, 0x00, 0x1C, 0x00, 0x00, 0x00, 0x1C, 0x00,
0x00, 0x00, 0x1C, 0x00, 0x00, 0x00, 0x38, 0x00, 0x00, 0x00, 0x38, 0x00, 0x00, 0x00, 0x38, 0x00, 0x00, 0x00, 0x38, 0x00, 0x00, 0x00, 0x38, 0x00, 0x00, 0x00, 0x38, 0x00, 0x00,
0x00, 0x1C, 0x00, 0x00, 0x00, 0x00, 0x00, 0x00, 0x00, 0x00, 0x00, 0x00, 0x00, 0x00, 0x00, 0x00, 0x00, 0x00, 0x00, 0x00, 0x00, 0x00, 0x00, 0x00, 0x00, 0x00, 0x00, 0x00, 0x00,
0x00, 0x00, 0x00, 0x00, 0x00, 0x00, 0x00, 0x00, 0x00, 0x00, 0x00, 0x00, 0x00, 0x00, 0x00, 0x00, 0x00, 0x00, 0x00, 0x00, 0x00, 0x00, 0x00, 0x00, 0x00, 0x00, 0x00,  // Code for char ~

0x01, 0x00, 0x00, 0x00, 0x00, 0x00, 0x00, 0x00, 0x00, 0x00, 0x00, 0x00, 0x00, 0x00, 0x00, 0x00, 0x00, 0x00, 0x00, 0x00, 0x00, 0x00, 0x00, 0x00, 0x00, 0x00, 0x00, 0x00,
0x00, 0x00, 0x00, 0x00, 0x00, 0x00, 0x00, 0x00, 0x00, 0x00, 0x00, 0x00, 0x00, 0x00, 0x00, 0x00, 0x00, 0x00, 0x00, 0x00, 0x00, 0x00, 0x00, 0x00, 0x00, 0x00, 0x00, 0x00, 0x00,
0x00, 0x00, 0x00, 0x00, 0x00, 0x00, 0x00, 0x00, 0x00, 0x00, 0x00, 0x00, 0x00, 0x00, 0x00, 0x00, 0x00, 0x00, 0x00, 0x00, 0x00, 0x00, 0x00, 0x00, 0x00, 0x00, 0x00, 0x00, 0x00,
0x00, 0x00, 0x00, 0x00, 0x00, 0x00, 0x00, 0x00, 0x00, 0x00, 0x00, 0x00, 0x00, 0x00, 0x00, 0x00, 0x00, 0x00, 0x00, 0x00, 0x00, 0x00, 0x00, 0x00, 0x00, 0x00, 0x00   // Code for char };

};








